Simple GEMM Result
5581 4674 5544 5770 5001 5294 5162 5602 5504 5275 5390 5046 5295 5165 5721 5455 5223 5142 5575 5196 5183 5053 5292 4907 5806 5453 5460 4900 5114 5240 5542 5035 5403 5501 5004 4807 5068 5332 5229 4741 5621 5042 5535 5218 5258 5201 5665 5534 5397 5441 4821 5376 5313 5471 5193 5623 4943 4996 5014 5719 5548 5455 5527 5869 5130 5353 5550 4974 5360 5268 5305 5413 5520 5311 5204 5278 5334 5603 5219 5481 5275 5472 5095 5290 5326 5316 5366 5155 5267 5252 5334 5012 5625 5631 5418 5539 5232 5080 5345 5524 5329 5577 5108 5078 5390 5419 5258 5248 5131 5472 5096 5705 5261 5612 5009 5353 4972 5079 5244 5794 5359 5713 5154 5109 5521 5173 5116 5231 5279 5363 4860 5545 5376 5336 5415 4921 5266 5671 5048 5686 5395 5589 5065 5426 5505 4935 5492 5073 5633 5231 4992 5301 5420 5536 5404 5321 5249 5046 4981 5324 5508 5461 5043 5386 5351 5366 5489 4741 5421 5157 5641 5370 5179 5099 5737 5356 5165 5533 5143 5611 5244 4801 5284 5366 5471 5794 5003 5347 5625 5032 4709 5170 5475 5208 4870 5736 4923 5493 5046 5312 5380 5368 5244 4896 5420 5234 5117 4907 5819 5022 5345 5383 5308 4993 5218 5086 5375 4817 5951 5381 5511 5296 5661 5327 5356 5807 5610 5589 5894 5516 5520 5608 5578 5344 6023 5033 5424 5064 5422 5549 5179 5249 5231 5619 5222 5395 5186 5230 5174 5705 
5272 4671 5565 5319 4981 5428 4949 5433 5330 5304 5167 4893 5330 5269 5414 5297 5046 5365 5460 5135 5139 5332 5048 4549 5579 5541 5259 5065 5291 5248 5175 4723 5574 5410 5154 4910 4908 5469 5263 4684 5226 5128 5414 5101 4975 5153 5598 5297 5219 5187 4807 5317 5143 5338 4904 5344 5011 4988 4944 5465 5218 5501 5361 5402 5313 5402 5225 5277 5442 5074 5379 5647 5241 5295 5276 5041 5041 5519 4890 5165 5266 5323 5155 5005 5200 5337 5428 4905 5031 5275 5246 5291 5339 5300 5319 5282 5396 5029 4914 5284 5209 5004 4810 4744 5102 5361 5153 5201 5009 5492 5261 5523 5222 5472 5313 5188 4932 5042 4872 5473 4995 5409 5283 5085 5000 5101 5400 4894 4977 5268 4927 5331 5181 5234 5348 5121 4891 5175 5080 5593 5335 5485 4966 5181 5048 5092 5215 5063 5445 4976 4921 5327 5232 5268 5396 5348 5114 5333 5139 5396 5442 5645 5370 5109 5127 5037 5353 4482 5312 4944 5420 5000 5199 5042 5407 5243 5478 5334 5000 5629 5096 5107 5262 5534 5543 5346 4855 4871 5252 5362 4799 5150 5201 5006 5150 5175 4754 5314 5013 5475 5384 5268 4892 5189 5183 5329 5204 4718 5617 4660 5114 5420 5216 4963 4911 5196 5198 4756 5529 5587 5267 5356 5193 5133 5139 5560 5013 5188 5620 5464 5529 5646 5476 5265 5809 4646 5238 5297 5444 5128 4974 5082 5383 5402 5212 5447 4923 4861 5238 5582 
5261 4434 5575 4996 4996 5366 4875 5101 5384 5295 5187 4885 5254 4838 5185 5004 4831 5329 5305 4834 4824 5196 5094 4741 5426 5211 5317 4685 5241 5078 5314 4711 5316 5291 4966 4403 4433 5108 5243 4681 5099 4872 5162 5059 4931 5132 5493 5401 5076 5149 4727 5255 5110 5282 4901 5496 4963 4831 5040 5286 5344 5318 5220 5245 5089 5232 5462 4705 4945 5077 5204 5247 5532 5258 5199 5054 4979 5564 4653 5256 4949 5436 4970 4993 5124 4963 4958 4854 4901 5068 5243 4837 5417 5207 5255 5111 4913 4980 5056 5432 4978 5263 4575 5084 5133 5025 5112 5072 4940 5151 4849 5467 4963 5485 5017 5096 4612 4978 4749 5521 5079 5388 5026 5071 5329 5077 5268 4657 5082 5127 4744 5543 5295 5178 5180 5021 4997 5137 4658 5506 5079 5120 4898 4974 5095 4750 5088 4878 5239 4812 4897 4991 4824 5134 5251 5033 4895 5057 5012 4906 5069 5430 4838 5340 5023 5460 5331 4375 5140 5161 4921 4905 5090 5018 5297 5254 4952 5070 4998 5805 4899 4829 5423 5039 5218 5171 4864 4832 5203 5284 4755 4970 5084 4983 4922 5193 4938 5228 4814 5077 5192 5310 4914 4985 5020 5090 4918 4931 5457 4752 5059 5040 5152 4575 5146 4941 5102 4718 5590 5099 5257 5243 5413 4979 5021 5336 4976 5193 5878 5081 5310 5280 5229 5073 5687 4736 4962 4924 5141 5094 4789 4839 5162 5126 5179 5056 4846 4993 5090 5692 
5461 4471 5555 5217 5017 5382 4929 5217 5089 5249 5063 5067 5061 4797 5188 5259 4847 5121 5406 5149 5032 4916 4954 4602 5293 5289 5335 4923 5203 5343 5227 4804 5298 5280 4867 4743 4667 5441 5148 4526 5185 4886 5221 4816 5120 4818 5201 5374 4995 5305 4809 5118 5012 4985 5133 5548 4878 4858 5141 5088 5348 5256 5175 5516 5009 5346 5117 4735 5166 5106 5188 5241 5258 5323 5058 4920 5184 5342 4910 5287 5092 5051 4793 4888 4866 5315 4982 4866 5264 5009 5300 4633 5228 5283 5186 5208 5279 4834 5012 5324 5353 5265 4908 4821 5068 5282 4964 5166 5028 5481 4833 5348 5040 5454 5010 5050 4764 4885 4912 5201 5067 5602 4853 5012 4950 5052 4954 4628 4848 5041 4677 5207 5187 5223 5425 4823 5158 5553 4625 5366 5063 5110 5007 5000 5012 4977 5296 5004 5692 4951 4715 5263 5103 5301 5206 5271 5037 5081 4915 5189 5236 5399 5006 5441 5021 5273 5368 4749 5058 5169 5172 4816 5217 4731 5483 5325 5174 5166 4659 5620 5146 4880 5206 4946 5314 5430 4876 5185 5266 5090 4611 4906 5123 5094 4986 5218 4795 5210 4690 5255 5312 5242 4972 4880 4889 5176 5064 4619 5327 4796 5249 5093 5124 4941 5000 5122 5339 4746 5560 5300 5211 5032 5036 4943 4866 5270 4915 5321 5598 5254 5487 5345 5634 5238 5737 5085 5226 5226 5099 4971 4814 4943 5141 5131 4998 5068 4925 4668 4892 5581 
4855 4441 5171 4902 4769 4650 4629 4889 5109 4883 4989 4700 5183 4642 4902 4680 4903 4703 5157 4743 4813 4553 4706 4334 4913 5084 4642 4599 4778 4879 4793 4563 4914 5136 4427 4289 4742 5020 4798 4356 4926 4598 4899 4845 4764 4876 5055 5240 4768 4868 4506 4998 4973 4914 4494 5248 4540 4733 4733 5069 4754 4807 4855 4993 4692 4731 4917 4451 4875 4637 5101 5180 4947 5051 4708 4777 4815 5397 4552 5122 4836 4828 4704 4876 4482 4853 4783 4820 4776 4767 5003 4763 5294 4959 4674 5138 4915 4383 4665 5118 4570 4938 4843 4552 4843 5097 4648 4981 4629 5144 4564 5341 4794 4988 4809 4881 4448 4568 4416 5193 4723 5182 4583 4546 4575 4913 4989 4298 4790 4595 4364 5110 4918 5050 4733 4429 4613 5003 4723 5082 5054 5106 4564 4991 4922 4842 4956 4600 4987 4425 4829 4741 4723 4944 4915 4825 4807 4509 4939 5379 5158 4822 5019 4859 5004 4770 4859 4552 4828 4794 4810 4772 4765 4760 4837 4518 4973 4835 4698 5329 4721 4598 4990 4939 5253 4950 4481 5033 5052 4771 4421 4873 4638 4528 4663 4983 4579 4706 4254 4931 5045 4809 4607 4716 4928 4956 4758 4452 5040 4840 4837 4737 4644 4617 4503 4919 4793 4303 5083 4734 4880 4805 5197 5040 4865 5168 4748 5058 5187 5081 4979 5234 5045 4871 5563 4615 4862 4684 5080 4552 4447 4518 4891 5040 4772 4671 4690 4246 4605 5435 
4961 4272 4868 4933 4616 5055 4668 4859 4998 4903 5035 4593 4962 4686 4928 4923 4671 5091 5225 4920 4739 5061 4923 4472 5155 5044 5034 4371 4982 4949 4878 4441 5018 4907 4482 4365 4741 5092 4924 4396 4919 4868 4925 4528 4982 5006 5048 5162 4622 4904 4380 4888 4898 4749 4684 4996 4373 4885 4699 5018 5113 4958 4904 5039 4544 5148 5115 4558 4873 4750 4874 4833 4786 4857 4854 4826 4778 5045 4475 5024 4656 4746 4705 4824 4808 5081 4919 4789 4747 4653 4973 4477 5002 5169 4827 5058 4900 4677 4745 5033 4879 5017 4640 4498 4607 5085 4916 4761 4597 4935 4660 4968 4872 5136 4934 4812 4636 4740 4557 4746 4968 5210 4648 4564 4770 4582 5050 4508 4862 4932 4528 4966 4745 5040 4752 4506 4819 5025 4542 5398 5170 5099 4624 4833 4908 4769 5097 4580 5076 4795 4599 4918 4855 4846 4824 4804 4827 4979 4615 5163 4886 5145 4846 5212 4840 4921 4804 4458 4974 4813 5047 4678 4714 4716 4989 4907 4781 4983 4707 5226 4800 4878 4947 4862 5021 5238 4863 5031 5005 4499 4355 4540 4832 4741 4549 4933 4485 4701 4624 4836 4815 4979 4523 4517 4693 4757 4692 4623 5257 4636 4802 4843 4706 4616 4587 4835 5012 4360 5369 5218 4932 5153 5119 4794 4800 5163 4573 4823 5188 5031 5156 4879 5025 4719 5388 4660 4818 5024 4859 4666 4789 4597 4872 5096 4678 4791 4455 4630 4542 5360 
5182 4225 5141 5094 4814 5196 4649 5234 4984 5073 5095 4788 5257 4754 5612 5279 4789 4877 5480 4943 5053 5101 5190 4425 5334 5368 5164 4980 5012 5106 4909 4702 5157 5107 4747 4438 4862 5209 5120 4429 5244 5058 5290 4943 4952 5247 5103 5228 4960 5104 4373 5281 4981 5338 4513 5372 4812 4729 4756 5334 5071 5323 5111 5419 5049 4991 5140 4899 4819 4981 5023 5356 5260 5189 4981 5145 4988 5476 4746 5470 4953 4928 4877 5206 4895 4534 5060 4923 4983 4878 5167 4813 5317 5425 5242 5245 5194 5251 4860 5221 4901 5173 5026 4699 5197 5107 5030 4957 4963 5256 4822 5121 4981 4910 5042 5096 4653 4883 4704 5375 4979 5378 4672 4909 4973 4829 5345 4687 4904 4863 4916 5159 4608 5133 5056 4890 4726 5183 4908 5455 5125 5069 4568 5078 4998 4887 5051 4727 5195 4924 4851 5112 4976 5229 5026 5204 5012 5056 4685 5319 5389 5322 4930 5141 4834 5179 5180 4372 5100 5092 4924 4965 4994 4767 5111 5009 4963 5166 4939 5397 4915 4798 4904 5309 5306 5313 4787 5064 5140 4884 4457 4819 5125 4721 4953 5276 4843 4869 5035 4975 5086 5231 4800 4778 5023 4993 5037 4950 5538 4796 5091 5156 5255 4800 4789 5156 5213 4681 5274 5283 5160 4953 5575 4876 4998 5350 5179 4980 5619 5195 5398 5303 5312 5102 5510 4754 5037 4832 5162 4809 4870 4838 5088 5252 4974 4887 4574 4655 4830 5519 
4718 4197 4698 4375 4478 4861 4300 4750 4654 4647 4642 4487 4848 4466 4751 4775 4531 4650 5179 4307 4724 4463 4699 4146 5075 4790 4598 4570 4588 4701 4840 4378 4482 4830 4541 4383 4328 4845 4817 4033 4717 4598 4637 4115 4410 4483 4884 4860 4629 4906 4230 4521 4784 4766 4583 5010 4479 4406 4468 4723 4875 4687 4824 5049 4835 4708 4951 4358 4748 4572 4671 4732 4828 4737 4950 4701 4339 4921 4292 4934 4327 4777 4527 4812 4762 4614 4772 4590 4774 4734 4722 4538 4708 4818 4867 4492 4387 4460 4675 4719 4569 4722 4257 4456 4794 4712 4528 4704 4436 4703 4418 4800 4745 4722 4426 4595 4157 4493 4513 4955 4409 4943 4432 4627 4474 4571 4734 4323 4698 4813 4425 4730 4526 4552 4960 4628 4602 4747 4638 4874 4733 4755 4317 4477 4568 4655 4691 4516 5083 4420 4368 4859 4696 4638 4861 4799 4439 4482 4387 4940 4908 5057 4809 4586 4530 4633 4869 4260 4784 4640 4606 4613 4426 4195 4800 4877 4662 4865 4362 4988 4892 4402 4704 4624 4764 5141 4397 4726 4627 4722 4044 4210 4735 4492 4496 4769 4260 4689 4330 4881 4702 4773 4257 4516 4569 4688 4598 4449 4970 4273 4764 4468 4827 4394 4697 4763 4743 4563 5123 4869 4771 4631 4630 4631 4539 5123 4477 4716 5157 4759 4882 4982 5093 4593 5036 4544 4854 4676 4841 4671 4440 4434 4875 4768 4829 4778 4295 4312 4786 4989 
5133 4265 5097 5249 4773 5103 4910 5309 5380 5192 5047 4958 5116 5025 5227 5209 5031 5152 5639 4944 4931 5195 5139 4728 5543 5129 5393 4895 5273 5051 4936 4708 5275 5376 4707 4811 4835 5137 5204 4273 5287 4919 5386 4913 4995 5239 5378 5221 5078 5128 4468 5098 4885 5268 4891 5491 4498 4969 4649 5350 5252 5344 5346 5385 5230 5248 5559 4802 4970 4845 5264 5121 5137 5449 4956 5060 4793 5249 4945 5340 4998 4979 4824 5008 4910 5048 5038 5168 5185 5110 5237 4985 5321 5126 5111 5282 5166 5042 5058 5326 4936 5181 4706 4729 5016 5203 5262 4949 4956 5023 4690 5202 5161 5234 4932 5101 4475 4940 4827 5462 4939 5306 5043 5074 4935 5226 5106 4821 4958 4984 4965 5528 5186 5234 5136 4904 4892 5222 4822 5462 5161 5224 5122 5006 5124 4981 5156 5019 5177 5013 4923 5192 4889 5121 5112 5432 5163 5015 4732 5148 5292 5593 5127 5338 4930 5231 5322 4558 5313 5016 5137 4846 4989 4996 5335 5166 5047 5129 4759 5657 5019 4799 5244 5349 5235 5404 4957 4988 5208 5031 4638 5007 5139 5077 5028 5235 4838 5029 4712 4989 5305 5225 4728 4736 4865 5195 4856 4965 5584 4750 5079 5162 5148 4732 4981 5141 4978 4734 5621 5058 5255 4886 5425 5091 4742 5316 5063 5110 5413 5132 5398 5153 5327 4798 5714 4709 4993 4848 4892 4973 4825 4691 5155 5194 5234 4912 4719 4912 4949 5721 
5286 4545 5430 5116 4860 5069 4941 5158 5202 5050 5105 4707 5026 5024 5179 5119 4626 5258 5309 4956 4967 4782 4858 4586 5077 5091 4945 4653 5035 4891 5073 4840 5346 5097 4864 4438 4777 5051 5022 4303 4966 4687 5195 4817 4848 5001 5241 5315 5287 4907 4672 4913 5139 5205 4776 5159 4680 4628 4782 5199 5193 5256 5339 5045 4953 5203 5173 4569 5046 5080 5042 5174 5156 5205 4949 4764 4874 5328 4550 5285 4861 5077 4847 5000 4857 4804 4952 4842 5019 5139 5209 4980 5340 5040 4916 4973 5047 4861 4916 5143 4717 5061 4596 4812 4807 5237 4943 4928 4703 5366 4486 5205 5021 5184 4805 4949 4510 4764 4650 5109 4833 5248 4745 4907 4734 4965 5166 4816 4889 4871 4503 5283 5197 5188 4995 4762 4687 5094 4630 5327 4784 5291 4523 4825 5028 4678 5028 4714 5128 4522 4572 4850 4890 4929 5170 5151 4765 4746 5026 5351 5326 5226 5129 5003 5105 5316 5065 4356 5091 5021 4997 4634 5090 4633 5002 4874 4931 4931 4911 5408 4813 5087 5002 5117 5188 5296 4448 4874 5124 4925 4687 4869 4847 4731 4730 5195 4686 5089 4655 5147 5058 5199 4812 4868 4978 5208 4959 4711 5462 4523 4832 4636 4782 4732 4906 4925 4797 4561 5274 4876 5008 4822 5278 4767 4913 5051 4980 5444 5318 5113 5133 5046 5324 4797 5722 4506 4957 4748 5060 4834 4820 4515 5022 5216 4751 5040 4888 4842 4897 5575 
4955 4432 5219 4970 4858 5077 4795 5138 5056 4925 5053 4844 5115 4875 5244 4867 4708 5061 5478 4822 4859 5028 4975 4486 5419 5210 4928 4960 4852 4830 4804 4747 5039 5160 4869 4610 4680 4935 5176 4371 4673 5106 5048 4678 4914 5081 5052 5375 4665 5110 4664 5078 4949 5019 4829 5251 4905 4816 5006 4945 4927 5099 5075 4938 4813 5004 5198 4868 5121 4638 4913 4936 5133 4962 5288 4727 4716 5368 4722 5272 4813 5015 4796 4915 4883 4807 5016 4960 4883 5254 5140 4825 5248 5155 4788 5245 5078 4731 4940 4973 4788 4990 4708 4848 4867 5180 4985 4981 4966 5041 4576 5194 5023 5108 5098 5063 4602 4840 4522 5302 4883 5101 4892 4816 4852 4973 5117 4523 4879 4866 4607 5069 5023 4840 5167 4763 4885 5122 4630 5271 4946 5166 4722 5018 4806 4961 4985 4923 5326 4897 4683 5038 4800 5087 5061 5041 4924 4986 4893 5578 5389 5436 5052 5188 4924 4929 4961 4650 4989 4959 5102 4597 4907 4999 5232 5027 4832 5030 4800 5357 4703 4774 4843 4849 5062 5374 4842 5018 5061 4899 4465 4901 5058 4936 4821 4781 4723 4728 4775 5068 5037 5197 4972 4977 4863 5056 4764 4693 5484 4772 5024 4837 5006 4573 4716 4809 4919 4686 5300 5114 4921 5024 5210 4835 4759 5167 4962 5017 5313 4872 5292 5247 5427 5069 5461 4707 4972 4956 5129 5041 4522 4850 5432 5144 4891 4952 4701 4605 5029 5374 
5155 4581 5267 5133 4704 5042 4602 5251 4944 4963 4977 4717 5188 4648 5324 5062 5089 4956 5300 4810 4922 4865 5299 4559 5296 5156 5283 4881 4864 4831 4860 4905 5259 5074 4897 4802 4786 5055 5025 4170 5245 4769 5123 4702 4829 4973 5004 4952 5257 5075 4670 4956 4766 4999 4867 5292 4496 5026 4742 5209 5444 5163 5447 5110 4876 4838 5067 4506 4947 5285 5161 5041 5120 5198 5035 4722 4776 5035 4707 5382 4825 5052 4638 5020 4952 4981 4802 4827 4947 4834 5204 4770 5220 5052 5022 5284 4992 4632 4972 5239 4711 5051 4743 4690 5142 5075 4855 4806 4532 5185 4449 5111 5050 5271 4847 4937 4895 4868 4618 5029 4997 5369 4858 4813 4687 5058 5033 4554 4840 5014 4588 5113 4882 5058 5299 4542 4600 5300 4706 5321 4837 5153 4753 5091 5263 4865 5224 4699 5116 4854 4519 4932 4726 5324 5123 5106 5028 4719 4794 5239 5094 5345 4936 5269 4836 5126 4843 4420 5492 4888 5100 4726 4904 4696 5134 5040 4877 5337 4945 5127 4743 4634 5006 4950 5141 5532 4894 5282 5074 4970 4535 4691 5251 4650 4805 5198 4504 4955 4566 5058 4979 5216 4914 4673 5114 4863 4745 4671 5474 4812 4913 4967 4925 4742 4936 5175 4986 4733 5358 5206 5180 5098 5094 4703 5018 5393 4755 5054 5268 4965 5207 5267 5462 4955 5329 4791 5196 4795 5040 4984 5062 4844 5139 5266 4754 4850 4764 4692 4836 5569 
5739 5050 5664 5699 5130 5635 5297 5558 5739 5582 5926 5033 5659 5515 5688 5509 5495 5682 6039 5290 5346 5360 5559 5122 5978 5861 5770 5373 5343 5522 5690 4958 5527 5931 5375 5246 5359 5785 5590 4657 5824 5480 5727 5358 5645 5861 5626 5846 5347 5717 5066 5718 5425 5649 5330 5728 5015 5319 5313 5828 5720 5505 5739 5989 5564 5462 5477 5174 5567 5512 5834 5760 5955 5619 5461 5286 5313 5625 5270 5996 5376 5568 5530 5548 5535 5640 5441 5304 5584 5446 5967 5778 5733 5893 5471 5418 5740 5304 5428 5559 5223 5500 4981 5165 5370 5465 5300 5427 5330 5742 5270 5889 5427 5577 5350 5719 5069 5244 5318 5753 5189 5770 5497 5359 5224 5443 5591 4950 5595 5436 5021 5746 5569 5479 5790 4895 5219 6094 5254 5976 5569 5889 5516 5618 5466 5564 5559 5278 6088 5158 5157 5265 5338 5555 5701 5873 5361 5374 5565 5790 5883 5876 5611 5563 5642 5440 5654 5289 5595 5502 5584 5166 5492 5188 5626 5716 5487 5667 5444 6070 5579 4913 5884 5598 5804 5837 5168 5406 5935 5283 4832 5173 5598 5282 5218 5756 5119 5526 5014 5668 5714 5506 5246 5292 5621 5504 5589 5273 6043 5215 5539 5534 5483 5199 5483 5498 5604 5374 5689 5706 5622 5480 5803 5493 5395 5542 5467 5577 5606 6001 5785 5960 5903 5627 6394 5249 5620 5416 5628 5650 5244 5233 5549 5545 5392 5505 5296 5139 5585 6076 
5279 4667 5301 5259 4932 5373 4816 5152 5391 5088 5107 4981 5235 4994 5305 5065 5076 5473 5447 5090 5141 5234 5306 4829 5248 5517 5267 5105 5154 5191 5256 4926 5310 5110 5022 4826 4913 5472 5427 4565 5107 5234 5287 5031 5166 5360 5412 5409 5310 5374 4770 5294 5303 5130 4791 5416 5038 5024 5072 5486 5423 5497 5408 5424 5054 5368 5256 5020 5175 4949 5197 5530 5290 5390 5228 5035 5252 5508 4848 5617 5177 5213 5133 5153 4875 5054 5079 5042 4929 5095 5451 4922 5425 5377 5468 5230 5080 5097 5210 5390 4947 5396 4806 4887 5095 5397 5073 5143 4957 5415 5035 5410 5262 5446 5043 5081 5026 5138 4893 5377 5244 5394 5110 4877 4966 5119 5315 4816 5001 5268 4847 5527 5213 5255 5311 4893 4984 5423 4938 5629 5134 5306 4658 5020 5365 5116 5236 4741 5463 4910 4956 5188 5084 5201 5491 5403 5009 4951 5086 5387 5281 5449 5264 5363 4994 5139 5273 4434 4962 5181 5136 4925 5222 5101 5248 5236 5201 5250 4818 5416 5083 5010 5283 5239 5500 5711 4853 5187 5232 5247 4932 4913 5330 5104 5081 5229 4889 5115 4899 5236 5185 5705 4840 4925 5140 5416 4948 4908 5795 5023 4909 4886 5160 4798 5046 5254 5253 4849 5565 5225 5151 5265 5673 5077 5175 5316 5122 5159 5721 5239 5495 5645 5921 5152 5599 4922 5121 5020 5225 5089 4743 4860 5117 5296 5038 5105 4974 4894 5118 5731 
5253 5175 5581 5115 4979 5463 4837 5317 5222 5139 5570 4984 5250 5008 5276 5420 5069 5381 5415 5304 5010 5194 5407 4758 5708 5739 5387 4935 5329 5208 5345 5160 5392 5256 5312 4896 4866 5450 5205 4631 5319 5087 5200 5018 5043 5330 5477 5342 5298 5001 4960 5505 5220 5073 5178 5469 4934 5125 5130 5572 5696 5496 5316 5629 5314 5245 5442 4672 5148 5516 5333 5464 5654 5116 5247 5234 5268 5365 4970 5772 5122 5457 5180 5313 5303 5358 5234 4909 5241 5150 5302 5234 5514 5463 5399 5585 5321 4874 5275 5368 5109 5116 4777 5042 5035 5539 5222 5182 5230 5511 4877 5655 5321 5497 5214 5488 5134 5133 5138 5330 4850 5770 5026 5042 4912 5121 5210 4767 5374 5094 4820 5204 5283 5270 5520 4873 4784 5608 5087 5806 5277 5519 5219 5251 4828 5067 5319 4904 5669 4995 5012 5405 5096 5148 5453 5553 5190 5279 5164 5431 5693 5676 5436 5252 5089 5210 5494 4782 5183 5133 5018 4919 5258 4714 5631 5100 5086 5588 4986 5828 5174 4825 5350 5373 5293 5554 4859 5269 5482 5450 4759 5064 5380 5300 5155 5320 4847 5233 5265 5444 5312 5246 5074 5029 5155 5001 5089 4814 5606 5013 5343 4989 5336 5215 5121 5490 5173 5028 5352 5494 5266 5337 5435 5213 5151 5652 5106 5359 5518 5410 5291 5852 5769 5111 5843 5137 5505 5305 5336 5432 5211 5002 5467 5303 5067 5218 5112 5089 5132 5805 
4926 4620 4950 5018 4672 4866 4719 4912 4985 4911 4912 4635 4829 4704 4991 4742 4883 4885 5083 4518 4681 4592 4980 4379 5188 4999 4944 4666 4814 4848 5059 4572 4958 4879 4619 4372 4757 5008 4885 4290 5218 4928 4736 4822 4966 5037 4823 5173 4906 4994 4524 4955 4772 5070 4399 5072 4604 4729 4490 4925 5136 4953 4995 4929 4688 4787 5005 4330 4963 4832 4566 5052 5083 5045 4940 4459 4598 5161 4634 5436 4907 4795 4825 4711 4628 4803 4869 4636 4663 4681 4901 4578 4925 5027 5000 5007 5031 4519 4665 4863 4652 4849 4742 4481 4924 4980 4715 4839 4564 4916 4482 4878 4834 5305 4570 4870 4467 4806 4602 4929 4742 5148 4600 4795 4592 5075 4826 4564 4630 4957 4643 5038 5040 4815 4953 4630 4892 5249 4677 5122 4785 4895 4493 4855 4797 4759 4904 4685 5409 4612 4577 4869 4746 4975 4836 5042 4649 4998 4717 4975 4984 5259 4842 5225 4771 5037 4868 4559 5028 4835 4940 4863 4812 4672 5082 5087 4762 4781 4664 4915 4720 4347 4831 5177 5279 4877 4581 4930 4849 4801 4421 4632 5043 4816 4819 4886 4553 4789 4497 4947 5016 4830 4694 4530 4978 4863 4571 4278 5250 4375 4997 4770 5069 4480 4758 5072 4827 4426 5312 4991 5082 4983 5012 4667 4854 5261 4778 5031 5259 4839 4977 5196 5179 4638 5450 4687 5015 4865 4861 4857 4769 4395 5020 5021 4804 4660 4616 4580 4749 5413 
4955 4317 5095 4875 4594 4913 4781 4961 5138 4821 5018 4723 5029 4513 5356 4990 4839 5122 5177 4611 4812 4858 4803 4357 5230 5005 4605 4661 5027 4757 5160 4405 5209 4926 4864 4384 4717 5149 4966 4340 4878 4711 5248 4473 4666 4947 5248 5282 4620 4668 4489 4901 5085 5096 4881 5216 4851 4829 4724 5141 5102 4930 5103 5294 4786 4900 5157 4534 5107 4863 4813 5126 5269 5045 5066 4610 4725 5264 4595 5314 4863 5159 4561 4890 4970 4763 4857 4667 4476 4801 5057 4740 4845 5266 4991 4981 4823 4406 4472 4865 4819 5062 4724 4828 4905 5220 4697 4874 4651 4922 4745 5436 5116 5031 4832 4991 4729 4929 4515 5373 4802 5206 4569 5093 4825 5101 4875 4385 4900 4862 4552 5158 5260 4788 4871 4691 4907 5040 4427 5187 5053 5232 4822 4733 4960 4816 4807 4615 5158 4435 4924 5332 5040 4881 5026 5062 4680 4897 4597 4885 5156 5124 4921 5498 4906 5041 4948 4362 5153 4659 5040 4909 4879 4803 5284 5162 4815 5066 4763 5454 4923 4553 5096 4769 4966 5242 4819 4805 5064 4948 4500 4759 5198 4986 4522 5016 4708 5020 4802 5339 4923 4832 4625 4577 4943 4946 4775 4610 5258 4712 4950 4840 4587 4726 4681 4967 5077 4624 5135 5131 4909 5050 4942 5059 4911 5238 4736 5181 5420 5246 4897 5300 5108 5135 5500 4643 4971 4774 4938 5086 4677 4682 4999 4977 4884 5004 4633 4727 5046 5381 
4418 4315 4891 4924 4604 4750 4316 4958 4709 4592 4945 4598 4561 4436 4926 4667 4828 4815 5152 4490 4508 4842 4665 4155 4934 4660 4475 4410 4720 4795 4658 4628 4736 4811 4639 4429 4550 4845 4623 4120 4813 4656 5017 4565 4528 4660 4907 5153 4643 4698 4410 4958 4724 4822 4530 5001 4372 4628 4513 4980 4908 4694 4981 4769 4607 4505 4711 4436 4520 4628 4717 4814 4849 4642 4604 4381 4447 5082 4545 4948 4692 4742 4614 4732 4600 4774 4844 4540 4504 4750 4667 4751 5018 4952 4643 4958 4645 4336 4409 5001 4415 4739 4433 4588 4660 4708 4621 4792 4397 5019 4186 5120 4792 4920 4655 4614 4435 4656 4498 4969 4592 4962 4487 4636 4393 4857 4550 4316 4578 4578 4431 4756 4886 4866 4717 4608 4346 4916 4667 5008 4707 4960 4641 4808 4582 4782 4642 4545 4929 4500 4679 4543 4275 4886 4936 4929 4675 4627 4498 5011 4981 5099 4693 4868 4747 4929 4915 4206 4803 4294 4751 4378 4559 4516 5042 4771 4680 4783 4429 4882 4623 4426 4888 4871 4972 5277 4334 4584 4671 4632 4363 4795 4613 4666 4635 4858 4467 4822 4401 4821 4730 4821 4452 4867 4735 4613 4586 4352 5198 4558 4662 4610 4502 4418 4480 4843 4843 4393 4904 4857 4760 4783 4813 4400 4699 4942 4623 4623 4905 4905 4947 5181 4898 4693 5030 4469 4874 4706 5030 4683 4708 4571 4798 4736 4605 4716 4573 4407 4850 5097 
5003 4325 4893 4768 4540 5036 4281 4710 4560 4671 4885 4644 4850 4680 5123 4897 4620 4816 5082 4910 4740 4527 4672 4387 4873 5104 4517 4633 4659 4776 5118 4367 4866 5085 4600 4321 4626 4947 4736 4211 4821 4749 4918 4709 4387 5131 4634 4927 4600 4883 4214 4688 4661 4790 4636 4943 4382 4727 4496 4718 4963 4969 4659 4987 4771 4729 4845 4593 4779 4542 4645 4759 4870 4710 4802 4491 4764 5070 4415 5262 4639 4859 4560 4629 4392 4545 4846 4453 4631 4649 5054 4764 4945 5035 4790 4823 4783 4750 4715 5002 4523 4906 4691 4500 4416 4891 4660 4520 4249 5071 4567 4882 4850 4863 4685 4735 4328 4521 4546 4940 4722 5064 4410 4505 4677 4626 4839 4317 4524 4804 4167 5040 4854 4745 4732 4595 4467 5037 4313 5111 4917 4845 4421 4812 4753 4724 4866 4392 4921 4564 4437 4817 4834 4884 4867 5000 4571 4717 4571 4820 5033 4869 4655 4875 4766 5005 4850 4368 4828 4665 4806 4550 4908 4314 4936 4995 4729 4803 4527 4952 4558 4571 4953 4747 5169 5063 4442 4770 4876 4658 4478 4291 4743 4689 4580 4884 4731 5078 4333 4464 4760 4931 4555 4270 4574 4869 4544 4649 5270 4634 4794 4694 4818 4375 4605 4980 4790 4548 4923 5068 5069 4829 5197 4709 4912 4893 4747 4669 4990 4892 4958 5180 4988 4739 5596 4566 5049 4582 4776 4804 4523 4345 4450 4764 4675 4520 4279 4755 4614 5177 
4982 4489 5185 4978 4502 4939 4442 4901 5295 4872 4962 5031 5087 4670 5173 4899 4884 5020 5262 4793 5018 5081 5030 4405 5329 4983 4892 4829 4730 4931 4900 4810 4926 5294 4967 4411 4665 5276 5086 4421 4896 4677 5009 4794 4776 4905 5019 5166 4685 5147 4550 4962 5134 5141 4745 5003 4842 4865 4906 4953 5319 5079 5103 5187 4847 5014 5191 4721 4866 4929 4780 5087 5140 5035 5034 4658 4680 5331 4842 5303 4836 5189 4755 4815 4718 4796 4730 4989 4941 5061 5105 4644 5281 5277 5170 4977 5004 4929 4973 5193 4743 4882 4395 4572 5024 5026 4961 4935 4748 5021 4509 4949 5163 5061 4661 4764 4846 4993 4562 5218 4806 5280 4650 4836 4947 4756 4995 4563 4925 5052 4587 5182 4871 5019 4931 4994 4662 5212 4597 5316 4997 5189 4676 4771 4692 4844 4916 4605 5357 4630 4910 4978 5101 4863 5032 5308 4903 4783 4682 5092 5204 5233 5108 5325 4616 4894 5152 4399 4966 5074 4958 4706 4780 4708 5304 4986 5187 5189 4673 5395 4887 4706 4898 4884 5234 5218 4513 4928 4986 4905 4552 4748 4941 4769 4546 4871 4867 5020 4766 4945 5083 5039 4916 4997 4729 5185 4743 4743 5507 4626 5096 4798 4980 4690 4771 4994 4694 4604 5360 5289 4981 4994 5030 5063 4901 4975 4858 5056 5380 5121 5203 5048 5410 5066 5452 4645 4911 4886 5231 5081 4909 4664 5260 5020 4886 5156 4887 4809 4791 5251 
4758 3943 4993 4719 4815 5043 4510 4722 4892 4852 5232 4881 5142 4633 5226 4909 4519 5105 5351 4763 4973 4947 5081 4517 5104 5000 5011 4644 4873 4815 5181 4459 5168 4800 4614 4376 4601 4973 4968 4371 4910 4915 5044 4691 5108 5072 5136 5049 4730 4827 4309 5111 4780 4847 4784 5373 4520 4805 4587 4979 4958 5017 4834 5288 4876 5098 5044 4620 4889 4973 5087 5044 5027 5237 4933 4738 5036 5177 4690 5218 4857 5104 4776 4893 4827 4976 4826 4637 4712 4763 5057 4684 5113 5172 4846 4732 4799 4789 4935 5002 4812 5110 4719 4630 4954 4994 5114 4968 4787 4978 4431 5106 5043 5064 4743 4722 5012 4500 4718 4973 4867 5091 4716 4739 4779 4838 4944 4713 4817 4829 4439 5054 4913 5013 5018 4737 4721 5044 4614 5191 5051 4954 4614 4769 4916 4913 4894 4783 5122 4702 4585 5067 4786 5258 5064 4991 4930 4878 4590 4867 5098 5455 4598 5287 4820 5081 4975 4548 4997 4910 5064 4709 4732 4625 5170 5242 4840 5090 4813 5402 4744 4879 5024 4768 5068 5184 4627 4860 4993 5001 4509 4640 4930 4561 4542 5120 4561 4775 4763 4949 5063 5117 4628 4722 4664 4763 5034 4839 5328 4664 4813 4971 5037 4256 4837 4850 5081 4616 5487 4977 4890 5071 5292 4859 4766 5010 4949 4948 5343 4955 5041 5048 5133 4882 5374 4683 4934 4712 5103 4695 4538 4544 4732 5156 4769 4789 4813 4686 4985 5340 
4921 4521 5129 4949 4691 4877 4492 4872 4991 4894 4803 4604 5018 4715 4954 4823 4782 5133 5157 4729 4871 5094 4769 4492 5091 4970 4987 4969 4674 4880 4997 4522 5046 5074 4629 4422 4702 4835 5000 4283 4840 4692 4882 4901 4686 5098 5302 5199 4740 4840 4254 4976 4947 4979 4904 5011 4455 4684 4419 5272 4935 5118 5211 4899 4896 4865 5318 4515 4898 4809 5173 5080 5007 4909 4867 4725 4728 5114 4645 5191 4715 5049 4810 4708 4880 4872 4850 4823 4696 4776 5192 4817 5270 4956 4796 5075 4988 4664 4752 4969 4607 4950 4529 4356 4848 4891 4999 5066 4805 5169 4669 5037 5045 5100 4825 4926 4666 4717 4498 5022 4683 5358 4815 4779 4692 4951 5010 4728 4897 4624 4681 5089 4922 4863 4777 4593 4643 5136 4365 5161 5058 5060 4709 4893 4544 4819 5217 4641 5006 4598 4643 4604 4829 4949 5090 5016 5085 4823 4659 5069 5114 5129 5102 5191 4772 4978 4734 4305 5152 4917 4894 4585 4599 4764 4975 4830 4915 5058 4718 5406 4714 4823 4985 4868 5258 5169 4540 4563 4779 4784 4519 4515 4853 4722 4637 5141 4405 4759 4763 4987 5192 4982 4470 4757 4781 4945 4740 4770 5188 4415 4918 4653 4775 4530 4713 5026 4785 4564 5110 4930 4800 4928 4942 4674 4792 5035 4710 5102 5021 5133 5294 5197 5182 4720 5561 4706 4873 4680 5086 4719 4651 4390 5108 5130 4706 4807 4690 4639 4722 5650 
5067 4563 5149 5075 4731 5341 4658 5035 5189 4943 4814 4891 5120 4545 5227 5012 4906 5153 5331 4987 4992 5073 4938 4583 5283 4987 5144 4801 4784 4939 4957 4574 4934 5199 4909 4511 5078 5168 5403 4512 5086 5036 5063 4707 5111 5187 5082 5281 4915 5054 4657 5068 5032 4876 4826 5268 4590 4834 4781 5350 5145 4996 4911 5204 5032 5044 5164 4750 5135 4998 5242 5271 5070 5040 4901 4847 4864 5583 4809 5431 5043 4962 4749 5053 4769 4707 5012 4791 4676 5134 5161 4821 5205 5270 4859 5158 4998 4842 5075 5386 4692 5332 4553 4636 5004 4950 5088 4947 4872 5143 4645 5107 5075 5150 4823 4773 4827 4751 4820 5237 4953 5304 4875 5004 5241 5040 5080 4603 4980 4851 4799 5211 5158 4934 5146 4799 4751 5286 4851 5389 5114 5314 4585 5077 4996 5074 5057 4972 5267 4741 4684 5189 5080 5051 5031 4939 4800 4822 4642 5395 5176 5301 4983 5388 4838 5161 4909 4618 5215 5140 5045 4870 4933 4769 4938 5265 4845 5189 4936 5401 5006 4635 5151 4983 5111 5392 4571 4709 5020 5009 4615 4676 5030 4863 4819 4989 4886 5060 4702 5176 5149 5360 4979 4717 5082 5162 4871 4604 5455 4765 5087 4917 5049 4681 4831 5089 5205 4853 5545 5356 4960 5188 5307 4753 4819 5452 4957 5179 5265 5081 5239 5408 5289 5018 5657 4698 5123 4818 5118 5175 4757 4811 5103 4983 4972 5203 4876 4747 4874 5761 
5479 4764 5477 5176 5060 5306 4828 5325 5238 5193 5537 5018 4941 4854 5459 5503 5115 5447 5524 5118 4973 5157 5158 4789 5627 5426 5343 4799 5094 5583 5528 4660 5243 5272 5228 4492 5001 5385 5249 4597 5508 5040 5444 5081 4960 4918 5306 5004 5403 5327 4891 5152 5258 5270 5073 5706 4771 5076 4837 5444 5388 5358 5244 5597 4878 5387 5238 4904 5193 4984 5195 5391 5281 5203 5273 5035 5070 5685 4765 5461 4786 5344 4964 5392 4887 5031 5335 4997 5135 5113 5478 5134 5151 5542 5462 5352 5167 4937 4990 5367 5475 5286 4834 5146 5240 5318 5091 5286 5038 5512 5155 5514 5342 5520 5236 5156 5044 5206 5140 5325 5083 5628 4893 5128 5248 5006 5406 4771 5126 5242 4957 5207 4893 5128 5292 5161 5114 5381 5175 5793 5081 5386 4869 4984 5159 4989 5309 4885 5626 5183 5282 5329 5270 5401 5289 5209 5293 5370 4925 5482 5289 5759 5150 5163 5056 5325 5376 4705 5495 5470 5414 5043 5257 4781 5466 5533 5138 5269 4902 5664 5132 4931 5165 5311 5523 5574 4835 4996 5363 5054 4663 4840 5399 5215 5111 5259 4925 5295 5148 5481 5100 5675 4811 4766 5110 5046 5104 4697 5523 4820 5238 5240 5094 4905 5161 5164 5383 4844 5559 5303 5512 5256 5695 5200 5300 5694 5228 5304 5956 5425 5420 5384 5490 5285 5855 4947 5463 5331 5032 5280 4786 4996 5409 5455 5078 5263 5033 4928 5264 5757 
5573 4737 5480 5479 5139 5456 4991 5482 5695 5307 5312 5060 5325 4952 5647 5372 5303 5294 5650 5403 5250 5229 5261 4954 5501 5298 5356 5180 5090 5247 5420 4932 5604 5325 5245 5111 4943 5542 5261 4546 5204 5183 5422 5064 5557 5305 5402 5578 5209 5473 4875 5589 5336 5306 4960 5650 4769 5394 4859 5720 5391 5406 5660 5703 5185 5311 5324 5014 5201 4907 5530 5472 5287 5426 5610 5161 5138 5619 5178 5770 5137 5164 4956 5261 5042 5501 5302 5177 5127 5219 5419 5296 5505 5504 5376 5479 5185 4652 5296 5797 5135 5553 4946 4999 5215 5293 5297 5340 4929 5691 5077 5592 5186 5249 5185 5230 5114 5386 4803 5656 5308 5547 4964 5092 5189 5282 5103 5087 5042 4904 5050 5448 5159 5238 5309 4913 5314 5762 4842 5508 5432 5441 5040 5412 5274 5037 5588 5231 5689 5265 5163 5418 5324 5369 5492 5459 5257 5086 5036 5603 5667 5580 5119 5655 5100 5095 5448 4785 5366 5424 5365 4950 5184 4901 5630 5420 5290 5360 5152 5737 5345 5017 5389 5193 5291 5586 4920 5330 5479 4989 4794 5167 5190 5139 4916 5273 4917 5114 5208 5378 5321 5425 5049 4965 5209 5527 4941 5118 5834 5197 5458 5144 5229 4825 5133 5595 5351 5078 5431 5495 5302 5271 5439 5224 5142 5700 5121 5456 5531 5488 5704 5352 5680 5363 5741 4950 5356 4897 5287 5136 5048 5080 5191 5642 5096 5104 5168 4989 5184 5825 
5083 4516 5191 5049 4741 5057 4923 5037 5406 4723 4861 4693 5002 4737 5104 4972 4790 5004 5272 4892 4679 4826 4919 4252 5177 4916 4886 4930 5000 4854 4911 4639 5434 5095 4715 4498 4678 5140 5271 4403 5108 4899 5116 4881 5065 5112 4847 5180 4770 4822 4545 5098 5210 5134 4863 5099 4481 4586 4962 5177 5181 4989 5213 5213 5077 4858 5056 4479 5013 4997 4887 5354 4947 4826 5022 4597 4934 5163 4669 5140 4957 4908 4751 4732 4904 4912 5006 4525 4747 4909 5132 4804 5111 5059 5008 4953 4925 4796 5002 5158 4749 5112 4727 4625 5001 4873 4905 4733 4537 5194 4492 5376 4948 5456 4784 4891 4811 4719 4441 4978 4971 5093 4972 4745 4865 4799 4775 4719 4738 5156 4691 5231 4997 5009 5031 4480 4675 5416 4838 5308 4818 5205 4591 4712 4825 4727 4900 4814 5255 4484 4755 4965 4651 5274 4986 5171 4728 4783 4690 5282 5212 5339 4998 5277 4849 5150 5013 4224 4937 5289 4984 4584 4921 4679 4894 5104 4701 5019 4657 5292 4704 4757 5152 4885 5243 5253 4545 4782 5182 4697 4295 4798 4938 4803 4915 5068 4636 4713 4808 5094 5227 5173 4927 4786 4737 5023 4940 4664 5218 4775 4882 4783 5051 4546 4854 4758 5031 4749 5254 5145 5190 4736 5285 4534 4730 5141 4812 5055 5348 5230 4947 4935 5372 5067 5387 4636 5054 4794 5346 4845 4805 4439 5086 5121 4601 5080 5115 4802 5043 5182 
4928 4266 5163 5096 4731 5228 4613 4955 5100 5055 4833 4731 4951 4936 5253 5117 4938 5092 5096 4957 4978 4890 4898 4373 5041 5159 4925 4738 4716 4798 5180 4666 4946 5240 4805 4590 4954 5144 4920 4236 5003 4880 5125 4766 4870 4895 5129 5144 4882 5250 4351 4958 4767 5078 4833 5082 4627 4850 4802 5070 5212 5227 4862 5322 4964 5182 5175 4559 5016 4856 4974 5344 4931 5160 4762 4853 4783 5350 4598 5292 4858 4912 4582 4744 4926 5078 5073 4554 4811 4845 4884 4732 5334 5064 5016 5019 5150 5046 4769 5160 4582 4889 4543 4552 4682 5156 4862 4809 4643 5096 4591 4906 4642 5160 4845 4867 4575 4632 4591 4955 4718 5290 4752 4640 5056 4685 5075 4509 4723 5009 4470 5099 4955 5109 5104 4794 4778 5202 4571 5278 4720 5101 4591 4709 4704 4757 4835 4870 5157 4713 4559 4775 4670 4906 5049 5111 4730 4916 4445 5084 5204 5268 4986 5219 4962 5022 5031 4453 5132 4850 4981 4943 4950 4854 4854 4969 4747 5068 4669 5081 4969 4866 5033 4990 5195 5353 4674 4697 5016 4913 4611 4649 4939 4766 4706 5048 4721 4921 4676 4652 5052 5136 4903 4752 4850 4877 4776 4658 5598 4527 4962 4817 5129 4853 4926 4887 4919 4645 5398 4967 5082 4870 5055 4686 4798 5027 4807 4812 5260 5050 5080 5210 5346 4956 5521 4734 4911 4851 5220 4971 4803 4533 4785 5019 4900 4879 4493 4598 4917 5457 
5087 4561 5445 4988 4903 5312 4947 5410 5252 5059 5234 4918 5307 4940 5336 5096 5041 5185 5526 5085 5043 5148 5110 4568 5805 5431 5029 4964 5002 5282 5191 4748 5202 4998 4918 4702 4875 5770 5389 4537 5500 4998 5356 5012 5060 5130 5620 5110 5014 5406 4933 5161 5159 5400 4729 5671 5078 4956 4900 5352 5730 5164 5331 5486 5084 5261 5198 4745 4985 4939 4957 5349 5353 5175 5207 4999 4866 5556 4817 5555 4949 5403 5090 5168 4771 4907 4974 5232 4979 5272 5275 5116 5313 5563 5253 5219 5088 4946 4900 5591 4782 5116 5005 5016 5195 5342 5206 4868 4705 5046 4597 5322 5286 5400 4885 4957 4745 4866 4914 5598 5127 5537 4817 5138 5057 5058 5223 4595 4952 5197 4942 5272 5722 5332 5209 5175 4885 5241 4852 5451 4922 5523 4698 5163 5084 4882 5181 4804 5338 4905 4712 5204 5237 5219 5268 5164 5065 5182 4836 5460 5191 5362 5237 5299 5089 5231 5531 4458 5156 5296 5033 4943 4953 4896 5475 5447 5027 5183 4975 5579 5151 4922 5286 5187 5465 5576 4972 5083 5267 5190 4656 4862 5114 4915 5113 5234 4928 5043 5087 5072 5309 5334 5052 4939 5121 5479 5245 4717 5495 4933 5176 5142 5225 4866 5250 5253 5218 4772 5647 5264 5377 5290 5488 4949 5115 5278 5023 5226 5683 5262 5478 5276 5493 5146 5575 4884 5412 4913 5054 5329 4815 4780 5099 5181 4882 5210 4827 4901 5266 5603 
5444 4962 5287 5490 5191 5409 5003 5543 5454 5238 5261 4974 5538 5107 5322 5288 4973 5294 5508 5103 5091 5384 5273 4761 5568 5590 4980 5173 5077 4977 5299 4995 5659 5309 4881 4723 5062 5552 5231 4724 5271 5133 5420 5214 5221 5446 5501 5656 5268 5319 4886 5641 5341 5491 4913 5391 4817 5147 4695 5426 5279 5149 5416 5405 5262 5357 5488 4851 5310 5196 5531 5537 5296 5396 5416 5171 5075 5593 4977 5366 5241 5331 5127 5491 5098 5421 5297 5233 5049 5220 5653 5369 5590 5513 5301 5497 5279 4882 5134 5399 5169 5300 4982 5015 5306 5578 5187 5449 5299 5402 4754 5569 5138 5590 4980 5290 4892 5238 4768 5320 5081 5501 4950 4912 4935 5314 5457 4778 5037 5105 4940 5456 5363 5099 5270 5027 4931 5573 4908 5635 5416 5574 5046 5150 5254 5179 5486 4964 5682 5162 5234 5255 5175 5230 5371 5447 5198 5240 5174 5729 5638 5489 5355 5389 5212 5187 5323 4770 5336 5277 5343 4904 4998 5027 5376 5405 5519 5591 4978 5507 5352 5145 5275 5430 5374 5556 4990 5352 5366 5267 4734 5267 5324 4999 5179 5245 4958 5170 4975 5351 5724 5162 4955 5069 5243 5667 5103 5031 5619 4984 5594 5242 5392 4839 5070 5306 5379 5137 5578 5494 5284 5312 5630 5138 5236 5622 5176 5357 5599 5328 5530 5489 5531 5318 5805 4946 5553 5360 5416 5256 4915 4975 5449 5338 4997 5146 5077 5062 5394 5762 
5765 4901 5820 5888 5390 5605 5294 5878 5886 5505 5527 5323 5672 5120 5982 5891 5194 5663 5961 5606 5334 5610 5327 5259 5964 5813 5791 5447 5566 5714 5760 5259 5594 5716 5383 5175 5526 5696 5626 5158 5488 5126 5854 5434 5501 5426 5719 6030 5487 5593 5200 5841 5414 5637 5332 5939 5176 5329 5339 5752 5828 5819 5506 5985 5471 5715 5759 5222 5475 5548 5703 5840 5966 5646 5329 5712 5515 6028 5423 5956 5244 5544 5385 5608 5480 5472 5516 5476 5685 5444 5866 5328 5988 5852 5661 5832 5694 5776 5466 5842 5325 5453 5322 5199 5457 5755 5510 5549 5484 5832 5230 5946 5386 5752 5384 5799 5050 5085 5339 5961 5436 6068 5458 5297 5489 5188 5501 5223 5620 5333 5112 5892 5712 5838 5680 5370 5211 5894 5158 5940 5573 5799 5418 5547 5461 5476 5937 5314 5576 5396 5237 5603 5526 5693 5769 5928 5541 5750 5205 5650 5786 5868 5534 5713 5625 5760 5680 5005 5619 5476 5457 5159 5599 5200 5834 5677 5471 5734 5343 6223 5485 5254 5651 5482 5973 5857 5340 5420 5743 5567 4993 5386 5632 5515 5442 5685 5285 5609 5219 5641 5627 5677 5147 5469 5332 5441 5364 5434 6250 5378 5458 5575 5556 5285 5409 5718 5800 5162 5926 5579 5683 5317 5658 5622 5367 6018 5369 5549 5925 5772 5955 5762 5990 5601 5901 5233 5181 5587 5872 5494 5346 5416 5719 5711 5427 5359 5420 5304 5216 6119 
4885 4575 5193 5115 4801 5235 4636 5190 5223 4777 5029 5005 5020 4720 5265 5248 4671 5208 5465 5267 5111 4980 4917 4736 5573 5167 5132 4940 4867 5038 5258 4678 5320 5070 5101 4779 4980 5460 5057 4398 5222 5025 5408 4991 5076 5056 5368 5260 5101 5183 4640 5051 5102 5117 4979 5421 4718 4968 4886 5321 5158 5160 5271 5365 5053 5235 5212 4695 4876 5071 5078 5310 5114 5405 5036 4933 4953 5627 4722 5337 4960 5085 4987 5262 4919 4955 4934 4970 5196 5005 5260 4888 5386 5086 5272 5228 5057 5167 5055 5196 5093 5188 4740 4974 5028 5145 5020 5112 4909 5316 4925 5353 5014 4992 4967 5082 4604 5007 4835 5340 5036 5422 4906 4934 5037 5108 5153 4687 4999 5033 4718 5105 4881 4947 5242 4813 4784 5234 4924 5501 5180 5364 5060 5093 4907 4788 5211 4977 5287 5022 4924 5214 5005 5434 5359 5322 5004 5368 5052 5291 5392 5528 5424 5096 5151 5074 5333 4528 5183 5039 5146 4874 5047 5013 5158 5085 5148 5061 4642 5496 5194 5087 5242 5306 5322 5540 4754 5083 5068 5109 4540 4814 5272 5033 5111 5141 4859 4853 4696 5044 5181 5196 4552 4958 4766 5202 4968 4858 5433 4609 5030 5161 5301 4656 4905 5172 5142 4632 5401 5428 5261 5051 5409 5019 5091 5383 5000 5250 5447 5238 5404 5331 5541 5088 5631 4934 5229 5094 5174 4963 4799 4771 5367 5315 4917 5062 4903 5128 4937 5393 
4556 3897 4838 4579 4322 4448 4165 4603 4576 4534 4470 4221 4589 4493 4726 4700 4248 4768 4946 4491 4622 4332 4689 4034 4843 4990 4616 4488 4436 4378 4615 4333 4591 4649 4452 4221 4391 4787 4769 4161 4673 4362 4585 4427 4431 4640 4767 4712 4473 4651 4085 4722 4543 4509 4462 4949 4228 4379 4347 4657 4590 4540 4482 4755 4660 4559 4689 4105 4574 4481 4709 4918 4699 4492 4493 4438 4409 4906 4190 4836 4446 4652 4445 4735 4324 4362 4426 4262 4511 4312 4850 4375 4675 4699 4704 4863 4788 4308 4439 4649 4658 4757 4256 4228 4355 4754 4666 4466 4674 4716 4425 4825 4522 4639 4172 4609 4161 4391 4174 4847 4241 4936 4460 4495 4376 4409 4713 4390 4525 4480 4483 4733 4571 4693 4666 4357 4470 4762 4468 4825 4702 4826 4417 4404 4386 4204 4662 4516 5032 4510 4568 4558 4371 4493 4707 4671 4510 4465 4321 4835 4792 5132 4355 4715 4502 4663 4565 4182 4789 4758 4377 4343 4600 4138 4650 4665 4653 4655 4244 5052 4591 4575 4556 4739 4562 4786 4124 4380 4399 4545 4021 4256 4632 4421 4474 4497 4508 4599 4529 4647 4522 4648 4315 4332 4532 4661 4701 4386 4958 4350 4762 4607 4572 4160 4397 4562 4631 4402 4756 4636 4590 4573 4751 4551 4658 5027 4296 4684 4941 4617 4662 4837 4889 4506 5168 4362 4792 4640 4728 4586 4296 4293 4504 4536 4620 4631 4266 4086 4148 5014 
5245 4948 5524 5259 5048 5274 5092 5605 5626 5331 5100 4939 5316 4992 5655 5422 5335 5259 5436 5056 5065 5511 5278 4757 5673 5462 5374 5060 5106 5328 5483 5097 5418 5453 5190 4856 4894 5664 5385 4903 5407 5059 5560 5150 5182 5141 5422 5625 4960 5220 4945 5357 5281 5365 5275 5619 4895 5427 5003 5687 5532 5557 5393 5436 5320 5413 5443 5261 5374 5362 5297 5600 5541 5391 5114 5124 5431 5663 4854 5300 5124 5430 5230 5371 5004 5477 5356 5033 5267 5138 5705 4997 5507 5461 5491 5551 5417 5123 5062 5683 5080 5451 4889 5129 5331 5312 5345 5104 5107 5439 4997 5718 5370 5577 5395 5371 5357 5389 4921 5483 5282 5862 5287 5219 5190 5162 5314 4899 5179 5372 4841 5739 5267 5491 5502 4995 5221 5523 5167 5805 5553 5542 4947 5074 5217 4989 5395 5110 5483 5076 5085 5431 5223 5409 5414 5555 5246 5149 5217 5510 5347 5510 5260 5456 5136 5155 5572 4603 5210 5112 5492 5026 5302 5096 5450 5240 5199 5436 4849 5865 5132 5107 5745 5221 5545 5611 5066 5469 5566 5212 4673 5077 5169 5244 5012 5124 4929 5204 5005 5206 5427 5449 5022 5311 5129 5383 5149 5124 5823 5087 5107 5524 5390 4709 5143 5416 5354 5035 5699 5472 5459 5490 5571 5231 5380 5610 5033 5344 5588 5346 5522 5581 5620 5333 5766 4801 5538 5389 5492 5195 4993 5037 5382 5528 5159 5331 5044 5027 5317 5579 
4936 4250 4819 4893 4557 4990 4663 4920 5211 4709 4838 4475 4973 4605 4879 4988 4859 4794 5042 4616 4423 4788 4901 4154 4911 4800 4796 4699 4703 4905 4753 4322 4755 4936 4562 4297 4294 4922 4737 4195 5069 4822 4787 4576 4853 4686 4664 4965 4820 4963 4657 4709 4670 4877 4658 5062 4537 4756 4515 5169 5179 5097 5038 4819 4819 4716 4912 4592 4902 4650 4691 4782 4840 4842 4822 4626 4771 4999 4487 4986 4763 4810 4568 4897 4931 4756 4819 4671 4879 4764 5074 4808 4996 5073 5040 4963 4727 4501 5026 4983 4834 4829 4545 4492 4643 5099 4614 4720 4633 4873 4463 5076 4795 4914 4647 4885 4493 4604 4578 5115 4685 4914 4691 4390 4491 4504 4878 4511 4739 4806 4349 4785 4630 4768 4826 4634 4575 4906 4826 5404 4948 4851 4495 4516 4762 4679 4670 4430 4942 4486 4828 4712 4698 4959 4781 4977 4839 4865 4602 5031 4995 5032 4766 4754 4889 5043 4834 4282 4919 4852 5015 4312 4956 4501 4818 4820 4827 4997 4414 5298 4798 4749 5053 4950 4774 5033 4364 4827 4967 4600 4154 4633 4741 4783 4699 4797 4791 4661 4609 4675 4778 4664 4449 4604 4648 4655 4720 4475 5366 4747 4676 4627 4725 4532 4456 4879 5040 4474 4999 4641 4946 4891 5135 4845 5010 5089 4876 4876 5217 4873 4884 5270 5258 4815 5343 4554 4821 4846 4790 4928 4422 4657 4921 5075 4749 4743 4684 4616 4578 5293 
5209 4584 5254 4834 4693 5082 4590 5224 5152 4898 4880 4661 5106 4784 5226 4894 5043 5016 5322 4717 4852 4916 5185 4344 5510 5270 5036 4715 4642 4771 4977 4601 4922 5394 4778 4494 4756 5045 5344 4316 5097 4772 5030 4621 4838 5019 5183 5135 4871 4803 4675 4965 4866 4865 4826 5311 4799 4715 4634 5000 5181 4927 5212 5066 4893 5080 5104 4796 5097 4827 4928 5045 5099 5140 4904 4711 4879 5067 4637 5614 4579 5015 4756 4954 4549 4985 4870 4894 4744 4808 5371 4726 5015 5091 4987 5065 4953 4929 4937 5291 4954 5077 4546 4740 4882 4961 4712 4820 4736 4848 4535 5230 5092 5058 4617 4717 4584 4910 4799 5319 4928 5238 4906 4855 4759 4810 4717 4712 4953 5068 4509 5311 5184 5036 5300 4755 4690 5051 4595 5181 4976 5153 4606 4875 4934 4865 5026 4508 5318 4695 4663 5054 4887 4972 4617 5203 4980 4916 4713 5347 5118 5159 5188 5189 4970 4850 5170 4423 4940 5063 5048 4820 4806 4696 5052 5156 4996 5018 4734 5274 4992 4703 4854 4994 5100 5291 4719 4997 4972 4959 4252 4928 4947 5004 4869 5051 4662 4704 4520 4975 5107 4992 4791 4766 5006 5204 4743 5013 5357 4753 5172 4827 4976 4694 5071 5143 4890 4572 5458 5184 5163 5005 5060 4793 4685 5051 4709 5044 5229 4954 5039 5171 5719 4988 5356 4577 4903 4749 5057 5061 4681 4566 5336 4898 4692 5012 4660 4686 4724 5470 
4723 4121 5063 5217 4799 4946 4606 5049 4971 4890 4592 4804 4826 4712 5074 4976 4729 4776 5478 4915 4727 4859 4843 4555 5067 4949 4717 4417 4586 4713 4918 4452 5065 4962 4743 4430 4745 5165 4732 4362 4944 4993 5161 4905 4563 4970 4847 4960 4588 4783 4327 5095 4612 4837 4589 5446 4673 4819 4735 4852 5322 5025 5176 5112 4805 4898 5014 4322 5191 4817 4901 5052 4767 5141 4820 4527 4930 5126 4636 5358 4576 5018 4508 4641 4748 4815 4745 4627 4907 5014 5092 4789 5261 4838 5062 4866 4653 4816 4779 4865 4600 4826 4742 4507 4840 4738 4977 4633 4540 5237 4495 5006 4891 5366 4874 4778 4446 4492 4637 4841 4708 4924 4730 4548 4789 4854 4832 4377 4679 4764 4524 4964 5035 5153 5003 4755 4654 5160 4600 5162 4943 4976 4558 4847 4909 4751 4873 4760 5105 4758 4869 5072 4731 5088 4940 5323 4664 4916 4570 5144 5162 5288 4895 5185 4675 4866 4935 4386 4962 4737 4890 4332 4851 4533 4878 5165 4885 4823 4498 5205 4704 4439 4992 4828 5258 5020 4523 5014 5112 4705 4275 4496 4691 4801 4599 4978 4659 4767 4588 4624 5087 5139 4792 4743 4848 4847 4764 4530 5358 4436 4789 4635 4770 4454 4664 4951 4942 4407 5166 4816 5032 4747 5174 4726 4904 5214 4846 4836 5262 5250 5131 5082 5180 4901 5337 4633 4926 4891 5092 4706 4688 4546 4972 5142 4629 4715 4645 4521 4757 5419 
5194 4436 5260 5065 4875 5066 4802 5381 5456 5299 5186 4709 5147 4872 5182 4969 4870 5165 5216 4978 4960 5147 4917 4434 5321 4972 5073 4878 4877 4929 5142 4538 5233 5216 4997 4455 4608 5227 5179 4248 5330 4838 5234 4640 5203 5113 5004 5272 5041 5310 4810 5191 5076 5098 5082 5357 4718 4814 4740 5519 5182 5161 5137 5316 4890 5094 5168 4929 5088 4904 4993 5000 5092 5238 5093 4907 5264 5266 4755 5170 5117 5014 4924 4782 4813 5007 5197 4863 4949 4951 5264 5267 5126 5238 5002 5138 4976 4903 5101 5086 5064 5087 4684 4812 4897 5191 4866 5117 5060 5453 4706 5219 5045 5343 4895 4964 4857 4856 4898 5204 5251 5408 4750 5020 4862 5230 5041 4642 4915 5104 4817 5056 5008 5101 4904 4833 4952 5250 4707 5194 5090 5257 4565 4746 4850 4854 4951 4930 5596 4908 4753 5117 5023 5136 5087 4906 5008 4959 4766 5320 5261 5271 5098 5297 5040 4973 5069 4522 5260 4977 5013 4563 4970 4811 5146 5273 4852 5120 4933 5406 5153 4681 5291 5118 5095 5547 4720 4873 5127 5037 4539 4692 5082 4930 4564 5086 4587 5216 4636 5286 5092 5358 4730 4664 4779 5371 5052 4707 5357 4878 4987 4885 4968 4541 5036 4881 5023 4575 5402 5120 4988 5068 5425 4872 4922 5519 5109 5307 5348 5147 5165 5259 5494 4860 5657 4722 5117 4703 4986 5056 4811 4658 5155 5122 4874 5159 4832 4853 5016 5500 
5209 4694 5409 5261 4978 5288 4780 5227 5357 5254 5013 5050 5485 4811 5369 5680 4941 5232 5786 5066 5079 5008 5069 4827 5402 5427 5242 4835 5005 5071 5209 4780 5478 5292 5131 4717 4996 5481 5090 4686 5300 4957 5173 5155 4885 5173 5339 5452 4993 5231 4481 5074 5151 5355 4831 5327 4873 4963 5106 5574 5129 5118 5257 5369 5448 5329 5188 4953 5306 5162 5317 5576 5292 5279 5197 5025 4851 5703 4753 5440 5162 5171 4801 5217 4996 4821 5109 5226 5108 5110 5121 5048 5479 5569 5156 5110 5163 4935 5088 5386 4985 5362 4924 4776 5232 5023 5165 5134 4892 5428 4929 5403 5143 5323 4990 4994 4685 4856 4720 5232 4903 5595 5161 5078 5081 5140 5224 4785 5203 5188 4936 5509 5282 5365 5135 5085 4968 5354 4794 5609 5351 5523 4962 5238 5235 5107 5339 4749 5295 4998 4827 5140 4991 5399 5307 5304 4851 4962 4954 5419 5126 5595 5263 5449 5005 5136 5180 4690 5270 5161 4982 5116 5121 4676 5399 5347 5151 5177 5058 5806 5203 4902 5463 5107 5332 5372 4700 4961 5298 5008 4666 4649 5105 4905 5312 5151 5186 5087 4875 5172 5227 5111 4890 5235 4975 5278 5007 4877 5585 4653 5202 5113 5176 4790 4899 5289 5122 4776 5645 5343 5228 5045 5569 4777 4771 5561 4837 5312 5574 5278 5278 5307 5208 5276 5633 4716 5359 5108 5249 5089 4854 4827 5189 5134 5204 5268 4963 4767 5204 5716 
4810 4238 5083 4969 4688 4787 4677 5277 5110 5121 4779 4860 5075 4783 5086 4880 4858 4962 5281 4664 4899 5073 4938 4106 5233 5003 4948 4961 4998 4960 4990 4545 4827 5041 4657 4535 4461 5003 4997 4464 5203 4736 5080 4763 5038 5036 5060 5067 4587 5265 4507 4875 4985 4957 4712 5245 4588 4900 4580 4855 5242 5027 5040 5052 4939 5116 4979 4518 4936 4886 4829 5047 4957 4920 5121 4806 4802 5239 4586 5186 4811 4870 5040 4881 4553 4913 5055 5019 4926 4890 4957 4551 5087 5148 4860 5290 4991 4700 4528 5148 4857 4994 4836 4338 4721 5109 4872 5029 4835 5093 4513 5106 4918 5102 4835 4883 4566 4786 4693 5111 4985 5407 4612 4926 4687 4871 5012 4751 4829 4982 4820 4980 4761 4931 4918 4864 5008 5353 4672 5113 5150 5227 4604 5106 4734 4824 5116 4813 5259 4879 4630 5029 5010 4912 5151 5194 5019 4839 4622 5262 5029 5313 5007 5138 5192 5134 4900 4396 5019 4865 5110 4750 4625 4596 5137 5263 4798 5006 4757 5203 4882 4576 5048 5139 4981 5047 4857 5193 4859 4955 4411 4634 5034 4604 4734 5029 4575 4931 4831 5045 5253 5033 4769 4963 4661 4974 5106 4665 5623 4804 5099 4924 4907 4631 4967 4885 4816 4847 5554 5078 5012 5140 4927 5013 4878 5046 5001 5007 5455 4974 5159 5294 5080 4862 5682 4732 4931 4766 5153 4749 4650 4766 4925 5242 4954 5016 4586 4672 4790 5441 
5345 4745 5775 5394 5099 5193 4730 5471 5331 5222 5275 5276 5326 5237 5484 5145 5354 5094 5549 4980 5025 5384 5406 4590 5583 5645 5139 4810 4992 5166 5313 5305 5314 5388 5207 4864 4995 5539 5462 4696 5654 5046 5579 5059 5359 5477 5520 5534 5423 5242 4909 5256 5111 5514 5031 5612 5055 5159 4880 5516 5570 5502 5386 5481 4899 5424 5437 4879 5437 5459 5396 5548 5319 5371 5142 5059 5215 5511 4984 5684 5083 5335 5201 5416 5004 5355 5148 4978 5303 5367 5436 5075 5425 5416 5253 5572 5113 5190 5227 5678 5411 5363 4755 5040 5534 5523 5122 5143 4966 5459 4943 5562 5298 5553 5172 5394 4970 5083 5028 5523 5183 5464 5229 5155 5098 5347 5189 4797 4996 5313 4850 5332 5193 5280 5488 5053 5089 5346 5078 5750 5285 5499 4933 5366 5190 5074 5274 5164 5756 4967 5179 5296 5128 5290 5268 5499 5416 5356 5181 5460 5319 5813 5037 5611 5227 5239 5374 4647 5343 5230 5433 4895 5112 5037 5525 5379 5130 5476 4917 5724 5121 5088 5372 5373 5377 5630 4983 5387 5437 5255 4750 5036 5211 5192 5226 4995 5030 5256 5055 5385 5125 5460 5246 5007 5248 5269 5233 4886 5861 4923 5206 5316 5053 4989 4854 5431 5416 4859 5488 5382 5452 5395 5671 5198 5228 5458 5194 5219 5722 5304 5646 5523 5668 5165 5787 4975 5457 5260 5595 5378 4943 5033 5422 5399 5299 5107 5131 4961 5083 5631 
4865 4339 4980 4915 4430 4989 4593 4906 5022 5032 4791 4556 4943 4554 4926 4781 4652 4804 5071 4732 4798 4778 4722 4185 5162 4835 4733 4583 5018 4587 4963 4341 4646 5018 4774 4195 4303 4917 4848 4419 4712 4441 4925 4714 4492 4843 5296 5149 4687 4809 4200 4869 4611 4989 4793 4831 4458 4399 4634 4879 4972 4809 4645 5174 4686 4791 4936 4499 4885 4663 4909 5068 5084 4794 4835 4515 4652 4959 4470 5135 4663 4904 4851 4906 4892 4674 4693 4805 4842 4671 4922 4759 5032 4917 4663 4811 4697 4526 4715 4973 4594 4925 4441 4235 4828 4760 5015 4760 4879 4775 4511 5232 4852 5068 4616 4647 4370 4674 4426 5052 4639 5158 4701 4796 4727 4734 4767 4425 4564 4855 4542 5260 5030 4820 4788 4360 4585 5108 4324 4895 4905 5093 4395 4532 4621 4654 4862 4593 4957 4493 4368 5014 4878 4769 4850 4878 4754 4847 4525 4950 4820 4992 4779 4979 4475 4804 4814 4369 4849 4761 4924 4565 4905 4281 5075 5039 4837 4979 4680 5218 4683 4398 5062 4889 4897 5002 4664 4599 5005 5109 4561 4585 4807 4572 4390 4892 4352 4889 4538 4944 5027 4835 4771 4827 4716 4834 4690 4716 4998 4572 4797 4876 4979 4445 4776 4685 4853 4752 5166 5065 4870 4818 4929 4968 4777 5025 4673 5297 5174 4919 4888 5054 5057 4652 5359 4533 4859 4796 4914 4802 4565 4635 4987 4806 4875 4839 4489 4507 4808 5216 
5179 4392 5088 4865 4757 4764 4655 4788 5272 4777 5047 4625 5080 4710 4933 5101 4936 5191 5241 4663 4964 4829 4925 4423 4967 4744 4962 4685 5065 5045 5146 4715 4981 5014 4742 4247 4609 5070 5057 4425 5129 4940 5132 4693 5220 5134 5192 5232 4759 5070 4724 4904 4846 4931 4559 5334 4940 4878 4597 4871 5189 5131 5002 5366 4939 5044 4919 4602 5063 4955 4871 4850 4795 4982 4970 4653 4845 5507 4792 5247 4852 4953 4615 4850 4508 4927 4993 4678 4766 4933 5400 4878 5226 5236 4958 5061 4955 4712 4827 5074 4817 5030 4695 4525 4843 5041 4759 5034 4970 5209 4531 5107 4968 5185 4896 5050 4360 4734 4575 5165 4843 5411 4683 4864 4950 4837 5051 4562 4883 4915 4544 4890 4939 4748 4866 4684 4940 5285 4764 4948 5132 5084 4637 5100 5031 4857 4836 4527 5412 4871 4953 4826 5042 4789 5060 5146 4840 4812 4709 4956 5185 5234 4948 5125 4999 5019 4792 4312 4916 4918 5043 4643 4866 4791 4858 5168 5006 4887 4950 5353 4482 4713 5097 4904 5199 5307 4529 5048 5041 4872 4469 4780 4894 5086 4601 5002 4721 4957 4770 5241 5248 4936 4704 4605 4990 4762 5019 4656 5537 4535 5037 4535 4904 4683 4901 4880 4743 4447 4960 5192 5101 4875 5116 4822 4889 5186 4808 4906 5279 4952 5000 5354 5246 4868 5476 4667 4944 4756 5358 4639 4667 4923 4955 5198 4568 4851 4789 4714 4887 5563 
5150 4794 5504 5369 5075 5057 4951 5484 5336 5223 5122 4957 5324 5141 5240 5163 5094 5011 5586 5194 5107 5247 5421 4801 5625 5644 5244 4970 5041 5202 5195 4855 5172 5394 5186 5161 4777 5341 5308 4515 5485 5195 5609 5380 5290 5417 5326 5322 5176 5181 4591 5430 5229 5514 4957 5583 4870 5149 5071 5566 5739 5433 5382 5521 5255 5016 5302 4902 5268 5379 5262 5340 5621 5356 5115 5122 5147 5647 4973 5555 5255 5501 5005 5416 5057 5138 5289 5105 5382 5264 5764 5216 5612 5439 5265 5457 5397 4902 5105 5549 5089 5494 4912 4677 5162 5215 5171 5180 5287 5384 4909 5618 5319 5290 5091 4975 5153 4895 4865 5704 5282 5420 5198 5238 5094 5057 5289 4802 5459 5225 4929 5446 5234 5394 5332 4753 4889 5485 5097 5728 5343 5300 5099 5420 5123 4987 5496 4807 5521 4972 5104 5243 5299 5357 5280 5530 5392 5281 5216 5658 5400 5554 5344 5208 5187 5111 5444 4528 5277 5226 5365 4897 5042 4787 5376 5427 5207 5280 5061 5819 4849 4823 5476 5304 5187 5717 4984 5291 5617 5234 4557 4921 5201 5163 5095 5585 4998 5092 5158 5123 5462 5358 5211 5164 5245 5409 5107 4944 5793 5073 5279 5270 5144 4902 5126 5330 5419 5057 5588 5591 5373 5453 5894 5178 5244 5507 5328 5477 5762 5577 5388 5696 5653 5579 6086 4874 5547 4897 5119 5261 4997 5210 5373 5313 5180 5343 5085 4915 5065 5930 
5146 4675 5288 5116 4852 5261 4854 5080 5388 4916 4976 4937 5154 4689 5431 5343 4969 5129 5479 5085 5107 5036 5058 4319 5359 5202 5102 5011 5091 4972 5176 4801 5274 5388 4835 4458 4692 4933 5056 4554 5086 4786 5194 4921 5026 5414 5014 5304 5116 5080 4664 5018 5118 5195 4927 5207 4561 4779 4676 4959 5058 5113 4873 5483 4892 5332 5116 4671 4800 4895 4937 5173 5252 5260 4968 5054 5038 5466 4699 5469 4818 5019 4900 5339 4821 4841 5177 4864 5087 5040 5254 4762 5373 5443 5150 5129 4889 4880 4902 5275 4829 5095 4672 4844 4996 5287 4815 4976 4949 5297 4721 5334 5217 5267 4649 5053 4534 4993 4617 5236 5006 5298 4879 4764 4942 5010 5145 5087 5112 5134 4812 5186 5157 4854 5026 4871 5054 5226 4418 5318 5107 5494 4791 5012 5025 4676 5455 4739 5260 4798 4802 5325 5211 5020 5200 5327 4920 4911 4937 5066 5434 5312 4821 5180 5076 5097 5068 4515 5026 5146 5100 4818 5040 4491 5177 5305 4963 5141 5024 5126 5076 4882 5027 5124 5002 5548 4731 5042 5099 5083 4556 4811 4986 4822 4728 4865 4753 5092 4722 5044 4904 5160 4751 4810 4729 5071 4892 4983 5850 4751 4760 4924 5205 4776 4717 5097 5058 4804 5207 5305 5056 4964 5283 5173 5205 5472 5134 5160 5621 4877 5111 5163 5411 4955 5631 4824 4940 4991 5285 5183 4829 5130 5156 5093 5296 5071 4709 4915 4922 5163 
5592 4855 5807 5619 5300 5470 5104 5729 5614 5543 5623 5427 5520 5514 5706 5459 5315 5616 5839 4929 5294 5630 5511 4934 5756 5486 5629 5039 5502 5275 5468 5082 5819 5311 5297 4878 5048 5951 5685 4919 5522 5259 5569 5447 5365 5610 5479 5778 5279 5524 4872 5576 5432 5465 5473 5776 5147 5518 5363 5692 5819 5911 5643 5764 5580 5568 5656 5159 5605 5459 5295 5672 5609 5575 5403 5336 5437 5849 5215 5806 5441 5634 5241 5430 5326 5509 5649 5309 5257 5507 5686 5423 5925 5623 5231 5775 5387 5457 5328 5646 5414 5516 5134 5354 5696 5474 5496 5480 5432 5894 5348 5901 5660 5651 5379 5434 5046 5348 5129 5654 5277 5997 5436 5451 5295 5586 5403 4999 5275 5583 5108 5593 5516 5317 5380 4813 5551 5953 5097 6002 5673 5835 5121 5321 5114 5538 5615 5375 6061 5259 5251 5582 5326 5529 5557 5678 5289 5505 5214 5368 5781 5984 5508 5855 5467 5449 5697 4871 5560 5384 5545 5214 5408 5224 5671 5668 5267 5353 5109 5999 5255 5190 5638 5641 5606 5963 5218 5516 5797 5075 4887 5079 5570 5374 5169 5347 4931 5408 5270 5553 5691 5697 5390 5208 5425 5516 5178 5165 6130 5145 5657 5553 5245 5117 5366 5378 5435 5105 5689 5684 5791 5325 5665 5525 5401 5982 5449 5441 5892 5758 5753 5692 6051 5365 6201 5156 5671 5493 5785 5355 5237 5136 5916 5954 5449 5631 5234 5273 5407 5762 
5179 4582 5211 5287 5010 5158 4896 5075 5179 5043 5452 4693 5136 5065 5256 5048 4937 5260 5595 4697 5115 5369 5142 4722 5468 5237 5115 4814 5092 5208 5247 4600 5552 5236 5006 4693 4635 5104 5171 4388 5248 4996 5413 5038 5079 5313 5382 5536 4962 5324 4693 5136 5094 5534 4934 5329 4868 4853 4944 5373 5279 5278 5282 5359 5206 5166 5126 4711 5163 4957 5043 5096 5307 5227 5109 4942 4960 5404 4772 5453 5000 5084 5153 5217 5045 5170 5088 5119 5200 5236 5032 5253 5558 5478 5275 4955 4963 4631 4707 5296 5032 5124 4752 4796 5351 5196 5078 5102 5159 5276 4813 5404 5280 5279 5032 4832 4796 4905 4782 5239 4993 5304 5118 5125 5054 5106 5107 4832 5025 5155 4878 5295 5125 5390 5103 5036 5021 5346 4715 5659 5403 5371 5001 5075 5065 5072 5173 4761 5577 4983 4778 5148 5026 5210 5392 5304 5084 4874 4944 5221 5501 5481 5250 5311 5096 5367 5208 4710 5135 5086 4934 4644 5372 4756 5253 5518 4997 5328 4964 5494 4981 4840 5303 5120 5313 5420 4824 5058 5301 4966 4691 4651 5224 4990 4988 5341 4564 5105 4831 5109 5101 5298 4802 5190 5093 4893 5003 4742 5685 4921 5121 5062 4976 4887 4896 5099 5145 4877 5100 5320 5197 5258 5641 5050 5068 5506 5090 5237 5482 5383 5345 5272 5660 4856 5926 4848 5228 5093 5154 5299 4835 4954 5233 5366 5307 4958 4906 4972 5118 5660 
4931 4333 5243 4897 4754 5140 4653 4793 5065 4901 5175 4785 4976 4948 4985 4869 4714 5073 5368 4754 4760 4931 4974 4313 5091 5369 4942 4636 4942 4911 5067 4470 5007 5037 4673 4542 4913 5111 5136 4324 4854 4940 4805 5036 4710 5087 5103 4983 4680 4979 4193 4937 4847 5110 4607 4945 4575 5034 4809 5155 5079 5004 5105 5024 4833 5104 5180 4617 5014 4700 4884 5014 4845 4923 4982 4772 4796 5106 4434 5214 4688 4987 4684 4741 4620 4973 4849 4834 4847 4628 4921 4830 5251 4878 4943 4872 4818 4757 4987 4689 4736 4806 4677 4543 5019 5042 5043 4812 4717 4894 4440 5191 4976 5290 4963 4608 4378 4954 4478 5105 4649 5343 4791 4735 4598 4738 4945 4461 4804 4967 4512 5027 5056 5054 4926 4625 4589 5031 4704 5344 5089 5120 4460 5019 4625 4808 4834 4520 5161 4659 4724 4870 4905 4870 4844 5250 4896 4953 4761 4974 5096 5128 5107 4980 4759 5017 5000 4336 5004 4898 5178 4692 4937 4886 5135 5072 4936 4957 4745 5305 4982 4839 5002 5031 5488 5120 4619 4864 4965 4876 4578 4705 5086 4841 5036 4962 4777 4505 4544 4750 4813 5116 4680 4678 4879 4845 5031 4554 5620 4838 5105 4842 4980 4522 4648 5031 4720 4486 5401 5113 5064 4793 5088 4820 4592 4900 4760 5032 5382 5081 4881 4986 5345 4610 5448 4658 4929 4916 4920 4698 4379 4492 4711 5320 4565 5006 4491 4395 4876 5392 
5619 4890 5458 5448 5182 5592 4978 5497 5371 5224 5550 5393 5440 5111 5597 5239 5369 5403 5821 5328 5697 5386 5449 4967 5730 5663 5587 5253 5369 5483 5142 4962 5379 5451 5300 5078 5008 5666 5426 4802 5366 5415 5582 5156 5337 5580 5591 5461 5158 5744 4907 5510 5536 5443 5042 5752 5121 4899 5090 5540 5900 5659 5597 5857 5245 5491 5797 5011 5539 5261 5348 5692 5562 5503 5476 5380 5137 5715 5042 5800 5040 5364 5220 5346 5394 5258 5197 5357 5206 5232 5460 5329 5693 5564 5518 5532 5235 5249 5226 5641 5394 5439 5036 5066 5347 5575 5738 5604 5191 5881 5306 5590 5223 5492 5434 5229 4979 5363 5142 5653 5444 5538 5100 5553 5482 5380 5544 5120 5170 5322 5075 5764 5223 5264 5358 5186 5117 5665 5110 5791 5499 5362 5132 5365 5520 5442 5484 5055 5773 5009 4955 5702 5402 5619 5735 5672 5360 5393 5349 5697 5918 5699 5367 5357 5347 5520 5669 4964 5459 5306 5448 5313 5241 5135 5513 5451 5374 5660 5089 5859 5167 5090 5282 5278 5589 5823 5258 5419 5525 5330 4904 5294 5179 5165 5064 5330 5061 5628 4851 5579 5592 5624 5117 5025 5323 5455 5395 5073 5874 4917 5438 5410 5372 5036 5225 5757 5436 4995 5851 5709 5584 5244 5735 5341 5469 5805 5352 5585 5867 5812 5563 5465 5784 5394 6038 4929 5504 5161 5528 5335 5251 4960 5626 5934 5494 5273 5189 5109 5303 6050 
5234 5008 5748 5399 5099 5675 5260 5454 5503 5516 5675 5169 5601 5061 5451 5558 5087 5669 5703 5267 5453 5331 5296 4858 5619 5764 5402 5117 5453 5440 5605 4956 5480 5492 5273 4945 5065 5549 5475 4668 5359 5128 5577 5088 5358 5529 5722 5714 5284 5452 4798 5393 5567 5596 5208 5581 4906 5113 5376 5846 5431 5517 5472 5628 5292 5589 5399 5087 5432 5345 5568 5506 5580 5337 5386 5244 5309 5721 5241 5732 5254 5341 5048 5497 5338 5193 5482 5359 5225 5162 5577 5216 5677 5638 5351 5493 5357 4942 5031 5387 5273 5466 5105 4900 5372 5480 5263 5158 5156 5652 5103 5919 5398 5706 5234 5104 5017 5164 4799 5628 5297 5613 5480 5189 5188 5042 5436 5054 5289 5132 4853 5641 5499 5212 5552 5000 5078 5711 4914 5679 5660 5742 5076 5423 5170 5352 5660 5157 5813 5108 4826 5653 5410 5394 5474 5302 5319 5450 5287 5940 5459 5755 5342 5685 5282 5201 5290 4575 5341 5416 5242 5134 5161 4906 5813 5320 5308 5516 5499 5822 5552 5109 5812 5305 5582 5533 5054 5283 5628 5264 4809 5134 5390 5312 5361 5252 5077 5259 5136 5599 5534 5630 5146 5136 5180 5526 5433 5016 5630 5230 5370 5521 5424 4827 5006 5536 5591 4998 5735 5785 5356 5374 5584 5217 5384 5666 5010 5542 5517 5578 5444 5491 5947 5485 5835 5031 5566 5389 5391 5335 5195 5179 5448 5578 5057 5323 5213 4945 5145 5692 
5020 4500 5158 4908 4655 4945 4736 4952 5291 5005 5034 4877 5059 4674 5077 4997 4735 5090 5400 4875 5160 4902 4948 4505 5338 5158 5082 4710 5059 5128 4882 4438 5032 5224 4890 4311 4848 5326 4982 4302 4983 4776 4926 4978 4910 5357 4974 5027 5009 5114 4460 5010 4722 5012 4580 5364 4759 4927 4906 5281 5073 4976 4825 5252 4911 5057 5183 4582 4970 4714 5176 5055 4770 5030 4757 5089 5014 5174 4561 5577 4736 5102 4991 4820 4640 4979 5110 4942 5184 5045 5158 4661 5222 5128 4845 5141 4851 4823 4979 4945 4724 5112 4603 4289 4786 4975 5347 4783 4868 5298 4589 4979 5053 5277 4898 4940 4483 4760 4392 5107 4762 5452 4816 4871 4698 4666 5087 4659 4926 4998 4842 5318 4961 5135 5028 4706 4896 5214 4569 5019 5147 5077 4600 4803 4904 4708 5098 4664 5198 4827 4702 5116 4990 5052 5114 5188 4851 4989 4785 5226 5126 5444 4623 5158 5015 4955 5101 4489 5015 5262 4904 4755 4864 4300 5085 4952 4960 4984 4770 5447 5107 4734 4990 4872 5114 5280 4444 5030 5285 4869 4368 4527 4940 4929 4476 5028 4669 5049 4674 5035 4892 5315 4708 4672 4900 4997 4995 4575 5411 4542 5069 4813 4881 4376 4869 4960 5008 4461 5321 5220 5448 4812 5151 4716 4986 5240 4937 4846 5557 5198 4978 5046 5037 4954 5719 4684 5034 4919 5064 4837 4690 4568 4841 5363 4996 5086 4734 4452 4756 5487 
5318 4542 5457 5267 4726 5329 4857 5488 5401 5113 5293 4999 5352 5016 5531 5261 4974 5222 5648 5030 5067 5324 5336 4829 5430 5623 5138 5065 5079 5224 4826 4809 5290 5538 4956 4755 4716 5509 5338 4483 5164 5254 5088 4769 5068 5380 5034 5462 4910 5373 4752 5186 5099 5327 5116 5338 4880 5132 5029 5308 5435 5330 5567 5338 5222 5309 5448 4879 5121 4978 5024 5423 5257 5269 5155 5231 5117 5642 4730 5368 4854 5172 5045 5207 4997 5403 5244 5094 5373 4944 5203 5081 5810 5118 5154 5209 5045 5188 5084 5485 4991 5154 4860 4865 5173 5153 5382 5107 5084 5425 4939 5134 5074 5263 4900 5024 4651 4756 4695 5375 5188 5639 4836 4967 4798 4943 5043 4826 5116 5285 4824 5667 5189 5465 5379 5104 4951 5748 4809 5633 5365 5209 4835 5318 5118 4993 5287 5052 5299 4743 4803 5377 5046 5197 5161 5374 5022 5090 4955 5540 5315 5579 5125 5343 5259 5337 5283 4569 5131 5127 5182 4659 5297 4819 5371 5538 4848 5182 5188 5847 4988 5030 5430 5509 5464 5474 4925 5432 5397 5375 4595 4996 5333 4959 4929 5353 4716 5087 4795 5062 5125 5311 4882 5152 5044 5226 5081 4961 5911 4973 5199 5103 5237 4980 5013 5110 5129 4816 5360 5421 4933 5239 5715 5026 4962 5521 4847 5436 5772 5348 5488 5363 5799 5085 5512 4858 5258 5066 5180 5054 5330 4818 5008 5511 5248 5138 4720 4958 5188 5867 
5317 4932 5380 5307 4927 5380 4921 5322 5399 4927 5423 4946 5306 5141 5465 5357 5173 5108 5576 4932 5270 5193 5434 4834 5507 5589 5221 4982 4982 5399 5290 4840 5355 5500 5005 4829 4826 5399 5325 4725 5299 5152 5332 5220 5146 5169 5299 5462 5090 5508 4727 5477 5033 5408 5030 5373 4970 5250 4809 5681 5459 5340 5556 5445 5407 5322 5225 4864 5202 4949 5331 5365 5153 5398 5028 5255 5156 5654 4936 5389 5124 5330 5069 5504 5165 5161 5189 5188 5240 5135 5520 4952 5746 5245 5219 5496 5125 4819 5128 5528 5287 5374 4879 4748 5360 5410 5305 5139 5178 5204 4737 5628 5105 5458 5137 5173 4954 5318 4728 5336 5172 5413 5188 5063 4768 5029 5127 5059 5151 5358 5059 5549 4833 5202 5225 5103 4873 5386 5158 5865 5208 5336 4878 5343 5118 4846 5464 5138 5464 5161 5074 5345 5101 5305 5187 5503 5191 4932 5141 5402 5510 5687 5481 5314 5106 5176 5208 4705 5098 5192 5439 4830 5157 5001 5345 5139 5153 5542 4945 5727 4901 4885 5235 5409 5236 5692 4770 5385 5527 5061 4668 4985 5286 5161 5169 5396 4693 5137 4992 5043 5469 5452 5308 5208 5263 5198 4916 4982 5473 4894 5280 5222 5215 4947 5095 5253 5245 4911 5478 5507 5401 5558 5424 5096 5194 5343 5203 5253 5574 5281 5509 5519 5480 5258 5896 4897 5213 5227 5291 5143 4911 5162 5173 5464 5205 5241 4976 5033 5138 5716 
4936 4481 5300 5205 4836 5198 4720 5253 5126 4888 5043 4983 5265 4699 5296 5155 4733 5042 5276 4943 4913 5064 4916 4465 5432 5031 5207 4918 4873 5377 5095 4609 5389 5045 4751 4665 4912 5526 4950 4321 5144 4908 5361 5068 5245 5092 5402 5289 4986 5180 4485 4940 5162 5194 4819 5191 4592 4791 4648 5280 5040 4955 5117 5426 5022 5165 5267 4685 5098 4860 5082 5050 5131 5273 5023 5091 4971 5292 4973 5291 4995 5298 4804 5215 5057 5092 4780 4975 4909 5253 5261 4962 5187 4969 5201 5177 4878 4837 4982 5191 4962 5189 5067 4639 5067 5194 4990 4887 4924 5232 4757 5402 4873 5274 4736 4914 4582 4775 4781 5465 5046 5081 5031 4763 4963 4960 4983 4698 4888 5033 4904 5360 5082 4749 4994 4398 5017 5238 4800 5409 5161 5177 4645 5067 5234 4756 5494 4761 5236 4939 4866 5153 5063 5276 5262 5293 4927 5053 4978 5152 5176 5149 4960 5146 5005 5351 5043 4406 5301 4997 5294 4885 4686 4713 5249 5180 5059 5099 4920 5597 4746 4795 5272 5196 5057 5360 4855 5051 5263 4750 4385 4707 5098 5139 4869 5090 4755 4763 4930 5167 5163 5142 4752 4700 4959 5243 4977 4805 5501 4746 4928 4972 4878 4670 4898 5112 5108 4614 5345 5211 5191 5004 5361 4788 4966 5246 5053 5205 5566 5225 5294 5147 5367 5144 5134 4674 5100 4978 5103 4973 4769 4934 5093 5216 4744 5006 4829 4926 4940 5474 
4997 4307 4926 5075 4671 4960 4500 4992 4912 4895 4972 4509 4927 4727 4850 4947 4770 4786 5192 4508 4896 4873 4814 4470 4972 4986 4993 4426 4962 4921 5021 4481 4996 5032 4794 4230 4627 5032 4763 4396 4991 4829 4968 4604 4697 4750 4898 5128 4768 4824 4179 4969 4887 4624 4478 5132 4502 4836 4857 5217 4918 4900 4792 5039 4738 4925 4760 4777 4713 4604 4934 4879 5019 4998 5009 4809 4726 4934 4663 4991 4941 5025 4721 4904 4704 4666 4724 4555 4747 4717 5022 4726 4999 5073 4622 4800 4856 4578 4740 4905 4802 4811 4604 4560 4904 4846 4556 4706 4697 4964 4584 5134 4801 5084 4708 4786 4313 4672 4464 5143 4601 5193 4777 4470 4562 4663 4991 4442 4573 4629 4273 5042 4913 5078 4803 4438 4488 5063 4512 5289 5027 4927 4629 4818 4916 4665 4812 4542 5327 4581 4607 4973 4741 4705 4771 5056 4685 4724 4628 4753 5050 5185 4890 4927 4663 4625 4989 4124 4701 4723 4640 4556 4681 4477 5202 4843 4938 4954 4732 5275 4715 4605 4854 4860 5282 4870 4324 4633 5108 4573 4585 4676 4690 4611 4687 5016 4547 4646 4582 4761 5047 5076 4701 4591 4734 4681 4834 4475 5296 4538 4923 5068 4692 4460 4681 4842 4636 4372 5074 5150 4970 4897 4984 4759 4656 5134 4646 4878 5176 5132 4857 5185 4976 4802 5458 4440 4985 4923 5222 4587 4497 4632 4602 5046 4781 4700 4793 4464 4777 5157 
5306 4662 5056 5217 5058 5237 4979 5598 5090 5160 5391 4960 5351 5168 5614 5253 5019 5308 5630 5007 5219 5192 5124 4813 5640 5652 5241 5108 5155 5286 5510 4826 5395 5314 5176 4700 5185 5609 5443 4668 5267 5041 5364 5049 5224 5366 5431 5478 5228 5271 4584 5405 5509 5297 5068 5764 5053 5054 4932 5753 5483 5426 5310 5450 5406 5406 5380 4736 5205 5321 5450 5604 5192 5392 5183 5164 5066 5616 5008 5441 5252 5329 5202 5240 5232 4963 5166 5098 5379 5314 5343 5289 5550 5600 5114 5293 5426 5033 5075 5654 4963 5288 5086 4973 5228 5283 5422 5428 5210 5650 5034 5379 5309 5502 5277 5313 4827 5036 5241 5618 5212 5597 4775 5192 5196 5515 5160 4803 5098 5182 4902 5644 5373 5209 5409 5155 4931 5434 5048 5591 5262 5273 4659 5077 5276 5053 5139 4872 5738 4872 4867 5322 5189 5166 5633 5325 5162 5056 4929 5576 5547 5813 5343 5561 5270 5264 5341 4494 5515 5206 5208 4993 5277 4869 5346 5485 5322 5281 5068 5573 5265 4892 5282 5421 5453 5534 4813 5142 5393 5172 4782 4911 5253 5097 5080 5361 4788 5228 5053 5388 5244 5229 4927 5057 5189 5220 5239 4920 5580 4888 5402 5172 5039 4675 5284 5101 5169 4949 5644 5300 5287 5292 5485 5027 5294 5744 5079 5551 5430 5470 5384 5621 5639 5011 5969 5093 5442 4852 5563 5216 4890 4985 5406 5585 5289 5494 5164 5035 5205 5710 
4739 4376 4946 4941 4398 4711 4426 4848 4980 4670 4930 4488 5032 4522 4865 4767 4487 4760 5075 4500 4614 4614 4655 4293 4931 4937 4779 4689 4714 4693 4931 4339 4878 4862 4201 4298 4338 4813 4664 4157 4820 4624 4875 4534 4933 4953 4973 4889 4699 4872 4375 4921 4743 4943 4549 4943 4315 4366 4577 5019 4800 4777 4606 4976 4806 4843 4940 4244 4910 4651 4911 5036 4573 4378 4544 4757 4659 5308 4233 5129 4711 4462 4637 4722 4452 4573 4773 4465 5099 4629 4866 4664 5002 4979 4925 5072 4802 4374 4697 4868 4512 4533 4438 4653 4768 5005 4688 4680 4878 4886 4203 5099 4671 4937 4767 4712 4394 4734 4301 5084 4777 4974 4537 4796 4609 4544 4473 4519 4822 4545 4350 5016 4781 4640 4859 4618 4371 5193 4579 4980 4684 4824 4418 4811 4573 4515 4685 4538 5041 4563 4654 4911 4841 4712 4754 4819 4780 4303 4519 5298 4823 5020 4562 4662 4887 4630 4434 4220 4813 4801 4905 4714 4620 4216 4437 4888 4458 4780 4724 4924 4522 4494 4766 4855 4887 5007 4338 4739 4988 4654 3927 4440 4907 4831 4526 4675 4492 4794 4309 4966 4916 4983 4392 4534 4567 4890 4974 4446 5123 4563 4707 4811 4798 4466 4531 4621 4852 4451 5067 4997 4644 4703 5045 4587 4772 5136 4597 4877 4984 4724 4618 5026 5087 4786 5156 4713 4778 4391 4697 4723 4513 4745 5013 4943 4737 4658 4739 4380 4498 5175 
5338 4644 5428 5177 5030 5304 4822 5288 5331 5137 5154 4958 5186 5194 5438 5169 5164 5193 5286 5175 5118 5348 5257 4712 5393 5402 5097 5072 4721 5324 5129 4860 5396 5305 4961 4667 5080 5510 5356 4529 5337 5021 5466 4897 5148 5269 5297 5293 5113 5373 4567 5107 5316 5300 4895 5377 4685 4904 4743 5516 5528 5291 5409 5450 4887 5103 5279 5033 5197 5015 5126 5253 5166 5236 5158 5161 4999 5412 4803 5509 5102 5308 5155 5259 4909 5246 5082 4790 5301 4924 5273 5300 5579 5439 5470 5339 5115 4903 4930 5491 5138 5265 4649 4915 5311 5270 4802 5224 5120 5616 4810 5183 5015 5390 5161 5014 4996 5181 4894 5121 5371 5619 4914 5361 4948 4941 5317 4798 5074 5178 4893 5361 5191 5312 5103 4923 4886 5547 4768 5499 5265 5260 4933 5121 5185 4995 5300 4840 5405 4691 4840 5116 5134 5267 5300 5228 5087 4988 5149 5303 5328 5671 5040 5434 4948 5245 5329 4491 5244 4967 5070 4803 5342 4853 5387 5228 5150 5366 4650 5789 5144 4971 5531 5314 5295 5400 4867 5323 5444 4976 4716 4764 5239 5080 4905 5182 4746 5171 4893 5196 4932 5431 4840 4875 4801 5332 5175 4860 5668 4979 5176 5109 4834 4769 4899 5229 4828 4785 5382 5348 5329 5232 5550 5153 4977 5753 5242 5402 5643 5525 5251 5273 5785 5195 5554 4951 5299 5084 5187 4977 4963 4577 4881 5201 5129 5180 4846 4882 5047 5589 
5126 4849 5024 5208 4888 5431 4778 5326 5145 4929 5009 4868 5089 4965 5128 5146 5111 5187 5495 4955 4996 5057 4970 4603 5385 5052 5190 5152 5199 5071 5068 4634 5312 4923 4955 4554 4865 5403 5376 4348 5211 4833 4978 4909 5303 5088 5073 5193 5109 4983 4327 5437 5208 5219 4800 5287 4579 4890 4772 5240 5176 5183 4967 5103 5025 5005 5193 4824 4985 5070 5204 5454 5105 5000 5095 4944 5081 5348 4943 5348 5086 5265 4890 5219 4873 5020 5099 4844 5064 5181 5213 4878 5286 5189 4994 5051 5087 4855 5141 5298 5015 5191 4979 4789 4954 5072 5029 5140 5058 5427 4733 5564 5170 5358 4835 4995 4744 4888 4770 5043 4950 5412 4541 5129 4924 5226 5243 4502 4835 5171 4770 5226 5290 4804 5095 4671 4716 5484 4656 5483 5053 5190 4656 4892 5013 5088 5304 4969 5480 4744 4761 5261 5194 5186 5318 5122 5011 5130 4787 5366 5435 5620 5066 5162 5196 5253 4931 4441 5357 5089 5245 5009 5002 4719 5222 5284 5000 5345 4652 5357 4960 4707 5005 5380 5257 5212 4932 4878 5350 5128 4332 4788 5180 5062 4876 4828 4747 5109 4979 5328 5029 5188 4931 4682 4854 5368 5009 4813 5543 4807 5094 4886 5026 4702 4938 5158 5135 4857 5365 5266 5381 5038 5327 4651 5218 5442 4923 5291 5332 5266 5187 5403 5438 5220 5566 4773 5334 5065 4998 4891 4829 4872 5188 5281 4940 5159 4835 4935 4940 5523 
4991 4579 4819 4906 4390 4872 4563 4789 4888 4880 4858 4562 4816 4696 5061 5109 4731 4772 5081 4628 4826 4628 4666 4408 5192 4920 4754 4769 4872 4690 4835 4401 4926 4730 4841 4480 4395 5203 4895 4233 4868 4881 4799 4498 4823 4904 4855 5026 4468 4775 4351 4749 5059 4910 4704 5213 4526 4768 4704 5088 5172 4903 4945 5090 4805 4865 4905 4528 4951 4962 4759 4889 4858 4779 5041 4737 4895 5339 4586 5054 4801 4961 4644 4702 4628 4635 5062 4652 4671 4984 4798 4677 4993 5087 4838 4861 4835 4580 4993 5109 4731 4894 4605 4516 4595 4837 4632 4730 4686 4886 4880 5089 4973 4673 4831 4929 4643 4688 4534 5092 4800 5002 4409 4726 4629 4680 4793 4415 4813 4647 4619 4644 4954 4769 4749 4644 4850 5014 4660 5244 5092 4960 4644 4873 4755 4684 4927 4542 5244 4609 4786 5067 5031 4688 4749 5008 4819 4846 4536 5055 5155 5206 4907 4955 4788 4870 4843 4319 4895 4866 5042 4794 4573 4470 4999 5028 4538 4876 4642 5319 4736 4706 4995 4747 5105 5083 4619 4748 4998 4738 4394 4637 5094 4836 4437 4967 4519 4752 4894 4878 4880 5118 4706 4531 4681 4977 4926 4670 5348 4606 4897 4751 4869 4494 4806 4856 4773 4748 5149 5242 4737 4884 5139 4684 4923 5077 4520 5166 5178 4876 4967 5343 5164 4847 5597 4501 4823 4719 5147 4792 4467 4654 4902 4894 4919 4918 4714 4824 4943 5447 
5509 4815 5559 5379 5094 5470 5256 5479 5614 5371 5682 5062 5358 5393 5837 5357 5496 5514 5657 5194 5636 5495 5511 4743 5627 5651 5451 5182 5388 5351 5635 4822 5472 5541 5285 4879 5073 5696 5553 5003 5545 5462 5592 5410 5312 5439 5511 5528 5135 5302 4631 5356 5507 5528 5396 5603 5042 5299 4995 5495 5531 5653 5482 5697 5301 5481 5372 4743 5376 5503 5445 5423 5296 5701 5257 5454 5254 5488 4972 5466 5725 5386 5318 5654 5214 5186 5451 5122 5427 5176 5686 5280 5400 5810 5482 5616 5603 4889 4981 5699 5180 5345 5173 5209 5316 5804 5308 5357 5503 5590 5199 5884 5249 5680 5256 5402 4911 5426 5177 5673 5176 5900 5015 5405 5351 5369 5433 5064 5210 5254 5203 5866 5396 5189 5543 5295 4999 5559 5074 6010 5640 5755 5259 5602 5359 5023 5359 4981 5702 5186 5493 5670 5560 5477 5716 5591 5629 5117 5282 5518 5727 5821 5533 5378 5209 5199 5667 4697 5395 5270 5348 5069 5450 4965 5301 5454 5471 5494 5132 5658 5435 5206 5533 5385 5708 5747 5021 5398 5654 5251 4840 5153 5401 5182 5236 5488 4774 5494 4999 5472 5416 5614 5163 5075 5159 5419 5455 5065 5924 5093 5355 5583 5507 5141 5123 5487 5558 4988 5551 5478 5467 5441 5712 5552 5427 5716 5314 5339 5825 5548 5647 5628 5616 5321 6002 5192 5562 5343 5384 5388 4953 5365 5570 5664 5401 5381 4982 5065 5306 5848 
5248 4715 5481 5190 4888 5291 4789 5265 5380 5136 5267 5065 5523 5250 5152 5190 4878 5207 5411 4951 4886 5286 5254 4506 5486 5382 4934 5074 5025 5233 5342 4601 5315 5421 5115 4646 4911 5369 5219 4572 5349 5017 5387 5018 5049 5170 5460 5318 5036 5215 4931 5222 5130 5453 4762 5509 4994 5001 4853 5421 5471 5417 5200 5361 5230 5259 5587 4823 5419 5022 5254 5604 5226 5249 5214 4915 4916 5644 4619 5679 4888 5299 5315 5248 4996 5152 5352 5051 5016 5119 5358 4991 5565 5400 5346 5474 5144 4924 4888 5326 4949 5200 4892 4777 5310 5164 5214 5172 4922 5100 4773 5319 5243 5309 4980 5286 4868 4964 5070 5246 5017 5527 4985 5002 5213 4947 5205 4831 5138 5394 4845 5307 5120 5244 5367 4969 4892 5454 4815 5522 5270 5375 4936 5220 5103 5045 5261 5012 5344 4954 4885 5198 5104 5278 5161 5408 5027 5387 4652 5381 5357 5709 5211 5288 5177 5265 5248 4568 4979 5146 5233 4773 5309 4946 5525 5326 5040 5242 4700 5750 5042 4928 5175 5259 5381 5463 4840 5301 5155 5372 4743 4852 5221 4975 5266 5185 4829 5262 4970 5347 5149 5228 5011 5333 5024 5177 5275 4907 5672 4846 5063 5204 5066 5024 5073 5111 5211 4905 5687 5320 5344 5428 5464 5180 5064 5598 5278 5281 5708 5231 5124 5703 5566 5186 5837 4783 5258 5301 5509 5214 4868 4825 5356 5484 5240 5311 4959 4959 5007 5882 
5047 4531 5386 5225 4969 5217 4702 5159 5401 5079 5266 4825 5156 4904 5290 4880 4670 5036 5277 4916 4809 5267 4932 4615 5290 5089 5196 4933 5043 5200 5270 4573 5424 5208 4814 4807 4607 5553 5130 4601 5279 4846 5343 5365 5134 4951 5118 5270 5124 5055 4951 5378 5048 5105 5042 5485 4867 5151 4881 5223 5516 5428 5313 5410 5081 5035 5144 4695 5144 4970 5150 5107 5262 5127 5090 5167 5131 5433 5035 5447 5029 5201 5171 5139 4828 5101 5163 4715 5014 5043 5417 4964 5489 5369 5200 5648 5135 4834 4951 5616 4914 5157 4883 4838 5285 4958 5271 5015 5222 5438 4712 5309 5232 5318 5026 5112 4896 4698 4722 5365 4952 5613 4853 5018 4963 5125 5020 4655 4904 5044 4548 5173 5260 5173 5115 4838 5179 5645 4665 5595 5185 5011 4823 5082 4938 4777 5400 4983 5266 5084 5005 5284 5287 5128 5259 5322 5142 5062 4885 5167 5228 5412 5037 5335 4713 5183 5512 4206 4967 4996 5166 4864 4991 4826 5271 5294 5112 5077 4901 5701 4971 4814 5113 5143 5226 5350 4798 5167 5415 5138 4657 4802 5132 4900 5045 5309 4459 5018 4927 5068 5207 5423 4823 4810 5221 5075 5010 4713 5790 4698 5004 4931 5024 4717 5008 5082 5260 4734 5456 5338 5198 5149 5386 5064 5084 5484 5088 5212 5291 5115 5247 5391 5536 5071 5725 4777 5332 5037 5300 5139 4851 4906 5239 5320 4991 5095 5096 5002 5138 5421 
5300 5082 5520 5447 5319 5509 5085 5466 5623 5292 5303 5370 5250 5249 5341 5503 5210 5434 5891 5304 5324 5305 5063 4965 5775 5516 5421 5148 5320 5376 5414 5128 5457 5595 5117 4999 5177 5608 5508 4707 5370 5361 5449 5270 5511 5607 5591 5315 5362 5639 4863 5407 5544 5501 5108 5747 4948 5301 4930 5656 5322 5519 5438 5764 5191 5413 5412 4860 5307 5347 5286 5601 5347 5410 5421 5511 5361 5932 5288 5793 5335 5547 5165 5647 5196 5291 5353 5312 5358 5316 5458 5284 5526 5629 5520 5492 5330 5361 5316 5632 5122 5112 4969 4903 5281 5545 5436 5485 5129 5592 5119 5364 5270 5710 5353 5185 4897 5376 4887 5554 5434 5692 5207 5346 5473 5365 5370 4832 5101 5300 5073 5736 5470 5107 5510 5135 5285 5742 5091 5680 5202 5724 5160 5441 5392 5407 5305 4972 5957 5266 5177 5490 5324 5547 5618 5674 5632 5319 5216 5664 5636 5923 5438 5481 5218 5368 5485 4945 5303 5389 5382 5079 5148 5002 5477 5482 5300 5586 5389 5790 5287 5015 5456 5627 5477 5708 4978 5514 5696 5485 4708 5078 5316 5097 5100 5463 4947 5424 5093 5503 5429 5511 5033 5085 5139 5464 5178 4856 5759 5095 5409 5383 5289 5043 5296 5496 5327 5055 5581 5500 5339 5441 5666 5300 5404 5782 5395 5317 5824 5333 5685 5542 5696 5364 5886 5255 5471 5191 5501 5401 5081 5056 5433 5691 5158 5461 4968 5261 5522 5859 
5157 4677 5385 5002 4731 5361 4714 5282 5485 5098 5258 5155 5381 4794 5327 4983 4970 5202 5388 4953 4964 5178 5425 4579 5605 5427 5273 4874 4979 5278 5263 4593 5247 5375 5040 4629 4750 5685 5459 4574 5154 5075 5224 4921 4923 5251 5486 5170 5186 5234 4647 5219 5035 5109 5026 5343 4845 4846 4987 5541 5468 5289 5271 5097 5145 5303 5374 4660 4933 5138 5275 5196 5338 5119 5047 4820 5042 5438 4758 5588 5024 5406 5113 5136 4709 5024 5176 4818 5140 4977 5320 4954 5485 5393 5055 5404 5151 5083 4920 5283 5159 5145 4569 4656 5403 5199 5142 4934 5173 5382 4740 5302 5211 5509 4911 5374 4710 5010 4851 5273 5057 5668 5132 5027 5018 5089 5261 4719 5107 5138 4951 5497 5135 5113 5285 5031 5020 5355 4952 5461 5224 5355 4744 5167 5122 4863 5171 4720 5447 5032 4884 5256 5237 5320 5288 5262 5101 5113 4668 5411 5347 5480 4901 5476 4941 5238 5240 4675 4899 5452 4911 4987 5104 4833 5407 5159 5182 5247 4760 5672 4997 4675 5192 4968 5440 5428 4884 5190 5376 5224 4685 4817 5116 4953 4799 5190 4847 4874 4819 5104 5074 5264 4766 4947 4796 5249 5173 4920 5599 4945 5369 5314 4987 4831 4886 5057 5092 4713 5454 5607 5240 5219 5366 5020 5029 5519 4824 5172 5537 5140 5272 5319 5557 5065 5514 5128 5144 5195 5320 5102 5004 4786 5275 5238 5045 5304 5045 4980 4992 5621 
4749 4083 4824 4764 4595 4436 4484 4897 4910 4804 4679 4577 4878 4596 5064 4522 4499 4852 5289 4834 4560 4867 4739 4304 5245 4855 4563 4438 4694 4709 4765 4372 4936 5042 4544 4318 4660 5105 4733 4209 4700 4688 5023 4495 4910 4968 4775 5130 4890 4913 4478 4927 4844 4999 4549 4932 4503 4757 4544 5132 4928 4822 5112 4998 4569 4659 4739 4664 4657 4557 5111 5180 4774 5070 4794 4642 4786 5066 4591 5171 4531 4699 4728 4702 4451 4896 4965 4572 4668 4723 5024 4696 5072 4949 4637 5010 4898 4816 4614 5044 4669 4892 4317 4226 4615 4659 4684 4715 4645 5124 4477 4918 4627 4886 4789 4788 4670 4434 4199 4982 4819 5023 4465 4641 4564 4583 4969 4479 4883 4698 4579 4505 4754 4802 4658 4704 4734 5019 4686 5127 4740 4899 4477 4935 4940 4723 4965 4492 5321 4541 4686 4818 4871 4797 4965 5035 4802 4792 4591 5100 4712 4983 4727 4995 4807 4886 4880 4273 4807 4920 5041 4636 4608 4547 4825 4685 4781 4708 4665 5045 4735 4523 4740 4867 5028 5226 4564 4732 4808 4713 4354 4542 4740 4575 4574 5167 4489 4815 4770 4953 4885 5127 4580 4609 4922 4991 4918 4223 5378 4578 4668 4679 4480 4375 4708 4890 4902 4608 5154 5066 4872 4958 5118 4548 4896 5046 4650 4379 5260 5008 5055 4829 5189 4728 5235 4678 4935 4549 5065 4605 4703 4369 4691 4941 4616 4958 4663 4491 4768 5167 
4962 4473 5407 5321 4937 5011 4887 5158 5295 5088 5228 4881 5148 4917 5523 5194 4816 5038 5447 5001 5232 5058 5269 4687 5484 5168 5091 4916 5014 5102 5011 4708 5090 5352 5154 4668 4735 5056 5111 4409 5166 4805 5447 4994 5178 5210 5260 5240 4867 5192 4528 5194 4931 5209 4876 5203 4676 4995 4901 5341 5336 5124 5209 5386 4982 5091 5218 4788 5126 4935 5317 5161 5382 5527 5037 4850 4823 5616 4839 5435 4994 5195 4857 5361 5007 5161 4753 5161 4840 4939 5166 4743 5429 5202 5093 4953 4769 4989 4937 5343 4931 5225 4848 4589 5120 5269 5305 5007 4881 5266 4774 5334 4906 5319 4754 5085 4793 4862 4842 4965 4926 5117 5075 4738 4985 5099 5066 4683 4962 5153 4669 5227 4809 5157 5288 4774 4815 5279 4892 5393 5187 5387 4888 5150 5056 4927 5368 4928 5135 4800 4568 5217 4999 5287 5070 5228 5033 4950 4790 5223 5442 5344 5033 5161 5009 5165 5051 4484 4906 4922 5237 4660 4994 4870 5234 5365 5231 5089 4910 5426 4802 4816 5097 5035 5263 5469 4746 5003 5112 4817 4746 4585 5067 4816 4862 5142 4795 4940 4741 4901 5162 5468 4949 5018 5172 4972 4757 4671 5634 4702 5222 5084 4974 4908 4749 5138 5212 4339 5426 5182 5142 5382 5365 5243 4900 5210 4963 5141 5551 5353 5443 5223 5422 5048 5594 4909 5110 4896 5226 5186 5111 4752 5066 5259 5032 5053 4823 4454 5024 5865 
5250 4566 5075 5229 5008 5253 4787 5297 5357 4922 5181 5200 5348 4774 5410 5226 5011 5128 5592 5031 5136 5166 5243 4692 5589 5362 5150 4799 5228 5049 5310 4912 5346 5322 4846 4754 4908 5438 5197 4560 5401 5020 5244 5013 5044 5127 5392 5219 5035 5262 4564 5379 5103 5348 5054 5554 5055 5007 5096 5452 5493 5252 5212 5435 5382 5232 5548 4748 5218 4933 5207 5311 5205 5394 5126 5166 5126 5327 4875 5729 4972 5363 4814 5210 5215 5308 5084 5042 5266 4964 5396 4960 5506 5528 5230 5186 4809 5169 5293 5224 5035 5465 4783 4888 5250 5216 5314 5083 4989 5510 4682 5550 5307 5384 5142 5085 4829 4871 5042 5384 5192 5254 4939 5015 4830 4870 5163 4456 5130 5502 4981 5355 4788 5205 5237 4920 4836 5309 5244 5640 5198 5309 4746 4971 4842 5204 5013 5098 5318 4866 4966 5313 5189 5138 5331 5534 5053 4906 4973 5412 5498 5530 5098 5183 5282 5084 5075 4475 5224 5094 5258 4987 5049 4813 5492 5226 5411 5328 4941 5546 5054 4986 5147 4997 5283 5603 4896 5002 5571 5075 4462 4769 5207 5149 5013 5190 4993 5312 5042 5306 5246 5376 5172 5038 5098 5136 4808 4797 5723 4806 5332 4870 5094 4866 5087 5037 5259 4685 5746 5283 5555 5111 5552 5286 5226 5668 5228 5168 5506 5549 5081 5439 5667 5331 5568 4947 5541 4905 5217 5144 4944 5102 5025 5300 4997 5246 5207 4903 4944 5728 
5425 4768 5397 5369 5001 5281 4894 5214 5564 5300 5494 4938 5744 5437 5314 5439 5156 5430 5731 5048 5177 5285 5422 4609 5312 5314 5284 5305 5448 5330 5488 5010 5524 5358 5278 4868 4812 5642 5356 4618 5623 4963 5416 5103 5331 5290 5408 5575 5082 5325 4759 5419 5413 5316 5141 5659 4886 5293 5061 5648 5543 5581 5420 5310 5296 5416 5281 4913 5397 5213 5386 5546 5338 5356 5223 5142 5174 5767 4885 5640 5180 5285 5165 5033 5042 5270 5856 5091 5276 5174 5526 5090 5580 5620 5341 5449 5560 5053 5108 5675 5284 5493 4945 5019 5225 5154 5247 5140 5056 5623 5222 5659 5215 5344 5242 5250 4981 5200 4839 5565 5152 5810 5028 5415 5016 5410 5021 4845 5175 5198 4823 5367 5300 5202 5275 5183 5175 5497 4796 5715 5642 5613 4938 5222 5292 5379 5428 4939 5737 5247 5140 5273 5295 5390 5620 5607 5063 5229 5073 5467 5460 5670 5455 5612 5657 5332 5663 4351 4966 5330 5377 5108 5258 5098 5342 5533 5514 5220 4937 5822 5256 5074 5373 5362 5452 5631 4965 5411 5409 5157 4793 4996 5135 5130 5256 5065 5019 5451 5069 5331 5317 5463 4841 5135 4909 5245 5306 5034 5814 4812 5357 5307 5222 4930 5241 5459 5561 4871 5677 5340 5397 5194 5740 5331 5178 5468 5121 5373 5836 5264 5378 5903 5779 5276 5910 5147 5494 5169 5696 5129 4977 5167 5325 5541 5446 5320 5256 4848 5075 5849 
5143 4732 5370 5247 5063 5250 4882 5438 5317 5259 5111 4725 5149 4709 5382 5350 4792 5299 5229 5110 4977 5141 4933 4455 5302 5453 5222 4905 5112 5000 5140 4948 5210 5105 5099 4908 4882 5260 4988 4397 5006 5094 5221 4974 4869 5285 5036 5399 5038 5087 4802 5261 4934 5149 4840 5593 4796 5013 4903 5625 5143 5453 5101 5222 4975 5456 5104 4884 5126 5214 5012 5226 5144 4992 5128 4976 4920 5328 4828 5488 5094 5263 4967 5103 4745 4987 5353 4975 5225 5137 5145 4926 5191 5444 5216 5570 5096 4827 4882 5515 5094 5334 4826 4774 4943 5149 5343 4956 5148 5392 4931 5420 5165 5407 4883 4888 4829 4867 4728 5326 5125 5599 5054 5020 5078 5230 5216 4824 4842 5147 4745 5218 5206 5169 5386 4862 5150 5214 4546 5543 5154 5447 4835 5246 5079 4900 5373 4818 5311 5328 4601 5175 4812 5178 5083 4965 5088 4953 4776 5287 5412 5460 4919 5438 4963 5075 5145 4437 5204 5146 5248 4974 5216 4767 5481 5264 5260 5229 5057 5474 5130 4698 5097 5364 5199 5702 4593 4945 5108 5014 4353 4848 4959 5005 5062 5365 4671 4892 4795 5180 5141 5157 4795 4945 5055 5333 4952 4589 5708 4687 5046 5357 4957 4822 4974 5399 5266 4581 5395 5441 5297 5227 5206 4774 4849 5541 5217 5244 5433 5388 5399 5426 5412 5234 5692 4823 5160 4939 5173 5053 4910 4941 5356 5541 4850 4999 4986 4664 5021 5429 
5144 4767 5540 5086 5146 5196 4635 5168 5133 5230 5315 5062 5050 4640 5437 5290 4941 5344 5543 4844 5128 4897 5215 4647 5333 5385 4892 4703 5005 4872 5290 4926 5101 5247 5394 4709 5077 5299 4921 4477 5172 4807 5210 5065 5166 5194 5100 5287 5134 5077 4668 5182 4997 5264 4628 5363 4906 5073 4918 5494 5382 5333 5241 5684 5137 5087 5158 4849 5140 5171 5234 5353 5288 5489 4826 4951 5014 5493 4658 5449 5014 5420 4981 5264 5105 5076 5130 4850 5160 5002 5289 4713 5337 5138 4943 4942 4958 4920 5125 4944 4978 5233 4742 4790 5230 5380 5238 4991 4606 5622 4802 5427 4957 5402 5045 5220 5041 4897 4782 5174 5112 5326 5063 4794 4940 4910 5125 4851 4822 5170 4690 5189 4813 5170 5202 4708 4984 5185 4892 5419 4966 5240 4704 5096 4978 4997 5204 5007 5613 5075 4709 5143 5049 5108 5375 5172 4926 5118 4854 5076 5344 5513 5046 5372 4978 5068 4997 4791 5082 5040 5155 4604 4893 4922 5251 4957 4888 5254 4869 5336 4974 4764 5153 5024 5335 5366 5010 5062 5359 5096 4617 4775 5201 4939 4700 5140 4874 5366 4992 5281 4986 5304 5085 4760 5068 5102 4938 4785 5340 4841 4989 5209 4929 4957 5041 4937 5372 4747 5555 5332 5354 5094 5395 5241 5149 5662 5064 4860 5679 5254 5292 5091 5459 5281 5457 4942 5033 4903 5240 5387 4878 4566 5185 5338 5133 5054 5035 4979 4961 5491 
5084 4135 5085 4880 4693 5212 4369 4807 4969 5069 5134 4706 5166 4753 4964 4894 4693 4967 5312 4849 4790 5031 4816 4311 5121 5099 4634 4518 4825 4744 5013 4633 5154 4939 4628 4511 4584 5176 5063 4292 5201 4866 5012 4826 4726 4959 5017 5181 4755 5058 4354 5078 4878 4895 4733 5186 4570 4864 4444 5207 5377 5100 5011 5306 4680 5099 4990 4741 4841 4584 4768 5130 4989 5046 4650 4887 4758 5256 4370 5284 4846 5202 4737 4686 4570 4886 4991 4532 4719 4973 5118 4960 4989 5197 5039 4912 4794 4781 5081 5254 4693 5074 4633 4787 4897 5078 4620 4721 4606 5098 4762 5203 4824 5116 4739 4798 4397 4839 4638 5121 4702 5270 4686 4662 4912 4845 5189 4486 4831 4861 4566 5142 4848 4841 4931 4895 4676 4961 4563 5380 4900 5072 4734 4852 4853 4571 4988 4576 5284 4751 4611 4881 4876 5069 4882 5106 4983 4835 4675 5018 5092 5345 5033 5135 4787 4859 5097 4211 5007 4840 4811 4582 4662 4533 5047 5131 5035 4969 4428 5271 5015 4917 4750 5071 5099 5081 4531 4574 5102 4692 4298 4571 4747 4753 4781 4879 4602 4843 4888 4860 5144 5126 4789 4709 4629 4672 4710 4666 5353 4624 4853 4903 4680 4708 4870 4940 4917 4645 5186 5099 4875 5131 5150 4916 4831 5453 5039 5101 5390 4958 5038 5251 5206 4844 5348 4585 5066 4719 5148 4795 4462 4602 5070 4964 5088 4950 4651 4761 4974 5406 
5311 4585 5356 5305 5161 5576 5006 5548 5603 5248 5156 4812 5266 5209 5685 5653 5062 5479 5724 5222 5201 5470 5145 4798 5654 5509 5167 4956 5307 5269 5276 4970 5526 5403 5281 4776 5028 5581 5299 4878 5460 5242 5586 5047 5155 5382 5268 5816 5241 5348 5021 5630 5373 5412 5054 5726 4844 5167 5111 5544 5712 5679 5581 5708 5659 5508 5358 4940 5247 5295 5409 5504 5530 5359 5442 5146 5292 5674 4944 5541 5130 5357 5125 5359 5250 5406 5387 5223 5257 5158 5398 5358 5671 5728 5493 5232 5535 5137 5153 5449 5192 5431 4982 5017 5385 5337 4877 5192 4891 5642 4952 5511 5408 5694 5121 5334 5028 4983 5072 5566 4961 5567 5272 5044 5080 5349 5257 5146 4959 5363 4966 5235 5449 5611 5474 5078 5180 5613 5100 5723 5494 5532 4976 5001 5369 5131 5469 4965 5587 5143 4989 5442 5148 5152 5753 5660 5096 5226 5196 5630 5412 5606 5339 5617 5286 5405 5386 4718 5311 5350 5356 5116 5486 4782 5661 5626 5333 5309 5325 5755 5208 5138 5554 5209 5509 5588 4954 5096 5266 5139 4836 5215 5159 5100 5209 5298 4915 5230 5245 5357 5479 5421 5199 5196 5309 5336 4991 4925 6081 5012 5128 5232 5297 4927 5133 5226 5499 5030 5626 5537 5443 5127 5393 5283 5227 5617 5237 5260 6008 5669 5527 5822 5862 5360 5919 5175 5196 5157 5578 5421 5157 5128 5408 5409 5389 5107 5078 5187 5316 5718 
5536 4981 5383 5562 5313 5490 4916 5369 5473 5296 5329 5107 5317 5215 5528 5321 5102 5113 5272 5256 5050 5347 5374 4896 5755 5452 5303 5027 5125 5437 5278 5056 5641 5518 5225 4824 4880 5706 5303 5089 5499 5056 5396 5351 5310 5358 5140 5213 5237 5406 4917 5252 5205 5391 5060 5584 5141 5156 4945 5587 5496 5735 5473 5672 5179 5640 5226 5098 5477 5171 5170 5455 5518 5340 5238 5314 5384 5864 4925 5609 5473 5417 5061 5307 5045 5284 5405 4976 5211 5288 5509 5061 5457 5498 5440 5519 5179 5160 5305 5641 5314 5345 4976 5330 5290 5606 5077 5254 4995 5425 5118 5499 5364 5784 5358 5261 5202 5418 5131 5386 5297 5512 5225 5120 5038 5131 5386 5047 5184 5594 4706 5418 5394 5274 5240 5122 5257 5615 4930 5666 5457 5316 4962 5274 5234 5192 5507 5003 5654 5288 5097 5258 5374 5402 5000 5632 5178 5284 5243 5522 5344 5535 5325 5316 5361 5209 5415 4552 4947 5420 5470 5037 5248 4872 5413 5607 5160 5435 4907 5814 5067 5196 5298 5252 5666 5628 4927 5308 5753 5164 4678 4736 5430 5220 5130 5301 5040 5115 4738 5485 5325 5493 5091 4938 5173 5223 5175 4906 5742 4946 5466 5431 5348 4745 5324 5016 5295 4908 5699 5485 5452 5260 5859 5355 5436 5795 5417 5478 5696 5365 5579 5456 5742 5378 6124 5027 5455 5560 5235 5174 4913 4950 5614 5545 5380 5171 5132 5217 5187 5741 
5067 4727 5223 5253 4900 5152 4820 5228 5159 4835 5305 4914 5426 4761 5342 4996 5111 5030 5252 4832 4986 5047 5200 4479 5559 5487 5281 4894 5046 5187 5170 4954 5182 5080 4770 4669 4980 5165 5176 4848 5232 4939 4938 5014 5126 4979 5387 5247 5003 5355 4692 5062 5272 5301 4935 5325 4758 5044 4875 5630 5245 5359 5360 5345 5025 5344 5246 5087 5207 4974 5155 5249 5035 5087 5033 4860 5020 5525 4497 5245 5091 4938 4820 4852 5114 5140 4949 4814 4941 4965 5349 5122 5513 5373 4925 5452 5010 4840 4891 5258 4864 4906 4801 4923 5043 5185 5123 5341 4908 5336 4773 5419 5021 5468 5268 5055 4926 5203 4807 5299 5159 5383 5114 5103 4629 5024 4905 4565 5287 5058 4810 5175 5017 5072 5074 4793 4575 5165 5126 5630 5247 5333 4541 5144 5036 5086 5333 4863 5091 4705 4767 5018 5240 5339 5216 5389 4819 5246 5062 5583 5304 5331 5262 5256 5015 4974 5181 4595 4914 5051 5092 5036 4998 4558 5256 5193 4960 5299 4775 5515 5080 4927 5238 5047 5173 5304 4755 5202 5386 4755 4520 4757 5113 5072 4826 5168 4642 5084 4863 5045 5370 5193 4804 4907 5133 5332 5044 4983 5717 4747 5293 5204 5282 4835 4933 5290 5207 4664 5576 5273 5031 5294 5254 5034 5155 5367 5016 5268 5424 5503 5332 5558 5488 5017 5430 5075 5106 4951 5156 4870 5125 4884 5235 5229 4884 5115 5007 4887 5162 5666 
5257 4903 5558 5223 5165 5588 4980 5360 5333 5361 5424 5090 5281 4936 5450 5430 5179 5320 5479 5212 5299 5155 5356 4898 5615 5225 5252 5128 5356 5356 5467 4700 5344 5375 5022 4856 4846 5546 5429 4613 5261 5074 5393 5030 5048 5176 5566 5493 5276 5313 4712 5407 5161 5438 5079 5330 5108 5128 4983 5691 5340 5451 5418 5521 5211 5239 5450 4907 5201 5007 5314 5565 5621 5107 5255 5057 4949 5759 5017 5679 5271 5361 5147 5254 5331 5238 5204 5148 5309 5195 5457 5251 5610 5343 5584 5229 5271 4737 4967 5691 4965 5201 5094 4717 5267 5557 5234 5082 5260 5387 4842 5641 5288 5559 5121 4986 4992 5237 5044 5505 5088 5450 5130 5141 5062 4955 5327 4804 5070 5213 4919 5524 5272 5154 5510 5080 5051 5566 5130 5737 5314 5217 4895 5338 5128 5217 5428 4910 5630 4940 5026 5315 5339 5489 5429 5293 5261 5298 5121 5567 5488 5652 5165 5310 5154 5416 5254 4513 5200 5293 5292 4991 5197 4810 5401 5373 5264 5459 4842 5708 5264 5079 5236 5399 5693 5378 4939 5228 5485 5369 4896 4851 5166 5419 5016 5498 4981 5248 4948 5345 5299 5365 5055 5139 5185 5399 5371 4848 5465 5045 5315 5343 5335 5161 5174 5250 5302 4906 5549 5505 5200 5613 5248 5008 5284 5480 5034 5400 5790 5291 5531 5780 5621 5411 5834 5024 5193 5124 5383 5193 5121 5115 5324 5434 5296 5445 5150 4771 5073 5680 
5581 4831 5740 5300 5140 5449 5257 5525 5397 5504 5331 4969 5523 5240 5651 5357 5342 5217 5597 5320 5089 5508 5228 4726 5500 5544 5363 5117 5327 5353 5407 4921 5360 5522 5420 5051 5215 5702 5528 4713 5569 5087 5450 5147 5269 5253 5538 5625 5144 5217 4804 5510 5381 5389 5094 5459 5011 5220 5108 5743 5482 5628 5490 5980 5241 5273 5286 5054 5245 5101 5480 5377 5810 5572 5321 5136 5122 5790 5151 5706 5171 5450 5069 5696 5081 4977 5472 5064 5054 5250 5863 5252 5650 5678 5336 5521 5288 5257 5433 5784 5306 5614 4959 5048 5237 5535 5270 5191 5204 5366 4996 5616 5231 5369 4972 5126 4968 5235 5002 5736 5231 5633 5090 5152 5366 5291 5371 4875 5110 5204 5098 5592 5471 5474 5448 4933 5091 5543 4929 5658 5516 5170 5009 5246 5162 5346 5361 5063 5851 5001 5051 5573 5232 5316 5354 5429 5226 5129 5013 5731 5536 5595 5432 5802 5215 5343 5509 4759 5434 5088 5328 5103 5134 5209 5323 5427 5416 5334 5145 5651 5321 5086 5371 5101 5625 5817 5247 5186 5564 5274 5003 5202 5281 5323 5182 5565 5246 5497 5157 5397 5274 5451 5358 5121 5429 5458 5122 5029 5743 5131 5543 5415 5370 5192 5155 5507 5493 5045 5801 5495 5650 5453 5744 5052 5350 5646 5207 5506 5810 5559 5661 5445 5679 5376 5827 5010 5366 5281 5590 5485 4881 5416 5626 5303 5176 5505 5062 4921 5125 5950 
4664 4296 4869 4954 4541 4885 4343 4818 4684 4758 4714 4313 4835 4502 5009 4675 4456 4741 4926 4411 4281 4592 4367 3944 5068 4930 4554 4536 4600 4824 4531 4128 4606 4726 4382 4236 4349 4573 4603 4165 4979 4592 4762 4591 4856 4588 4608 4913 4493 4710 4339 4874 4697 4791 4216 4824 4336 4176 4400 5062 4657 4731 4603 5036 4637 4636 4662 4399 4753 4524 4637 4826 5027 4772 4576 4342 4511 5064 4301 4645 4660 4461 4474 4759 4762 4449 4578 4322 4698 4686 4743 4595 4928 4935 4668 4698 4677 4251 4428 4902 4648 4807 4642 4246 4488 4612 4444 4513 4644 4863 4563 5031 4768 4542 4372 4497 4301 4289 4521 4912 4485 4748 4550 4500 4683 4612 4722 4469 4632 4651 4357 4644 4703 4559 4730 4322 4583 4774 4425 5089 4654 4875 4095 4709 4609 4610 4708 4363 4986 4466 4591 4575 4677 4918 4605 4556 4460 4603 4400 5048 4958 5017 4793 4678 4801 4823 4538 4148 4670 4583 4714 4803 4575 4262 4734 4735 4436 4844 4522 4910 4409 4476 4596 4653 4800 4792 4164 4437 4927 4404 4350 4382 4421 4516 4465 4833 4364 4658 4578 4993 4885 4532 4567 4371 4706 4581 4678 4452 4959 4307 4509 4580 4691 4537 4221 4849 4580 4340 4700 4991 4659 4635 4926 4634 4525 4963 4560 4773 5037 4981 4775 5167 5003 4735 5118 4371 4487 4246 4791 4781 4560 4645 4982 4631 4433 4620 4612 4314 4836 4920 
5378 4694 5575 5284 5019 5819 5109 5333 5612 5352 5272 5197 5490 4981 5564 5323 4937 5623 5665 5155 5202 5401 5417 4938 5560 5463 5540 5111 5502 5365 5172 4980 5553 5410 5065 4884 4949 5584 5465 4507 5447 5248 5492 5041 5429 5532 5594 5548 5398 5139 4918 5597 5391 5418 4951 5481 5172 5241 5013 5469 5530 5627 5501 5791 5270 5392 5567 4701 5422 5336 5345 5579 5750 5206 5222 5188 5483 5611 4955 5789 5298 5337 5237 5336 5074 5110 5329 5195 5281 5174 5450 5178 5608 5533 5192 5617 5562 5144 5187 5637 5029 5558 4899 4885 5585 5621 5443 5015 4994 5579 5035 5661 5499 5555 5332 5217 5343 5075 4839 5480 5272 5515 5077 5395 5423 5468 5279 5015 5246 5260 5094 5642 5262 5342 5334 5080 5487 5761 5094 5818 5427 5375 4924 5400 5177 5174 5252 4998 5709 5075 5128 5438 5265 5567 5442 5565 5214 5138 5143 5460 5533 5803 5300 5704 5288 5307 5387 4672 5433 5419 5526 5185 5110 4825 5803 5335 5376 5486 5291 5782 5185 5160 5758 5383 5532 5548 4841 5369 5536 5234 4981 5086 5431 5247 5307 5319 4958 5322 5234 5446 5300 5722 5015 5182 5092 5576 5128 4933 6038 5338 5185 5389 5297 4993 5052 5527 5491 4957 5690 5619 5308 5615 5749 5147 5279 5594 4996 5419 5691 5161 5696 5677 5756 5422 5980 5125 5252 5158 5206 5275 5242 5165 5553 5478 5387 5255 5250 5298 5258 5934 
4976 4491 5473 5178 5040 5335 4796 5148 5161 5235 5236 5147 5086 4959 5371 5035 4695 5165 5348 4914 4891 4971 4959 4409 5433 5202 5119 4750 5135 5063 4994 4641 5468 5121 4933 4563 4727 5221 5140 4318 5080 4933 5063 4894 5034 5236 5116 5443 4861 5000 4545 5061 5153 5160 4935 5363 4816 4820 4725 5278 5542 5200 5200 5552 5062 4958 5300 4658 4989 4881 5256 5278 5276 5407 4874 5161 4907 5668 4798 5514 4988 5195 4722 5187 4791 4918 5175 4757 4924 5196 5475 4876 5282 5294 4966 5071 5000 4968 5072 5186 4813 4942 4849 4708 4982 5256 5335 5129 4996 5151 4665 5461 5172 5206 4809 4881 4729 4927 4988 5434 4919 5457 5066 4928 5002 4911 5228 4930 5254 4967 4950 5396 4972 5242 5097 4863 5035 5118 4720 5368 5130 5059 5004 5108 4883 4965 5235 4841 5150 4823 4718 5221 4980 5019 5255 5245 4903 4868 4752 5392 5335 5582 5046 5310 4952 5219 5427 4684 4895 5076 4998 4709 4904 4841 5225 5123 4783 5210 4951 5526 4835 4887 5177 5094 5147 5464 4697 4880 5358 5042 4861 4820 5184 4963 4753 5254 4773 5063 4701 5323 5005 5150 4860 4981 4857 5065 5021 4872 5444 4865 5081 4863 5004 4963 4943 5111 5256 4748 5396 5373 4888 4923 5395 5002 5239 5515 4917 5109 5626 5254 5213 5204 5249 5108 5395 4980 5101 4941 5298 5197 4666 4838 5443 5163 4974 5109 5071 4802 5136 5632 
5009 4399 4891 5246 4740 4871 4323 4789 4828 4806 4962 4521 5186 4482 5063 4810 4718 4994 5304 4494 4763 4739 4913 4499 5175 5169 5072 4651 4619 5057 4964 4709 5188 5068 4822 4561 4543 4836 4806 4383 4861 4717 5084 4681 5061 4837 4944 5158 4711 5261 4467 5076 5023 5101 4449 5271 4585 4678 4632 5427 5058 5231 5126 5115 4604 4961 4915 4510 4660 4654 4817 5053 5018 4855 4938 4532 4643 5354 4716 5113 4679 4833 4657 4427 4686 4840 5029 4825 4542 4912 5160 4659 5134 5131 4987 5012 4847 4613 4526 5278 4693 4946 4648 4430 4793 5053 4757 4752 4522 5153 4735 4903 4884 5056 4727 4860 4561 4761 4456 5147 5044 5183 4737 4796 4702 4824 4833 4507 4808 4616 4541 4765 4823 4906 4817 4440 4727 5095 4387 5303 4701 4950 4403 4976 4912 4759 5014 4693 4926 4874 4747 4934 4693 4865 5054 4983 4605 4958 4354 5042 4966 5091 4760 5408 4932 4922 4878 4328 4891 5045 4794 4571 4816 4614 4956 5058 4565 4933 4909 5227 4730 4376 4781 4773 5123 5043 4457 4852 5154 4635 4396 4419 4806 4669 4544 4895 4601 4631 4670 4954 4912 4977 4809 4599 4586 4785 4750 4535 5293 4508 4744 4894 4642 4307 4994 4894 4855 4646 4952 4934 4714 4772 4885 4831 4908 5171 4865 4981 5139 4992 5097 5066 5127 4664 5637 4703 4743 4511 5196 4510 4632 4645 4898 4966 4726 4619 4733 4605 4912 5332 
4960 4533 5191 4949 4681 5014 4696 5019 4888 4945 5001 4815 4880 4545 5221 4730 4912 4914 5540 4853 4922 4770 4763 4341 5492 4954 5084 4742 4810 4927 5089 4617 5179 4938 4774 4327 4772 5193 4911 4301 5246 4747 4812 4554 4912 4989 4833 4996 4717 5115 4370 4979 4876 4936 4619 5346 4582 4704 4756 5144 5161 4976 4989 5058 4981 4836 4977 4582 4875 4818 4969 5111 4797 5080 4779 4668 4794 5023 4590 5213 4960 4843 4796 4702 4764 4965 4971 4598 4821 4823 5030 4808 5029 5023 4788 4875 5030 4706 4610 4864 4800 4925 4674 4990 4703 4887 4901 4875 4611 5135 4798 5265 4806 5017 4689 4942 4549 4661 4931 4997 4979 5036 4674 4792 4457 4858 4768 4584 4836 4761 4621 5157 4825 5002 4962 4749 4629 5082 4653 5171 4789 4952 4675 4846 4938 4870 4943 4676 5055 4853 4549 4773 5059 4933 4993 5052 4885 5040 4652 5050 5162 5209 4774 4942 5138 5058 5040 4373 4748 4872 4681 4684 4844 4493 4979 5060 4791 5043 4739 5093 4585 4840 4804 4993 4896 4875 4480 4696 5022 4746 4162 4425 4730 4742 4430 4880 4818 4995 4698 4822 4885 4885 4903 4565 4418 4817 4979 4835 5341 4376 4957 4887 4897 4647 5055 5004 4906 4547 5075 4786 5054 4669 4962 4872 4829 5218 4704 5124 5235 5042 4892 5220 5221 5070 5256 4613 5209 4843 5044 4797 4309 4817 4846 4955 4916 5034 4895 4438 4644 5498 
5477 4770 5606 5290 5056 5373 5059 5400 5688 5299 5299 4874 5483 4985 5603 5593 5069 5449 5526 5058 5096 5230 5293 4685 5430 5231 5358 4863 5333 5369 5490 4891 5092 5259 5225 4957 5085 5193 5219 4596 5481 4891 5629 5132 4963 5322 5499 5503 5427 5338 4923 5485 5089 5605 5007 5421 4804 5158 4789 5340 5321 5341 5412 5616 5320 5342 5194 4946 5425 5149 5385 5498 5353 5418 5242 5092 5030 5641 5165 5646 5144 5394 5136 5327 4977 5081 5315 5251 5537 5342 5493 5309 5427 5498 5527 5426 5176 5229 5050 5556 5115 5368 4953 4588 5222 5394 5366 5164 5049 5463 4757 5548 5348 5294 5321 5257 4791 4983 4964 5297 5223 5688 5127 5132 5145 4816 5265 4809 5037 5300 5139 5420 4934 5466 5379 4852 5034 5422 4903 5698 5314 5641 4866 5143 5043 5109 5197 4967 5478 5221 5052 5288 5097 5405 5244 5418 5190 5218 5070 5423 5544 5772 5212 5274 5102 5342 5393 4718 5412 5164 5223 4894 5557 4657 5521 5357 5332 5405 5076 5789 5143 4845 5275 5513 5500 5541 4815 5136 5462 5152 4856 4963 5352 5197 5192 5493 4949 5403 5077 5429 5123 5334 5117 5071 5209 5363 5076 5034 5718 5195 5195 5020 5074 5052 4952 5219 5202 4958 5516 5499 5595 5321 5490 5097 5261 5758 5049 5119 5761 5464 5595 5723 5855 5163 5831 4826 5276 5166 5311 5330 5230 5111 5433 5587 5031 5130 5088 4934 5214 5745 
4830 4210 4861 4647 4579 4886 4529 4820 4860 4541 4629 4666 4811 4485 4695 4814 4607 4916 5176 4719 4508 4585 4668 4231 4853 4930 4907 4533 4799 4605 4821 4418 4971 4993 4468 4134 4164 4876 4730 3925 4707 4562 4784 4703 4546 5000 4945 5051 4567 4856 4339 5057 4836 4834 4717 5001 4369 4782 4736 4892 5125 4955 4946 4798 4726 4725 4911 4330 4651 4760 4849 4933 5073 4790 4528 4558 4417 5174 4426 5219 4580 4630 4559 4680 4472 4805 4560 4481 4742 4472 4899 4469 5187 4813 4821 4995 4632 4509 4757 4973 4645 4901 4501 4399 4964 4740 4788 4483 4686 4909 4473 4808 4816 4870 4558 4764 4556 4473 4164 4888 4843 4842 4701 4496 4770 4683 4936 4273 4500 4657 4436 4996 4723 4836 4937 4668 4541 4669 4296 5196 4803 4817 4546 4710 4648 4485 4826 4448 5115 4609 4602 4808 4784 4929 4707 4719 4731 4585 4524 5103 4759 5166 4666 4963 4589 4837 4875 4040 4803 4748 4972 4476 4652 4530 4930 4677 4703 4874 4506 5266 4473 4613 4946 4838 4954 5053 4659 4861 4880 4849 4249 4517 4817 4775 4634 4881 4595 4720 4588 4786 5115 4953 4693 4761 4741 4879 4587 4443 5104 4575 4565 4803 4739 4601 4555 4848 4917 4407 5014 4819 4761 5077 4950 4769 4588 5117 4295 4864 5344 4836 5019 5017 5036 4854 5190 4702 4817 4463 4790 4625 4528 4430 4832 4942 4780 4606 4654 4321 4694 5369 
5029 4715 5187 4855 5029 5188 4927 5100 5140 4802 5082 4754 4705 4835 5315 5077 4709 5042 5331 5135 5076 4926 4858 4606 5143 5221 4861 4875 4866 5048 5123 4514 5128 5119 4684 4521 4948 5312 5029 4338 5191 5005 4979 4683 4959 5253 5194 5385 4938 4927 4512 5125 4912 5052 4738 5069 4641 4926 4693 5169 5187 5036 5073 5304 4745 4955 5123 4785 4909 4948 5225 5152 5086 4953 4954 5020 4966 5357 4657 5177 5107 4957 4934 5046 4902 4739 4987 4619 4977 4795 5182 4970 5245 5113 4939 5160 4985 4700 4625 5085 4965 5001 4793 4729 5307 5190 4845 4937 4924 5033 4686 5172 4910 5017 4958 5036 4680 4653 4541 5376 5111 5306 4830 4910 4792 4854 5039 4714 4720 4971 4563 5021 4970 5012 4957 4964 4807 5223 4814 4969 5108 5167 4785 5049 4977 4811 5194 4697 5196 4739 4908 5138 5141 4982 5151 5044 4979 4949 4651 5276 5411 5452 4953 5190 4901 5108 5080 4765 5120 4849 4996 4721 5095 4728 5365 5182 4903 4992 4719 5416 5071 4904 4940 5090 5112 5360 4532 5094 5242 5041 4445 4864 4926 4749 4759 5299 4437 4783 4739 4982 4769 5130 4976 4870 5113 4926 4673 4703 5423 4643 5186 5070 4856 4618 5027 5075 5094 4536 5125 5482 5040 5007 5151 4972 5069 5309 4796 4926 5308 4978 4955 5229 5085 4968 5537 4799 5003 5075 4903 5093 4502 4808 4885 5171 4811 4976 4703 4778 4766 5438 
5424 4628 5560 5618 5170 5610 5029 5323 5475 5243 5424 5193 5509 5030 5529 5259 4930 5422 5600 5340 5086 5026 5396 4718 5669 5657 5317 5219 5124 5351 5438 4891 5492 5591 5167 4912 5018 5499 5321 4595 5339 5062 5561 5301 5405 5287 5408 5504 5257 5387 5091 5543 5353 5276 5070 5553 4910 5129 5009 5636 5551 5419 5397 5590 5233 5435 5338 4928 5368 5169 5517 5552 5535 5304 5275 4920 5118 5802 5000 5681 5187 5394 5153 5186 5063 5342 5296 5106 5300 5244 5494 5357 5746 5444 5411 5384 5375 5095 5158 5586 5278 5282 5122 4844 5343 5583 5318 4912 5281 5499 5046 5669 5308 5429 5186 5247 4887 5008 5052 5710 5158 5664 5175 4983 5218 5216 5455 4810 5441 5118 4918 5437 5465 5371 5416 5190 5024 5457 5151 5656 5253 5744 5243 5430 5163 5239 5401 5059 5657 4991 5149 5377 5105 5660 5322 5437 5239 5456 4955 5713 5481 5575 5439 5369 5370 5232 5435 4590 5272 5370 5287 5001 5194 5161 5408 5296 5497 5400 5220 5653 5380 5055 5367 5325 5617 5488 4943 5335 5397 5341 4886 5282 5414 5387 5228 5226 5109 5214 4900 5518 5523 5554 4918 5046 5391 5292 5413 4990 5789 5226 5511 5413 5407 4968 5201 5477 5561 4958 5636 5531 5152 5445 5611 5343 5165 5458 5007 5412 5706 5557 5557 5335 5744 5395 5768 5166 5340 5221 5420 5461 4791 5079 5298 5503 4986 5363 5309 4946 5177 5872 
5529 4969 5451 5484 5281 5536 5153 5239 5594 5266 5405 5261 5424 5120 5716 5188 5171 5666 5794 5243 5429 5449 5275 4723 5640 5544 5487 5222 5678 5226 5394 4937 5509 5247 5186 4967 5125 5561 5541 4829 5689 5205 5594 5030 5282 5392 5577 5793 5242 5530 5032 5392 5266 5401 5110 5678 5093 5303 5171 5582 5614 5511 5686 5687 5240 5577 5531 5090 5362 5199 5505 5680 5321 5624 5345 5162 5390 5590 5278 5904 5363 5507 5477 5469 5237 5315 5537 5213 5522 5530 5690 5219 5423 5550 5553 5529 5381 5108 5519 5807 5519 5782 5153 5190 5357 5604 5434 5516 5195 5622 5172 5897 5453 5560 5450 5296 5069 5108 5163 5709 5476 5801 5099 5260 5346 5452 5365 5048 5219 5334 4975 5764 5578 5462 5539 5211 5213 5660 5057 5826 5494 5521 5275 5395 5298 5309 5330 5239 5787 5140 5169 5642 5432 5477 5715 5478 5312 5230 5258 5587 5801 5588 5340 5540 5411 5413 5848 5067 5273 5281 5487 5196 5333 5116 5660 5510 5527 5620 5127 5833 5154 4992 5407 5163 5726 5789 5078 5388 5474 5422 4990 5343 5357 5236 5129 5341 5064 5507 5093 5535 5456 5672 5098 5249 5124 5477 5343 5178 5858 5123 5583 5409 5550 5059 5379 5290 5619 5025 5758 5740 5502 5434 5659 5208 5373 5743 5134 5358 5717 5548 5469 5804 5770 5475 5903 5235 5728 5438 5537 5450 4984 5189 5471 5667 5447 5251 5651 5263 5320 5835 
4672 4181 4994 4872 4465 5018 4637 5095 4587 4623 4967 4871 4758 4501 4839 4735 4535 4992 5279 4504 4698 5017 4590 4479 4986 4894 4754 4383 4828 4486 4812 4662 4985 4941 4888 4459 4669 5120 4679 4082 4727 4603 4856 4647 4727 4729 4829 5005 4560 4730 4083 4856 4756 4890 4553 4992 4672 4468 4611 5000 4911 5042 4696 4959 4547 4645 4816 4719 4728 4702 4818 4916 4963 4883 4619 4670 4670 4862 4398 4957 4614 5037 4608 4895 4499 4651 4717 4474 4558 4671 4822 4378 4941 4968 4687 4911 4719 4560 4602 4925 4703 4960 4452 4555 4740 4638 4972 4511 4636 4994 4431 4989 4588 4844 4758 4742 4659 4496 4264 5025 4639 4779 4640 4520 4378 4825 4757 4408 4501 4769 4336 4876 4748 4998 4853 4369 4662 4959 4466 5060 4860 4945 4397 4846 4571 4589 4691 4673 5299 4554 4377 4641 4774 4523 4845 4829 4760 4580 4411 4995 4989 5071 4648 5248 4607 4850 4987 4093 4819 4501 4840 4441 4483 4638 5366 4824 4781 4758 4387 4984 4677 4713 5021 4957 4833 5263 4408 4444 4872 4776 4192 4511 4808 4515 4847 4758 4436 4710 4784 4999 4951 4900 4706 4802 4614 4765 4722 4299 5097 4553 4832 4777 4613 4560 4861 4654 4781 4693 5233 4832 4930 4771 4962 4716 4556 4973 4663 4713 5024 4710 4947 4848 4842 4740 5255 4580 5085 4519 4941 4756 4249 4626 4660 5020 4666 4868 4842 4667 4824 5098 
5280 4732 5387 5232 5151 5412 5142 5462 5376 5386 5188 5000 5404 5165 5342 5255 5057 5189 5508 5062 5015 5418 5453 4665 5501 5545 5207 5170 5185 5495 5084 4946 5228 5259 5294 4664 4730 5512 5339 4510 5306 5294 5328 4758 5219 5268 5333 5450 5124 5335 4898 5362 5320 5208 4906 5329 4892 4999 4948 5448 5439 5214 5368 5381 5023 5463 5350 4927 5254 5074 5112 5467 5350 5142 5536 5076 5170 5643 4997 5485 5001 5252 5304 5534 5128 5216 5335 5083 5245 5111 5328 5029 5567 5287 5477 5207 4972 4867 5217 5657 5334 5561 4760 4795 5234 5303 5175 5063 4984 5513 5104 5498 5287 5405 5006 5038 4800 5124 4830 5532 5340 5442 5057 5104 5163 5121 5486 4851 5055 5347 4962 5315 5173 5086 5586 4947 5204 5534 5008 5741 5475 5298 4756 5029 5148 5281 5297 4874 5517 4904 4960 5445 5144 5465 5309 5333 5087 5111 4875 5697 5560 5592 5212 5219 5251 5152 5452 4616 5178 5160 5368 4965 5001 4974 5242 5381 5325 5437 4962 5653 5102 4895 5334 5351 5460 5439 4899 5321 5318 5158 4696 4991 5141 5221 5051 5283 4923 5258 5032 5479 5329 5381 4778 4943 4942 5448 5207 5111 5784 4920 5131 5212 5014 4970 5079 5455 5392 4963 5659 5531 5485 5341 5447 5242 5308 5620 5173 5135 5898 5473 5455 5444 5774 5553 5705 4886 5290 5143 5465 5274 4994 5056 5309 5484 5213 5332 5046 4798 5181 5620 
4559 3927 4787 4896 4419 4843 4093 4650 4691 4625 4701 4316 5103 4466 4630 4665 4336 4618 4980 4456 4552 4787 4891 3929 4667 4877 4782 4412 4512 4681 4687 4048 4751 4748 4325 4144 4135 4733 4689 4028 4720 4503 4808 4717 4538 4634 4717 4663 4627 4796 4168 4758 4656 4883 4295 4749 4420 4367 4246 5083 4888 4753 4707 4666 4627 4935 4605 4433 4601 4312 4733 4884 4774 4884 4483 4506 4438 4862 4327 4874 4644 4914 4616 4567 4405 4621 4717 4233 4738 4747 4813 4718 5077 4797 4643 4778 4491 4411 4607 4818 4651 4696 4453 4194 4916 4408 4642 4538 4529 4962 4152 4892 4450 4979 4640 4525 4455 4489 4133 4760 4367 4923 4355 4457 4504 4709 4742 4375 4475 4592 4341 4836 4839 4616 4727 4305 4617 4660 4342 4934 4570 4895 4359 4528 4511 4563 4585 4308 4940 4377 4240 4571 4470 4850 4947 4778 4617 4396 4470 4869 4668 4940 4603 4675 4489 4504 4785 4346 4737 4721 4550 4355 4679 4389 4873 4818 4684 4669 4458 5186 4445 4223 4819 4825 4487 4689 4259 4556 4747 4499 4164 4144 4459 4454 4352 4805 4333 4813 4455 4577 4813 4682 4573 4509 4726 4890 4366 4268 5134 4277 4607 4713 4448 4192 4503 4541 4491 4268 5014 4899 4679 4816 4856 4503 4774 5005 4672 4449 4804 4760 4725 4918 4643 4447 5216 4654 4593 4480 4711 4336 4357 4541 4437 4627 4664 4667 4591 4406 4648 5038 
5354 4779 5292 5245 4863 5179 4819 5231 5253 5065 5215 4862 5252 4787 5632 5105 4954 5150 5338 4863 5092 5138 5065 4581 5396 5144 5095 5141 5026 5007 5248 4981 5368 5071 4764 4558 5112 5246 5043 4513 5344 4923 5254 4984 5048 5602 4912 5373 4920 5278 4553 5191 5102 5455 4734 5437 4793 4853 4642 5204 5199 5078 5163 5219 4960 5028 5084 4735 5146 5117 4924 5253 4979 5223 4962 4974 5257 5296 4865 5512 5077 5197 4897 5050 4844 5182 5294 5006 4943 4912 5534 4978 5249 5280 5285 5264 5177 5042 4964 5456 5010 5170 5121 4823 5056 5266 4848 5222 4830 5312 4842 5402 5224 5255 5082 5066 4637 4839 4649 5166 5072 5571 4934 4979 4875 4900 4921 4641 5049 5158 4779 5116 5221 4968 5082 4852 4938 5408 4653 5494 4929 5345 4849 5192 5130 4961 5313 4922 5588 4890 4974 5096 5033 4978 4980 5321 4793 5158 4845 5284 5510 5249 5071 5549 5138 5266 5140 4439 5009 5112 5225 4965 5034 4800 5031 5323 5091 5246 5029 5575 4787 4831 5195 5153 5462 5493 4832 4918 5331 4986 4313 4899 5073 5005 5008 5220 4925 4979 4945 5350 5357 5315 4918 4863 5100 5015 5212 4549 5590 4769 5323 4986 5025 4703 5209 5136 5143 4595 5304 5316 5305 4991 5771 4898 4876 5537 5047 5165 5857 5290 5461 5349 5554 5039 5739 4883 5097 4884 5324 4957 4707 4725 5140 5435 4884 4969 4927 4804 4972 5436 
4708 4114 4936 4575 4790 4677 4441 4948 4880 4721 4847 4540 4830 4549 4938 4770 4221 4519 5109 4602 4571 4802 4654 4301 5340 4976 4376 4692 4604 4562 4675 4458 4728 4961 4766 4267 4330 5043 4686 4054 4894 4449 4993 4932 4737 5049 4749 4819 4563 4896 4251 4953 4686 4689 4491 5101 4391 4608 4654 4754 4918 4798 4765 5049 4754 4863 4790 4594 4688 4786 4535 4966 4926 4795 4688 4508 4721 5408 4264 5032 4653 4743 4474 4817 4671 4816 4815 4582 4665 4522 4753 4734 4954 5143 4708 4863 4741 4594 4742 5016 4576 4875 4369 4363 4597 5001 4736 4588 4776 5063 4309 5114 4742 4993 4543 4551 4452 4670 4466 5084 4495 5143 4367 4519 4552 4782 4800 4097 4562 4750 4144 4727 4823 4733 4861 4441 4804 4966 4516 4937 4659 4842 4365 4619 4637 4376 4945 4401 5104 4484 4525 4604 4615 4765 4801 4947 4693 4798 4361 4815 4906 4888 4423 4802 4741 4908 4921 4199 4806 4744 4849 4376 4581 4407 4992 4911 4664 4869 4317 5086 4632 4337 4609 4564 4813 5175 4423 4639 4894 4546 4303 4479 4464 4656 4401 4718 4510 4798 4597 4538 4601 4759 4369 4541 4764 4704 4540 4430 5218 4609 4822 4633 4631 4397 4810 4674 4717 4482 4752 4833 5038 4920 4722 4593 4625 4951 4828 4613 5213 5183 4771 4842 4861 4967 5487 4575 4942 4729 4662 4733 4431 4665 5125 4793 4553 4881 4250 4551 4525 5192 
5317 4736 5601 5497 5421 5344 4821 5494 5297 5510 5284 5079 5203 5271 5288 5327 5264 5445 5604 5263 5122 5312 5189 4910 5453 5497 5270 4946 5307 5279 5393 4860 5355 5431 5229 4843 4837 5522 5214 4716 5496 5374 5162 5245 5137 5036 5518 5312 5248 5251 4763 5418 5208 5381 5010 5362 5100 5133 4855 5453 5501 5354 5198 5506 5181 5603 5438 4927 5277 5122 5363 5317 5441 5512 5285 4942 5196 5365 4814 5639 5161 5245 4983 5334 5140 5210 5285 5102 5217 5307 5586 5279 5585 5517 5070 5394 5218 4983 5183 5470 5021 5344 4998 5025 5368 5294 5341 5254 5292 5495 5050 5342 5235 5252 5154 5052 4699 5145 5118 5464 5259 5425 5133 5280 5368 5222 5269 4837 5070 5381 5182 5607 5199 5424 5204 5275 5023 5362 5154 5667 5270 5429 4994 5244 5026 5074 5184 5032 5532 5172 5174 5305 5200 5258 5420 5414 5259 5269 5095 5620 5387 5873 5447 5494 4882 5174 5504 4564 5406 5298 5305 4924 5105 5009 5516 5532 5271 5306 5049 5770 5179 4898 5275 5397 5700 5731 4816 5068 5415 4925 4870 4778 5355 5064 5355 5413 4982 5332 5129 5130 5251 5702 5217 5039 5273 5328 5156 4974 5550 4808 5165 5190 5255 5043 5217 5196 5227 5094 5698 5525 5316 5284 5721 5208 5129 5478 5134 5369 5818 5357 5435 5462 5454 5272 5576 4935 5376 5098 5268 5293 4970 5234 5500 5295 5067 5426 5027 5021 5171 5952 
5075 4592 5119 4831 4645 5389 4665 5357 5058 5007 4943 4700 5281 4912 5072 5305 4636 5288 5389 4884 5037 5054 4990 4412 5120 5214 5054 5155 5078 5087 5195 4571 5094 5107 4867 4569 4904 5282 5078 4326 4805 4858 5238 5177 4794 5105 5272 5216 5060 5067 4520 5255 5097 5079 4749 5220 4772 4570 4961 5259 5229 5344 5042 5094 5263 5248 5160 4648 5187 5211 5239 5302 5165 5250 4933 4962 4858 5439 4706 5284 4861 5110 5095 4957 4994 5002 5118 4868 5048 4907 5223 4872 5603 5272 4976 4981 5165 4971 4885 5164 5035 5260 4749 4422 5115 4887 4972 5033 4772 5351 4789 5229 5014 5237 5204 4903 4795 4802 4675 5208 4813 5391 4780 4882 4946 4863 5250 4822 4852 5146 4720 5279 5008 4948 5121 4816 5006 5209 4594 5450 5082 5222 4628 4924 4985 4988 5152 4881 5421 4854 4641 5078 5051 5219 5484 5269 4910 4799 4910 5146 5486 5465 5129 5102 5184 5099 4996 4533 5281 5080 5100 4726 5235 4958 5285 5162 5244 5133 4746 5391 4874 4803 5391 5160 5249 5131 4899 5044 5377 4998 4466 4609 5044 5097 4940 5044 4996 5128 4807 5280 5123 5148 4894 5030 4902 5247 4876 4732 5607 4638 4979 5062 4797 4870 4813 5062 5048 4601 5308 5449 5204 4856 5309 4915 5109 5486 5069 5067 5457 5153 5353 5262 5550 5014 5630 4914 4736 4826 5271 5074 4789 4618 5101 5493 4962 4982 4888 4950 4857 5503 
5389 4537 5404 4840 4786 5284 4636 5164 5396 4864 5192 5118 5197 5008 5159 4918 4752 5172 5259 5001 5265 5037 5249 4562 5207 5240 5102 4660 4927 5291 5202 4663 5410 5119 4644 4593 4781 5154 5371 4604 5155 4904 5202 4881 5228 5071 5247 5296 4819 5235 4624 5163 4824 5187 4916 5179 4754 4904 4711 5130 5301 5173 5203 5382 4799 5320 5139 4765 4807 4690 5107 5068 4937 5308 5005 4886 5237 5217 4732 5064 4835 5080 4786 5109 4886 5041 4912 5057 5044 4816 5337 4893 5337 5372 5247 5339 5134 4961 5049 5522 4948 5132 4648 4874 5029 5392 5138 4958 5110 5297 4739 5497 5118 5283 4810 4948 4741 4948 4952 5238 5004 5470 4726 5035 5088 4948 4959 4619 4749 4798 4656 5279 4882 5156 5131 4954 4889 5279 4863 5300 5101 5241 4713 5013 5116 4796 4993 4567 5296 4763 4705 5267 5096 5191 5117 5348 4916 5027 4749 5197 5247 5344 4926 5314 4961 5199 5180 4302 4995 5214 5227 4660 5045 4707 5142 5166 5132 5167 4809 5479 5100 4798 5276 4984 5309 5620 4764 5136 5356 4922 4782 4711 5081 4859 4719 4996 4536 4942 4753 4821 5034 5320 4555 4759 4855 5058 5017 4905 5602 4908 5014 5002 5226 4818 4924 5127 5302 4622 5303 5455 5073 5108 5491 4939 5084 5265 4962 5142 5282 5138 5283 5122 5531 5269 5197 4605 5290 4973 4876 5092 4912 4856 5015 5423 4911 5129 4896 4980 5057 5470 
5212 4638 5490 5353 4970 5434 4877 5512 5502 5010 5327 4954 5734 5122 5321 5157 5073 5279 5696 5166 5206 5575 5462 4687 5344 5500 5477 4964 5249 5324 5200 4917 5428 5640 4908 4998 5077 5509 5571 4698 5271 5397 5520 5108 5437 5420 5393 5707 5137 5519 4906 5661 5205 5373 4977 5582 4959 5206 4968 5611 5221 5470 5228 5670 5238 5349 5347 5016 5221 5047 5248 5491 5183 5399 5299 5302 5233 5718 5025 5564 5302 5203 5440 5545 5176 5284 5325 5226 5419 5066 5617 5239 5671 5386 5423 5471 5406 5335 5180 5858 5020 5255 5018 4855 5311 5578 5287 5184 5399 5419 4686 5513 5094 5534 5038 5213 4626 4896 4819 5329 5124 5829 4802 4986 4966 5072 5218 4913 5474 5084 5035 5633 5303 5388 5273 4973 4931 5827 4806 5657 5320 5509 4980 5411 5278 5061 5497 5049 5581 5032 4943 5437 5063 5453 5636 5349 5165 5092 4958 5584 5491 5499 5328 5685 5326 5267 5120 4599 5316 5398 5184 4762 5336 5167 5159 5428 5281 5355 5131 5539 5292 5030 5401 5715 5329 5473 4952 5397 5448 5491 4856 5171 5222 5023 5085 5353 4795 5153 5197 5194 5314 5598 5121 5295 5128 5377 5268 4960 6044 5344 5321 5202 5195 5082 5099 5431 5282 5070 5565 5484 5192 5442 5542 5145 5210 5613 5131 5236 5645 5389 5449 5605 5582 5047 5704 5070 5371 5105 5548 5140 5110 4961 5035 5575 5343 5348 4937 5198 5200 5932 
5369 4967 5456 5216 5230 5602 4915 5338 5685 5160 5373 4927 5472 5049 5343 5334 5012 5365 5629 5146 5375 5320 5256 4808 5634 5510 5137 5005 5219 5302 5349 4983 5362 5338 5195 4828 4914 5463 5390 4815 5159 5176 5502 5179 5141 5565 5563 5637 5441 5324 4944 5221 5347 5369 4905 5640 4967 4888 5014 5537 5456 5601 5698 5344 5201 5445 5341 5135 5464 5256 5217 5444 5506 5357 5436 5231 5213 5581 4761 5621 5052 5070 5306 5413 5318 5294 5147 5299 5417 5400 5247 5403 5711 5371 5709 5343 5057 5017 5224 5437 5338 5141 4852 5117 5541 5318 5063 5203 5055 5507 4845 5629 5458 5681 5173 5212 4907 5275 4962 5436 5158 5663 5218 5091 5036 5394 5314 4903 5177 5452 5015 5544 5411 5405 5346 5227 5170 5501 5035 5579 5092 5783 4883 4971 5151 5118 5374 4832 5854 5208 5009 5097 5078 5124 5307 5358 5301 4815 5098 5526 5515 5541 5390 5505 5098 5317 5116 4813 5502 5278 5384 5033 5582 4936 5529 5517 5421 5442 5021 5418 5404 5170 5449 5370 5391 5424 4956 5425 5394 5257 4728 5056 5203 5170 5124 5264 5088 5297 5088 5249 5470 5493 5112 5026 5272 5213 5155 5033 5718 5079 5340 5102 5073 4859 5110 5433 5162 4912 5314 5445 5508 5526 5271 5117 5112 5735 5120 5487 5565 5504 5613 5510 5808 5286 5845 4889 5258 5112 5178 5365 5079 4997 5407 5507 5306 5312 5078 4933 5256 5576 
5142 4566 5280 5243 5131 5134 4676 5255 5235 4908 5010 4957 5171 4830 5494 5266 5034 5149 5178 4934 4919 5105 5044 4923 5302 5275 5141 4807 5021 5139 4954 4420 5180 4671 4912 4645 4874 5343 5056 4699 5142 5060 5125 5043 4985 4980 5206 5426 4976 5010 4660 5224 5152 5003 4959 5218 4911 4846 4761 5234 5174 5239 5116 5265 5336 5191 5291 4615 5177 4783 4717 5170 5243 5080 4924 4746 5106 5334 4686 5299 4694 5081 4662 5143 4975 4957 5283 4700 4899 4914 5391 5024 5453 5017 5047 4862 4983 4892 4890 5099 4697 5162 4958 4871 5029 5223 5006 4991 4844 5197 4729 5456 5008 5256 4712 4918 4437 4786 4603 5212 4794 5254 4698 4848 5069 5088 5016 4844 4852 4995 4616 5083 5191 5080 5158 4537 4510 5265 4935 5374 5049 5248 4805 5064 4888 5057 4965 4855 5123 4882 4595 5035 4767 5378 5052 5078 4829 4986 4802 5181 5309 5401 4945 5193 5119 4923 5104 4341 5140 5080 5219 5034 5026 4675 5122 5178 4892 5140 4807 5313 5088 4847 5276 5084 5271 5151 4683 5010 5346 4888 4493 4902 4945 5046 4730 5084 4856 5127 4502 4843 5037 5125 4826 4601 5121 5177 4822 4764 5608 4851 4942 4892 5130 4807 4610 5022 5123 4674 5392 5234 5076 4997 5674 4855 4947 5298 4873 4936 5411 5306 5011 5319 5441 4903 5679 4502 5005 4915 5173 5017 4805 4843 5258 5251 5116 4888 4847 4643 4985 5537 
5057 4397 5126 5175 4688 4831 4670 5044 4999 4954 4858 4724 5042 4619 5274 4913 4642 5097 5096 4842 4951 4851 4987 4465 5349 5065 4990 4588 4699 5058 4875 4565 5204 5035 4912 4572 4679 5038 4854 4196 4809 4954 5038 4857 5013 5070 5025 5264 4665 4886 4582 4747 4754 4849 4521 5224 4582 4702 4631 5252 5274 5064 5206 4865 5054 5063 4968 4736 4980 4688 4792 4972 4892 5101 4740 4782 4942 5319 4768 5280 5031 4930 4818 4877 4567 4898 4873 4693 4983 4865 5193 4747 5167 5107 4818 4822 4945 4689 4807 5177 4730 5006 4620 4403 4997 4857 4781 4901 4420 5111 4513 5084 4723 5018 4755 4871 4389 4815 4526 5073 5028 5129 4988 4670 4574 4616 4956 4787 4652 4968 4713 5043 4824 5105 4937 4577 4686 5136 4599 5128 4781 5025 4613 5000 4931 4739 5014 4638 5088 4762 4793 5241 5005 4852 4821 4963 4843 4626 4626 4731 4863 5281 4953 5130 4884 4854 4941 4313 4788 4995 4924 4696 4792 4660 5077 4883 4830 4866 4636 5123 4841 4560 4831 5035 5040 5222 4566 4897 5175 4818 4654 4564 4840 4790 4678 5022 4685 4631 4675 4965 5021 4970 4902 4594 4627 4854 4638 4800 5429 4708 4913 4850 4732 4683 4771 5060 4803 4613 5241 5402 4946 5227 5028 4769 4649 5030 4897 4956 5218 5036 4961 4977 5294 4815 5245 4506 4889 4647 5189 4901 4746 4485 4728 4903 4799 4854 4703 4599 4836 5310 
5409 4893 5630 5364 5209 5312 5096 5511 5568 5664 5349 5069 5481 5196 5640 5477 5134 5323 5734 5214 5170 5420 5381 4950 5751 5595 5534 5137 5194 5457 5354 4830 5500 5580 5104 5006 5214 5533 5384 4657 5376 5240 5348 5121 5387 5552 5375 5734 5234 5370 4842 5295 5673 5531 5070 5569 4917 4981 5147 5782 5665 5571 5528 5694 5428 5293 5427 5166 5420 5536 5480 5585 5440 5464 5362 5249 5205 5803 5178 5749 5461 5240 5351 5345 5274 5242 5389 5238 5340 5246 5491 5160 5757 5699 5473 5636 5676 5190 5025 5645 5030 5325 5239 4742 5563 5364 5595 5341 5170 5450 4964 5462 5302 5626 5283 5161 5286 5096 5137 5341 5410 5561 5110 5336 5325 5224 5412 5077 5314 5210 5125 5733 5567 5629 5491 4911 5104 5690 5105 5831 5342 5706 5005 5325 5433 5373 5449 5142 5566 5035 4853 5599 5342 5545 5352 5391 5228 5087 5237 5847 5441 5598 5461 5788 5073 5525 5456 4807 5504 5365 5303 5007 5315 5092 5495 5714 5240 5566 5199 5675 5221 4926 5578 5566 5722 5769 5048 5409 5697 5350 4982 5009 5358 5343 5167 5429 5134 5428 5060 5391 5320 5718 5093 5188 5380 5272 5383 5077 5730 5294 5323 5539 5388 4865 5124 5612 5461 5258 5932 5841 5308 5673 5558 4976 5223 5923 5186 5561 5480 5599 5373 5533 5844 5307 5838 5186 5257 5226 5677 5419 5213 5136 5602 5412 5464 5416 5132 5094 5398 6042 
4936 4616 5333 5155 4839 5266 4732 5064 5208 5014 5080 5103 5137 5023 5123 5122 4922 5116 5442 4968 4950 5194 4896 4472 5373 5379 5050 4662 4827 5081 5008 4729 5240 4940 4789 4763 4791 5483 5025 4443 5165 5104 5088 5044 5278 5124 5194 5103 4546 5153 4568 5024 5002 4733 4822 5279 4623 5305 4749 5129 5389 5227 5157 5421 4805 5245 4928 4656 5147 4961 4987 5161 4820 5205 4875 5131 5041 5182 4663 5278 4730 5306 4850 5007 4713 4810 4922 4893 4884 4789 5382 5040 4977 5112 4894 5108 5019 5046 4985 5315 4572 5139 4779 4815 4896 5087 5004 4875 4660 5251 4782 5403 5181 5127 4861 4880 4652 4833 4651 5180 4989 5346 4833 4971 4871 4925 5221 4779 5150 5066 4623 4866 4974 5004 4993 4750 4829 5227 4770 5373 5185 5218 4582 5292 4918 4910 5427 4731 5414 4606 4876 5071 5145 5293 5182 5269 5078 5038 5072 5416 5184 5640 5206 5284 5119 5081 5023 4371 4978 5086 5342 4748 4932 4885 5089 5149 4991 5117 4696 5446 5010 4963 5091 5261 5158 5269 4674 4990 5343 4748 4469 4750 4870 4882 4709 5201 4704 4727 4817 5040 5146 5083 4675 4692 4958 5051 4911 5045 5697 4815 4980 4906 4798 4663 4749 5147 5149 4600 5374 4987 5147 5223 5367 4994 4939 5071 4963 5172 5221 5295 5353 5196 5404 5256 5543 4793 5186 4887 5085 4894 4752 4661 5003 5494 4840 5113 4712 4768 5123 5721 
5027 4502 5316 5169 4992 5363 4630 5346 5272 5144 5099 5002 5236 4818 5165 5178 4838 5222 5078 4778 4969 5130 5079 4587 5267 5208 5139 4860 4891 5036 5284 4456 5542 5235 4984 4761 4694 5375 5040 4810 5293 4970 5395 4862 5101 5265 5161 5456 5128 4970 4731 5101 5195 4999 4735 5349 4838 4823 4744 5405 5570 5366 5207 5476 4750 5260 5253 4595 5017 5152 5055 5241 5162 5246 5316 5146 5193 5427 4862 5417 5074 5241 4818 5138 5020 4930 5417 4930 4735 4880 5464 5018 5341 5213 5361 5262 5124 4985 5085 5249 4850 5186 4798 4685 5032 5306 5070 5059 4905 5201 4597 5405 5134 5204 4828 4976 4946 5121 5036 5165 5041 5366 4956 4957 5189 4827 5128 4985 4950 4912 4853 5011 5133 5137 5120 4740 4948 5228 4988 5476 5463 4993 4771 5103 4969 4825 5431 4923 5550 4712 4970 5326 4918 5272 5201 5132 5137 5026 4947 5379 5443 5487 5242 5608 4998 5073 5208 4477 5239 5086 5403 4787 5125 4985 5420 5201 4967 5163 4865 5592 5021 4655 5381 5054 5377 5397 4676 5154 5336 5031 4841 4848 5397 5099 5206 5391 4960 5148 4651 5185 5211 5283 4916 4796 5012 5159 5107 4747 5548 4912 5025 5103 5101 4820 5026 5201 5052 4831 5717 5384 5236 5138 5428 4853 5225 5427 4832 5132 5426 5308 5250 5312 5259 5056 5833 4700 5081 5155 5518 5075 4827 4655 5191 5391 4789 5138 5033 5054 4909 5399 
5361 4884 5554 5527 5084 5352 5038 5455 5346 4936 5281 5168 5301 4993 5406 5306 5257 5301 5534 5123 4985 5348 5248 4753 5510 5466 5146 5249 5408 5241 5417 5085 5487 5159 4954 4867 4813 5568 5398 4638 5302 5012 5329 5208 5100 5355 5348 5293 5071 5377 4651 5444 5054 5282 5139 5510 5002 5225 5154 5378 5582 5260 5375 5400 5174 5432 5527 5204 5262 5232 5203 5749 5492 5223 5249 5232 5088 5615 4995 5678 4959 5382 5195 5211 4931 5113 5247 5079 4968 4984 5506 5309 5648 5444 5477 5285 5064 4889 5145 5456 5174 5362 4988 4935 5257 5378 5326 5228 5016 5329 5239 5527 5261 5713 5254 5054 5030 5269 5043 5385 5301 5658 4876 5200 5047 5160 5430 4697 5239 5192 4888 5542 5412 5224 5363 5119 5084 5548 5178 5806 5545 5484 4932 5271 5040 5350 5386 4659 5354 5261 5005 5535 5255 5302 5349 5500 5196 5215 4924 5687 5359 5516 5290 5380 5121 5233 5358 4870 5236 5264 5524 4928 5146 4943 5423 5435 5343 5385 4969 5930 5001 4812 5258 5301 5509 5349 5033 5301 5670 5167 4585 4766 5469 5047 4780 5451 4707 5375 4923 5245 5445 5316 4961 5208 5048 5357 4891 4787 5723 5044 5350 5226 4921 5118 5011 5531 5273 4938 5664 5267 5302 5277 5344 5326 5159 5660 5131 5560 5609 5495 5269 5793 5510 5371 5927 4931 5600 4870 5192 5158 4881 5002 5250 5596 5161 5230 4860 4919 5148 5851 
5317 4923 5398 5363 5142 5427 5058 5504 5558 5051 5381 5018 5229 5042 5327 5316 4930 5435 5645 5157 5314 4987 5267 4712 5487 5653 5163 5133 5260 5080 5287 4822 5621 5032 5183 4735 5075 5581 5431 4648 5384 4991 5411 5191 5375 5602 5365 5483 5157 5309 4782 5383 5080 5243 4973 5614 5133 4952 5019 5547 5480 5500 5263 5319 5254 5252 5494 5005 5395 5195 5200 5487 5509 5150 5292 5118 5227 5691 4978 5565 5180 5386 5042 5071 5170 4979 5478 5034 5184 5369 5453 5182 5507 5294 5474 5303 5222 5085 5088 5407 5097 5300 5061 4827 5234 5239 5202 5321 5164 5499 4810 5674 5170 5400 4973 5080 4873 5140 5023 5556 5120 5770 5182 5369 5291 5192 5301 5047 4942 5264 5008 5437 5451 5482 5396 4944 5097 5550 4894 5659 5432 5449 4926 5315 5272 5115 5516 4826 5704 5169 5009 5456 5198 5444 5386 5078 5128 5413 4870 5523 5410 5550 5407 5366 5313 5393 5392 4488 5303 5104 5405 4757 5267 5178 5379 5600 5155 5249 4966 5872 5151 4992 5570 5570 5464 5695 5037 5173 5294 5214 4615 4942 5417 5244 5264 5162 5114 5348 5036 5176 5257 5342 4936 5231 5002 5411 5220 4818 5695 5078 5244 5134 5338 4885 5415 5302 5505 5035 5626 5547 5263 5216 5518 5141 5313 5591 4985 5524 5691 5523 5424 5539 5799 5260 6063 4961 5219 5239 5353 5273 5000 4755 5273 5447 5023 5170 5143 5007 5035 5744 
5588 4944 5845 5637 5424 5563 5253 5581 5587 5758 5536 5295 5353 5256 5787 5738 5229 5568 5822 5582 5569 5301 5515 5041 5790 5676 5484 5254 5276 5409 5753 5239 5768 5561 5426 5070 5334 5675 5470 4989 5633 5271 5654 5105 5336 5528 5594 5901 5340 5599 5076 5847 5280 5726 5245 5749 5024 5599 5134 5934 5556 5669 5561 5864 5256 5488 5574 5159 5475 5421 5560 5901 5712 5572 5472 5160 5364 5704 5227 5921 5493 5474 5097 5410 5493 5498 5527 5252 5304 5420 5761 5532 5562 5606 5575 5697 5420 5261 5370 5779 5316 5790 5165 5292 5407 5627 5420 5365 5318 5821 5174 5768 5323 5551 5371 5521 4990 5386 5071 5841 5378 5949 5320 5344 5495 5472 5581 5091 5303 5551 5090 5334 5527 5516 5840 5174 5266 5670 5369 5742 5794 5750 5266 5425 5340 5437 5608 5333 5847 5405 5319 5592 5502 5573 5656 5415 5431 5515 5258 5836 5910 5824 5580 5766 5345 5739 5712 5036 5451 5260 5612 5322 5526 5098 5478 5592 5399 5566 5113 5840 5760 4954 5501 5463 5446 5892 5115 5571 5582 5277 5169 5439 5412 5373 5325 5425 5164 5509 5296 5725 5612 5590 5197 5167 5727 5542 5439 5199 5844 5359 5651 5460 5700 5101 5317 5611 5766 5328 5884 5802 5614 5472 5689 5494 5404 5881 5410 5634 5916 5632 5713 5839 5877 5694 5947 5046 5633 5263 5486 5660 5257 5135 5394 5809 5384 5711 5268 5091 5326 6035 
5387 4816 5825 5432 4946 5571 5129 5497 5381 5318 5509 5288 5426 5397 5439 5537 5102 5473 5432 5466 5320 5375 5221 4833 5618 5692 5277 5078 5276 5380 5512 5121 5549 5661 5221 5044 5016 5751 5541 4822 5303 5304 5515 5236 5286 5370 5455 5534 5357 5390 4825 5461 5401 5318 5239 5550 5164 5437 4982 5425 5680 5445 5518 5739 5418 5542 5443 4938 5317 5556 5383 5801 5395 5540 5169 5580 5365 5849 5221 5773 5543 5306 5443 5555 5445 5095 5445 5419 5038 5196 5521 5260 5511 5820 5586 5521 5476 5294 5323 5969 5100 5479 5117 5010 5466 5570 5672 5523 5248 5533 5201 5533 5618 5702 5411 5247 5212 5584 5089 5635 5369 5627 5049 5412 5179 5204 5464 5069 5382 5506 5200 5767 5140 5283 5449 5273 5246 5573 5468 5947 5353 5580 4977 5222 5332 5302 5539 5187 5690 5112 5278 5635 5665 5418 5513 5718 5525 5179 5150 5538 5817 5940 5449 5648 5096 5311 5532 4764 5328 5376 5621 5271 5548 4983 5704 5390 5363 5403 5192 5994 5216 4922 5326 5407 5553 6133 5066 5349 5741 5155 5030 5005 5527 5370 5244 5489 5016 5498 5128 5393 5578 5614 5282 5165 5164 5470 5248 5121 5937 5029 5365 5340 5347 5119 5221 5542 5445 5084 5764 5428 5353 5317 5609 5417 5252 5724 5468 5396 5786 5441 5654 5754 5635 5648 6048 4876 5492 5439 5832 5257 5169 5269 5766 5729 5464 5641 5204 5310 5653 5615 
5415 4646 5502 5197 4866 5275 4933 5257 5312 5143 5176 4897 5269 4979 5299 4756 5006 5282 5455 4972 4850 5172 5236 4484 5531 5252 5279 4574 4968 5155 5313 4870 5465 5227 5005 4587 4689 5435 5268 4545 5140 4838 5209 4760 4770 5137 5131 5116 4773 5249 4552 5102 5142 5092 4761 5313 4669 4932 4826 5344 5538 5209 5295 5341 4796 5317 5169 4566 5096 5144 4917 5362 5174 5197 5080 4873 4880 5410 4748 5475 5054 5297 4925 4997 4903 4912 5262 5125 5134 5020 5538 4888 5086 5399 4976 5378 5105 4874 5040 5380 4948 5237 4723 4923 5234 5224 4737 5020 4594 5483 5028 5292 5089 5134 5046 4869 4732 5095 4816 5266 5030 5466 4971 5026 4821 5120 5019 4758 5108 5055 4781 5198 5160 5253 5162 4606 4934 5204 4527 5611 5221 5294 4957 5126 4934 4788 5160 5033 5566 4895 4998 5411 5270 5209 5340 5457 5124 5026 5138 5368 5306 5301 5391 5354 5179 5013 5605 4555 5125 5261 5209 4828 5112 4683 5312 5257 5213 5172 4989 5604 4979 4833 5068 4991 5127 5588 4969 5316 5339 5141 4738 4875 5192 5076 4779 5013 4771 5304 4830 5388 5070 5222 5020 5043 4804 5170 4984 4827 5500 4885 5036 5266 5080 4842 5099 5128 5249 4912 5340 5064 5276 5018 5441 5057 4968 5622 4954 5347 5609 5378 5183 5561 5343 5086 5843 4543 5328 5051 5419 4893 4848 4860 5162 5490 4961 5374 5298 4891 4876 5547 
5088 4473 5239 5187 4981 5061 4753 5156 5115 5249 5342 5033 5168 4985 5099 5043 4682 5159 5399 5038 4813 4961 4915 4566 5209 5013 4846 4697 5284 4890 5178 4519 5444 5077 4706 4589 4485 5097 4948 4514 4898 4803 5256 4819 4776 5204 5179 5442 5028 5065 4680 5133 5335 5151 4747 5221 4640 4947 4891 5107 5163 4999 4901 5270 4961 4842 5260 4687 4959 4901 5145 5122 5242 5019 5091 5043 4818 5146 4880 5195 5067 5009 4883 5201 4846 4909 5054 4767 4669 5027 5129 4990 5383 5233 5012 5264 4851 4728 4946 5124 4744 5037 4833 4874 5106 5088 4946 5053 4966 5227 4702 5392 5230 5191 4793 5020 4640 4723 4636 5354 4846 5066 4981 4874 4934 5120 5195 4644 4913 4905 4826 5152 5189 4740 5074 4746 5150 5302 4846 5243 5231 5412 4856 4907 4850 4704 5310 4969 5198 4753 4825 5087 4969 4932 5036 5399 4951 4869 4867 5162 5555 5310 4883 5273 4762 5170 5126 4420 4934 4870 4769 4650 4766 4726 5286 5001 5195 5182 4755 5552 4816 4684 5129 5036 5067 5204 4648 5013 5092 4998 4304 4960 5021 4874 4839 5145 4688 5074 5034 5034 5125 5251 4465 4841 4835 5037 5053 4560 5455 4794 5149 5142 4768 4643 4699 5224 4884 4839 5570 5268 5135 5008 5180 5094 4954 5644 5068 5010 5381 5190 5202 5287 5236 5092 5403 4667 5113 4930 5337 4882 4969 4994 5206 5124 4884 4991 4737 4422 5176 5470 
5027 4545 5336 5153 5037 5194 4387 5059 4806 4991 5135 4749 5036 4957 5159 4868 4684 5037 5169 4992 4940 4790 4817 4382 5188 4856 4700 4651 4866 4686 4925 4519 5632 5212 4871 4323 4710 5097 4755 4429 5046 4704 5159 4765 4950 4928 5040 5009 4714 4896 4801 5005 5061 5214 4581 5145 4744 4449 4781 5157 5075 5026 5093 5224 4577 4718 4913 4836 4905 4713 5068 5081 5191 4895 5167 4704 4874 5248 4531 5208 4659 4698 4533 4953 4682 5052 4946 4508 4712 4798 5058 5010 4995 5118 5081 4987 4737 4725 4857 5124 4741 4958 4685 4901 5005 4803 4665 4777 4766 5165 4382 5091 4966 4976 4650 4588 4715 4745 4635 5022 5191 5338 4958 4754 5048 4616 5230 4539 4691 4952 4388 4824 5003 5002 4842 4786 4734 5171 4581 5178 4945 5239 4733 4851 4950 4991 5237 4715 5294 4643 4781 4615 4707 5092 4910 4984 4808 4934 4794 5311 5137 5223 4822 5169 4828 5036 5153 4422 4893 5100 5041 4207 4934 4610 5055 4926 4908 5098 4650 5654 5039 4815 5220 4809 5183 5076 4325 4879 5025 4851 4471 4807 5004 4711 4787 4934 4407 5069 4556 5006 4812 5253 4693 4754 5114 5116 5048 4572 5298 4795 4887 5056 4944 4393 4854 4838 4828 4656 5244 5034 5108 4940 5157 4933 4919 5220 4936 5083 5406 5213 5110 4941 5410 5135 5420 4609 4813 5029 4908 4993 4701 4513 5007 4956 4464 4827 4707 4770 4998 5351 
4713 4064 4839 4630 4508 4658 4309 4797 4747 4763 4804 4552 4768 4447 4827 4854 4315 4741 5021 4491 4771 4396 4830 4247 5187 4859 4481 4502 4538 4500 4905 4389 4645 4691 4515 4175 4585 4677 4559 4076 4873 4560 4832 4437 4566 4744 4852 4674 4637 4471 4222 4797 4366 4923 4395 5025 4503 4319 4472 4925 4804 4806 4886 4965 4643 4718 4731 4392 4791 4399 4817 5014 4789 4750 4771 4341 4421 5126 4292 5168 4432 4613 4342 4711 4743 4929 4692 4384 4487 4323 4614 4246 4822 4772 4779 4848 4638 4628 4473 4584 4531 4683 4312 4358 4548 4734 4745 4362 4439 4965 4173 4922 4493 4758 4748 4852 4262 4442 4299 4822 4484 4919 4699 4425 4653 4173 4764 4317 4621 4627 4210 4665 4678 4736 4935 4540 4561 4624 4538 4909 4717 4532 4360 4717 4721 4449 4611 4533 5121 4346 4403 4753 4642 4777 4801 4810 4631 4836 4625 4951 4681 5075 4514 4809 4822 4758 4764 4259 4600 4884 4701 4553 4403 4342 4686 4442 4556 4779 4563 5061 4755 4520 4858 4498 4975 4843 4295 4723 4609 4609 4313 4343 4755 4561 4415 4751 4423 4658 4454 4901 4668 4954 4203 4594 4815 4747 4787 4273 5075 4381 4644 4793 4907 4254 4631 4574 4817 4157 5061 4873 4822 4808 4931 4357 4754 4898 4483 4404 5174 4996 5035 4647 4984 4691 5155 4626 4625 4693 4785 4707 4311 4331 4801 4928 4462 4547 4194 4289 4576 5017 
5085 4672 5379 4939 4846 5193 4955 5082 5309 5105 5146 4782 5071 4851 5198 4886 4909 4910 5041 5021 5043 4981 5116 4302 5453 5314 5181 5120 5118 4968 5099 4958 4926 5305 4946 4651 4736 5237 5049 4667 5239 5076 5061 4928 4817 5228 5160 4872 5062 5315 4643 5317 4753 5219 4828 5148 4814 4893 4642 4966 5176 5187 5165 5359 5147 5202 5218 4565 5010 4986 5053 5305 5364 5106 5078 4953 4897 5467 4648 5268 4992 5122 4882 5130 5039 4988 4854 4808 4876 4942 5279 4914 5226 5231 5091 5353 5062 4845 4853 5441 4752 5049 4661 4767 4962 5013 5035 5068 4642 5366 4911 5371 5080 5210 4858 4944 4701 4935 4712 5347 4809 5406 4869 4786 5111 4854 4879 4618 4976 5183 4478 5194 4850 4915 5204 4799 4777 5384 4889 5312 5188 5171 4664 5106 5004 5048 5205 4638 5385 4719 4823 5130 5110 5234 5285 5396 4962 5031 4855 5083 5194 5287 5295 4878 5008 4903 4932 4434 5032 4812 5200 4954 4968 4644 5322 5102 5187 5283 4818 5368 4797 4820 5088 5019 5182 5340 4815 4831 5178 4935 4521 4883 4788 4994 4771 5094 4792 4947 4827 5116 5296 5075 4921 5059 5194 4991 4907 4684 5458 4822 5031 4772 5303 4743 4913 5255 5167 4507 5336 5146 5026 5153 5366 4987 5111 5320 4814 5088 5549 5145 5511 5446 5486 5103 5483 4898 5029 4907 5134 4902 4895 4847 5318 5196 4859 5193 4768 4665 4805 5408 
5106 4353 5095 4994 4634 5239 4585 5052 4763 4935 5066 4940 4847 4717 5162 5123 4969 4994 5340 4774 4663 4726 4783 4297 4939 5035 5072 4780 4921 5195 4992 4430 5214 5109 4751 4597 4545 5312 4838 4277 5251 4829 5037 4802 4659 5063 5045 4739 4983 4969 4173 4990 4831 5036 4729 4920 4458 4595 4462 5312 5363 5219 5104 5039 5059 4940 5164 4346 4830 4726 4986 5004 4832 4721 4651 4605 4668 5193 4639 4918 4908 4938 4831 4926 4771 4837 4962 4728 4636 4670 5072 4674 5086 5080 4798 5051 4872 4709 4625 5150 4887 4969 4622 4637 4887 5049 5150 4929 4829 5428 4527 5036 4744 5158 5088 4969 4543 4909 4481 4897 4839 5198 4686 4892 4815 4896 4828 4520 4510 4831 4509 5161 4817 4943 5024 4611 4677 5141 4568 5227 5040 5058 4591 4783 5061 4795 4851 4717 5107 4735 4588 4957 4870 4869 4985 5258 4861 4744 4547 5079 5066 5110 4648 4920 4968 5000 4891 4145 4837 4837 5234 4628 4845 4611 5049 5172 4849 4889 4643 5243 4567 4838 5073 5182 5195 5422 4633 4864 4960 4660 4434 4659 4878 4625 4868 4912 4477 4784 4600 4983 4980 4849 4531 4866 4815 4909 4924 4457 5297 4606 4770 5021 4724 4419 4812 4938 5022 4479 5206 5071 4992 4847 5185 4782 4768 5273 4745 5105 5299 5024 5283 5095 5206 4643 5570 4589 4958 4835 4931 4703 4554 4771 5028 5036 4981 4930 4677 4495 4784 5396 
5103 4621 5408 5479 5095 5185 4827 5081 5152 5062 5056 5356 5121 4942 5507 5176 5100 5111 5339 5311 4968 4974 5090 4612 5484 5245 5361 4843 4973 5196 5127 4865 5251 5250 4808 4739 4832 5413 5202 4675 5314 5002 5485 4961 5154 5235 5497 5090 5159 5361 4498 5068 5096 5122 4746 5383 4818 4968 4760 5280 5533 5293 5452 5483 4866 5341 5423 4928 5322 4994 5346 5757 5223 5166 5061 4838 5055 5517 4975 5511 5152 5165 4857 4989 4982 4954 4824 4993 5031 5158 5346 4989 5607 5030 5278 5293 5068 5087 5130 5509 5129 5229 4791 4962 4988 5392 5423 5174 4698 5385 4804 5447 5011 5456 5308 4985 5040 5111 4830 5322 5342 5109 5068 5102 5025 4936 5322 4811 5216 5287 4913 5304 4993 5139 5046 4889 4995 5454 4842 5654 5320 5155 4874 5210 5058 5252 5291 4948 5372 4959 4974 5321 5258 5471 5287 5352 4937 5161 4911 5326 5331 5530 5426 5180 5129 5346 5069 4519 5317 5155 5302 4772 5104 5046 5226 5511 4998 5421 4738 5413 5040 4923 5104 5268 5436 5477 4917 5238 5212 5107 4891 4967 5189 5108 5059 5283 4770 5338 4946 5056 5317 5258 5043 5021 5163 5299 5073 4888 5667 4917 5112 5151 5307 4687 5125 5064 5115 4753 5468 5273 5032 5339 5392 5111 5251 5324 5167 5437 5545 5272 5462 5298 5573 5390 5620 4926 5112 5009 5167 5001 4881 4794 5108 5329 5090 5155 5200 5046 4974 5670 
5387 4943 5501 5239 4998 5287 4975 5419 5302 5221 5400 5086 5405 4940 5497 5380 5279 5408 5865 5034 5358 5304 5310 4717 5770 5497 5225 5331 5185 5076 5750 5058 5356 5391 5126 4946 5157 5490 5249 4702 5493 5073 5544 5173 4980 5262 5752 5433 5320 5390 4741 5320 5279 5246 5112 5666 4890 5248 4946 5505 5434 5385 5364 5582 5302 5387 5484 4927 5308 5202 5322 5424 5304 5532 5402 5110 5087 5747 4848 5423 5116 5722 5053 5275 4964 5410 5357 5279 5085 5099 5639 5081 5548 5534 5273 5281 5377 5067 5214 5250 5261 5287 4826 5130 5283 5360 5289 5205 5284 5345 4985 5557 5380 5435 5361 5320 4964 5247 4953 5651 5027 5548 5430 5116 5184 5114 5462 4940 5468 5185 4818 5308 5322 5408 5284 5254 4954 5496 5125 5808 5410 5692 4833 5277 5022 5285 5373 4917 5579 5194 5099 5240 5169 5316 5679 5464 5265 5240 5304 5602 5435 5577 5333 5407 5216 5193 5485 4692 5405 5396 5159 4980 5060 4972 5288 5517 5431 5361 5011 5755 5270 5235 5534 5231 5586 5835 5036 5077 5368 5344 4830 4867 5176 5114 5245 5375 4673 5216 5088 5313 5546 5631 4950 5085 5103 5417 5234 4945 5755 4960 5306 5414 5306 4829 5221 5469 5313 4884 5907 5422 5580 5347 5644 5325 5329 5577 5267 5251 5763 5376 5641 5763 5749 5197 5957 5167 5391 4980 5474 5391 4821 5003 5292 5383 5287 5217 5157 4999 5252 5882 
5293 4406 5075 5260 4588 5101 4483 5056 4940 4836 5120 4613 5026 4613 5210 5132 4842 5067 5340 4599 5064 4793 4942 4370 5304 5271 5139 4712 4893 5074 4695 4654 5090 4701 4900 4469 4607 5107 5007 4450 5108 4805 5313 4663 5135 4992 5267 5325 4823 5175 4693 4989 5001 4987 4510 5353 4633 4708 4729 5011 5346 5200 5207 5240 4727 5112 4899 4235 4929 4862 4975 5181 4917 4942 4939 4811 4727 5252 4878 5238 4591 5284 4686 5101 4783 4870 5074 4890 4781 4671 5163 4695 5167 5104 5046 5141 4810 4618 4642 5241 4953 4928 4738 4579 4841 5177 4937 5034 4716 5077 4669 5112 4839 5143 4694 4844 4222 4769 4517 5442 4834 5230 4804 4880 4797 4827 4863 4777 4954 4729 4550 4989 5249 4904 5060 4637 4767 5252 4275 5006 5086 5368 4808 5248 4932 4864 5067 4857 5241 4847 4577 4976 4752 4989 5170 5170 4753 5070 4880 5278 5222 5239 4904 5179 4973 4856 5193 4213 4884 4896 4672 4681 4884 4681 5022 5180 4800 5107 4763 5396 4978 4661 4883 5031 5204 5198 4526 5190 5067 5165 4392 4717 4952 4656 4608 4993 4466 4761 4730 5398 5239 5149 4675 4701 4800 4868 4966 4619 5441 4337 5166 5143 5041 4442 5047 5069 5021 4556 4966 5097 4930 4829 5142 4723 4865 5299 5005 5140 5228 5155 5191 5082 5403 4983 5514 4598 5076 4973 5298 4893 4697 4579 4868 5313 4802 4595 4976 4529 4824 5363 
4990 4712 5166 4969 4919 5112 4481 5008 5225 5025 5296 4764 5319 4876 4889 4897 4961 5063 5114 4820 4889 5076 5166 4351 5138 5377 4983 4951 4993 5094 5080 4802 5017 5320 4628 4321 4494 5099 4996 4664 5202 4837 5051 4892 4922 4801 5047 5127 4913 4929 4646 5195 4934 5076 4863 5403 4683 4902 4939 4834 5318 5343 5087 5222 4915 4856 5052 4692 5194 4899 5195 5192 5117 4755 4897 4899 4992 5222 4512 5440 4812 5025 4945 5232 5027 4911 5105 4578 4719 4894 4953 4803 5253 5169 5097 5362 5154 4765 4969 5256 4914 4964 4826 4886 5034 5022 4924 5037 4766 5064 4617 5216 5216 5086 5025 4983 4859 4723 4836 5219 4858 5200 4779 4800 4893 4752 4989 4556 4884 4748 4521 5101 4968 4947 5026 4775 4808 5116 4583 5017 5229 5038 4707 5025 4877 4870 4967 4597 5229 4955 4767 4881 5016 4862 4931 5101 4852 5021 4724 5440 5306 5408 5303 5134 4906 4987 5184 4362 4929 4828 4991 4796 4897 4727 5156 5096 5068 5122 4781 5512 4646 4718 5089 4888 5181 5127 4741 5037 5176 5127 4380 4537 5093 4792 4931 4638 4556 4952 4923 5277 5009 5161 4834 4773 4921 4891 4908 4942 5331 4725 5002 5094 5136 4570 4981 5230 5119 4693 5218 5186 5264 5037 5150 5076 4763 5429 4784 5265 5162 5035 5015 5430 5189 5007 5488 4722 4897 5269 5202 4816 4956 4721 5298 5096 4894 4742 5058 4544 4846 5442 
4782 4334 5220 4944 4654 5045 4788 5171 5342 4863 4969 4475 5197 4784 5168 4822 4728 4944 5463 4447 4851 5122 4932 4376 5139 5162 5093 4682 4970 4886 4853 4760 4833 5161 4572 4673 4653 5220 4999 4356 5115 4595 5228 4920 4894 4912 5214 5307 4656 5027 4369 5122 5046 5186 4868 5231 4754 4713 4906 5095 5092 5179 5209 5125 4959 4967 4952 4652 4972 4983 4977 4996 5128 5260 4839 4685 4881 5251 4758 4975 4766 4890 4794 4869 4850 4912 4929 4897 5115 5010 5167 4791 5178 4984 5071 5059 5009 4892 4927 5387 4810 4961 4537 4527 5040 5059 5190 4503 4785 4797 4534 4970 5245 5197 4954 4842 4717 4611 4303 5243 4817 5306 4821 4720 4696 4858 4768 4558 4743 4890 4715 5049 5096 4989 5113 4712 4819 5360 4650 5260 4916 5353 4711 4704 4846 4734 4979 4850 5382 4873 4685 5163 4857 4765 5106 5245 4854 4710 4641 5278 5177 5139 4916 5272 4760 5222 5110 4106 4941 4664 4779 4584 4779 4678 5117 5082 4997 4847 4731 5419 4877 4837 5070 4849 4887 5588 4694 4862 5350 4816 4393 4646 4924 5009 4804 4889 4586 4741 4659 5143 5038 5165 4872 4908 5011 4921 4945 4830 5481 4615 5088 5022 4944 4654 4990 4907 4935 4465 5412 5348 5126 4938 5077 4844 4624 5082 4888 5004 5218 5146 5041 5097 5370 4850 5490 4655 4840 4827 5138 5107 4658 4806 5252 5175 4855 5022 4805 4646 4906 5331 
5581 4811 5446 5430 4997 5576 4755 5341 5470 5240 5116 5135 5266 4977 5369 5472 5152 5219 5564 5552 5167 5196 5251 4585 5632 5250 5168 5102 5188 5291 5343 5138 5418 5454 5014 4787 4813 5539 5495 4741 5239 5146 5304 4945 5045 5337 5352 5320 5074 5302 4948 5396 5305 5277 5285 5496 4808 5311 5080 5592 5768 5381 5142 5674 5368 5382 5110 4796 5502 5126 5359 5532 5351 5337 5317 5260 5161 5346 5035 5753 4943 5414 4980 5331 5031 5236 5439 5102 5327 4930 5560 4904 5440 5351 5484 5561 5155 5037 5323 5689 5243 5472 4879 4939 5144 5325 5277 5099 5047 5486 4957 5615 5404 5620 5309 5230 4921 5098 5176 5520 5011 5624 5112 5082 5242 5192 5258 4920 5112 5335 4891 5606 5317 5416 5335 5066 5336 5440 5055 5669 5336 5657 4956 5223 5219 5336 5497 4937 5614 5157 4974 5344 5239 5296 5403 5655 5266 5183 5123 5534 5375 5787 5384 5308 5514 5502 5258 4529 5036 5220 5354 5033 5090 4919 5276 5618 5325 5406 4951 5554 5219 4996 5549 5440 5664 5527 5027 5184 5217 5416 4950 5083 5054 5261 4843 5256 4919 5301 4971 5406 5475 5719 5020 4998 4960 5264 5122 5172 5664 4783 5105 5350 5194 5028 5153 5344 5537 4943 5728 5450 5460 5313 5477 5239 5413 5600 5066 5379 5569 5322 5659 5581 5872 5350 5803 5170 5437 5203 5258 5389 4865 4835 5248 5611 5508 5364 5260 5080 5118 5819 
4960 4549 5397 5085 4983 5181 5008 5163 5437 4927 4643 5002 5186 4851 5244 5295 4660 5169 5473 4908 5048 5035 4904 4536 5269 5454 5020 4906 5230 4902 5058 4609 4997 5143 4893 4557 4759 5195 5334 4646 4930 4949 5144 4862 5081 4980 5264 5515 4928 5320 4530 5044 4981 5074 5021 5174 4545 4935 4599 5119 5146 5254 5262 5256 5107 5195 5185 4681 4932 4739 5028 5446 4883 5081 5012 5041 4754 5625 5060 5111 4963 5382 4983 5196 4831 5082 5191 5019 4869 5082 5175 4893 5322 4992 5220 4904 5215 4753 4756 5463 4946 5346 4951 4506 4982 5106 5259 4978 4932 5243 4965 5416 4940 5277 4890 4862 4784 5127 4585 5348 4975 5498 4722 4949 5024 5032 5173 4934 4832 4914 4897 5305 5246 5092 5118 4779 5022 5458 4595 5508 5259 5354 4616 4885 4993 4775 5352 4882 5178 4842 4628 5359 4988 5164 5366 5284 5055 4930 4982 5287 5495 5381 5045 5319 5090 5138 5363 4473 5111 5246 5141 4671 5183 4751 5220 5388 5163 5166 4681 5508 4900 4796 5127 5244 5112 5512 4865 5015 5006 5096 4561 5073 4897 4794 4978 5093 4601 5241 4908 5016 5144 5137 4878 4672 4823 5271 4912 4823 5517 4924 5127 4986 5172 4659 4969 5310 5171 4766 5429 5220 5057 4949 5194 4985 5044 5301 4948 5046 5505 5180 5301 5304 5488 5148 6028 4866 5264 5033 5284 5041 4857 4789 4903 5225 4939 4960 4858 4866 5186 5515 
5453 4943 5647 5278 5253 5192 5081 5421 5683 5310 5239 5126 5612 5132 5779 5474 5026 5263 5603 5366 5230 5322 5250 4665 5633 5419 5055 5192 5311 5176 5339 5079 5736 5400 4971 4651 5218 5685 5225 4543 5395 5162 5220 5179 5153 5431 5335 5568 5168 5261 4965 5411 5294 5591 4735 5841 4880 5227 4912 5642 5300 5380 5429 5542 5340 5337 5574 5167 5256 5154 5281 5632 5155 5182 5282 5116 5179 5514 4959 5535 5410 5093 5118 5214 5090 5257 5305 5240 5391 5391 5414 5087 5413 5464 5276 5601 5635 5195 5173 5471 5201 5186 5154 5144 5404 5409 5482 5204 5053 5310 5248 5550 5371 5520 5147 5329 5195 5165 4948 5755 5227 5561 5117 5181 5033 5427 5363 4982 5041 5281 4912 5504 5291 5239 5285 4921 5339 5576 5096 5781 5340 5499 4975 5283 5423 5206 5556 4905 5236 5282 5119 5192 5209 5102 5255 5655 5137 5332 4922 5349 5472 5463 5302 5452 5148 5338 5291 4726 5396 5319 5442 4963 5365 5038 5467 5407 5175 5442 5356 5631 5032 5186 5384 5476 5636 5653 4901 5491 5317 5066 4771 5012 4682 5202 5095 5030 4925 4950 5160 5252 5333 5528 5246 4976 5261 5216 5124 5118 5829 4838 5188 5373 5291 4887 5271 5389 5312 4859 5518 5529 5455 5176 5641 5146 5097 5676 5292 5523 5781 5461 5488 5630 5639 5318 5833 4918 5466 5147 5503 4938 5065 4942 5337 5632 5151 5344 5165 4886 5033 5875 
5073 4337 5100 5047 4612 5196 4801 5245 5024 5067 4848 4827 4960 4684 5556 4915 4815 4853 5360 5081 4865 4877 4669 4522 5382 5279 5047 4816 4877 4996 5089 4644 5047 5136 4754 4577 4793 5398 4798 4363 4939 4952 5148 4769 4707 4995 5117 5068 4584 4736 4670 4854 5118 5181 4669 5357 4772 4709 4766 4959 5336 5293 4956 5379 4985 4918 5028 4367 4878 5047 5042 5181 4962 5060 5002 4894 4903 5189 4654 5454 4768 4850 4755 5068 4954 4545 4797 4798 4887 4710 5041 4929 5233 5150 5071 5263 5176 4944 4739 5090 4777 4935 4911 4833 4759 4862 5064 4978 4754 5359 4910 5344 5097 5201 4964 4683 4683 4650 4629 5489 4835 5098 4816 4956 4885 4825 5142 4725 4686 4941 4713 5250 4906 4915 4843 4817 4933 5254 4640 5251 4884 5137 4732 5032 4793 4804 5102 5014 5220 4707 4896 5290 4965 4898 5280 5408 4890 4997 4843 5326 5336 5155 5044 5171 5031 5215 5122 4574 5022 4727 4828 4640 4722 4624 5190 5077 5144 5023 4908 5364 4756 4689 5057 4881 5334 5447 4861 4944 5006 5008 4359 4888 4981 4816 4720 5125 4754 5197 4701 5090 5065 5099 4956 4888 4761 5097 5105 4682 5532 4667 5006 4985 5168 4653 4992 5134 4997 4645 5330 5006 5140 4835 5088 4932 4935 5399 4834 4994 5329 5184 5218 5244 5281 5077 5663 4740 4855 5047 5141 5012 4430 4964 5279 5011 4918 4883 4818 5001 4857 5282 
5313 4858 5554 5319 5450 5390 4991 5505 5388 5407 5090 5165 5313 5336 5664 5419 5151 5519 5866 5353 5280 5297 5325 4883 5677 5583 5547 5223 5148 5450 5515 5001 5489 5446 5273 4865 5084 5480 5647 4769 5531 5281 5384 5136 5096 5395 5491 5713 5221 5650 4630 5540 5137 5439 4890 5673 4886 5286 4767 5561 5750 5460 5697 5394 5267 5531 5688 5175 5499 5285 5301 5678 5483 5868 5270 5030 4808 5689 5102 5654 5201 5294 5312 5355 5176 5559 5060 5232 5244 5452 5620 5303 5625 5653 5343 5355 5315 5017 5186 5625 5185 5254 5230 5166 5485 5451 5165 5230 5141 5637 4995 5428 5115 5415 5403 5426 4991 5293 4967 5674 5207 5775 5170 5103 5272 5562 5610 4956 4954 5546 5299 5474 5406 5421 5400 5220 5240 5331 5240 5461 5345 5330 5103 5430 5111 5299 5483 5172 5739 5137 5143 5493 5238 5520 5812 5576 5285 5228 5171 5551 5476 5770 5413 5651 5253 5687 5801 4933 5509 5072 5295 5145 5170 5011 5582 5559 5264 5532 5027 5673 5266 5159 5421 5317 5419 5797 4930 5497 5275 5188 5066 4945 5295 5092 5072 5324 4922 5246 5101 5238 5272 5265 5154 5171 5387 5498 5020 5056 5954 4941 5319 5171 5306 5183 5500 5432 5287 5011 5373 5539 5493 5358 5472 5050 5515 5577 4980 5169 5947 5417 5540 5883 5536 5057 5889 4973 5410 5154 5609 5342 4961 4979 5512 5384 5139 5434 5080 5157 5356 6078 
5366 4424 5114 5243 5041 5081 4826 5192 5287 5252 5226 4965 5173 4916 5281 5076 4957 5084 5422 4938 5015 5193 4946 4738 5431 5083 4900 5026 4963 5065 5132 4897 5339 5083 4795 4816 4943 5260 5157 4618 5332 5110 5100 4997 5046 5216 5385 5430 5104 5188 4602 5278 5158 4971 4916 5565 4816 5091 4774 5282 5351 5284 5270 5232 5088 5191 5207 4668 5042 5116 5208 5254 4935 5325 5109 5350 5121 5491 4777 5502 5050 5211 5070 5125 4871 5025 5391 5030 5044 5102 5333 4978 5511 5301 5094 5537 5216 4901 5014 5268 5126 5269 4973 4821 5204 5205 5144 5364 5029 5471 4883 5329 4917 5392 5125 4989 4765 5013 4913 5324 5069 5493 4845 5120 4840 5102 5211 4704 4974 5050 4950 5588 5296 5039 4983 4938 5045 5354 4713 5242 5156 5314 4940 5092 5174 5146 5227 4737 5528 4908 4887 5270 5122 5278 5392 5333 4816 5205 5023 5351 5099 5665 5186 5210 5296 5410 5091 4598 5390 5048 5050 4731 4989 4815 5249 5350 5099 5180 4896 5524 4997 4804 5063 5179 5177 5457 4878 5261 5362 5018 4509 4698 5165 4971 4777 5401 4804 5226 4804 5320 5217 5279 4842 4841 5017 4981 4894 4897 5609 4647 5160 5056 4952 4674 4999 5201 5184 4859 5548 5259 5391 5456 5225 5015 5090 5616 5064 5317 5574 5371 5431 5341 5353 5130 5661 5036 5198 5122 5024 4997 4888 5093 5558 5206 5276 5010 4726 4928 4797 5689 
4702 4390 4762 4791 4501 4893 4360 4848 4919 4740 4957 4499 4627 4517 4841 4691 4559 4757 5005 4509 4365 4705 4687 3972 5038 5073 4760 4232 4721 4687 4488 4403 4838 4561 4470 4210 4477 4965 4733 4433 5062 4542 4823 4533 4482 4791 4853 4746 4560 4605 4060 4915 4576 4552 4350 4715 4519 4508 4447 4920 4913 4891 4545 4886 4603 4835 4674 4393 4760 4432 4750 4662 4905 4731 4567 4568 4486 4803 4421 4871 4628 4658 4681 4754 4528 4566 4636 4264 4500 4777 4654 4735 4721 4714 4691 5043 4612 4392 4494 5010 4391 4967 4363 4232 4723 4858 4521 4386 4827 4799 4115 4945 4700 4912 4473 4619 4113 4604 4659 4799 4739 5040 4450 4583 4703 4694 4778 4243 4551 4765 4597 4743 4884 4929 4667 4460 4453 4983 4560 5069 4804 5040 4076 4825 4670 4560 4594 4365 4926 4520 4540 4901 4668 4649 4902 4684 4467 4654 4534 5052 4710 4962 4788 4656 4445 4802 4600 3734 4712 4599 4700 4496 4684 4550 4799 4839 4646 4785 4396 4857 4456 4434 4661 5087 5177 4942 4317 4552 4868 4787 4282 4233 4753 4644 4603 4788 4599 4713 4548 4896 4574 4882 4476 4728 4649 4638 4658 4228 5099 4519 4659 4770 4671 4350 4778 4538 4738 4547 4917 4954 4898 4522 4822 4551 4557 5222 4481 4843 4933 4859 4694 5020 4866 4579 5290 4356 4720 4584 4570 4655 4603 4517 4605 4806 4721 4560 4529 4389 4593 5251 
4679 4456 5076 5010 4730 5011 4557 4983 5018 4856 5063 4979 4748 4408 5132 4778 4588 4927 5384 4758 4628 4787 4755 4220 5252 5092 4891 4671 4772 4690 4703 4746 4874 4854 4759 4406 4596 5012 4992 4350 5126 4630 4989 4882 4675 5083 4965 4900 4983 4757 4356 4988 4938 4970 4592 5118 4512 4617 4312 4895 5039 4999 4978 5056 4594 5042 4894 4577 4808 4886 4713 4926 5194 4909 4685 4533 4908 5190 4549 5324 4518 4974 4679 4988 4585 4876 5071 4713 4691 4997 4933 4686 4849 5096 4763 5060 4973 4658 4836 5180 4711 5045 4508 4650 5082 5115 5074 4830 4704 5102 4572 5038 4775 5028 4851 4960 4718 4912 4410 5173 4730 5237 4615 4840 4700 4982 4737 4449 4920 4510 4613 4736 4918 4915 4738 4393 4802 4929 4437 5158 4719 4966 4607 5019 4680 4743 5101 4925 5322 4678 4623 4846 4984 5221 5130 4860 5045 4702 4612 5210 5020 5279 4955 5021 4715 5007 5070 4449 5077 4713 5041 4598 4797 4481 5244 4951 4734 5028 4652 5395 4785 4568 4881 5043 4980 5346 4667 4935 5132 4639 4233 4703 5001 4776 4566 4812 4558 4573 4617 4999 4803 5045 4440 4532 4766 4989 4712 4484 5152 4700 4882 4819 5127 4541 4771 4901 4977 4611 5122 4773 4953 4946 5060 4639 4629 5336 4679 5191 5272 4972 4986 4854 5147 4949 5447 4635 4942 4971 4617 4528 4555 4793 5253 4845 4659 4839 4566 4641 4659 5353 
5016 4441 5185 5250 4804 5276 4938 5296 5123 5175 5122 4604 5111 4869 5160 5210 4541 5026 5439 5000 4904 4996 4999 4531 5281 5269 4902 4820 5053 4927 5155 4599 5149 5228 5066 4618 4778 5303 4976 4539 5178 4700 5095 4995 4814 5037 5168 5056 4961 4915 4728 5099 4957 5013 4687 5589 4875 4651 4707 5221 5392 5071 5016 5211 4887 5198 5026 4671 5000 4968 5087 5220 5157 5167 4877 4996 5048 5235 4676 5519 4957 5089 4851 4961 4879 4983 5230 4852 5057 4814 4979 4771 5213 5276 5140 4917 5113 4875 4818 5428 4973 5113 4880 4529 5012 4825 5218 4973 5137 5267 4971 5251 5141 5456 4987 4963 4800 4849 4596 5253 4733 5605 4984 5030 4769 4874 5049 4664 4908 5199 4737 5011 4937 5189 5142 4833 5147 5101 4844 5383 4892 5291 4658 4955 4851 4961 5106 4824 5303 4855 4922 4984 5206 5076 5020 4979 4908 4837 4713 5247 5048 5341 5137 5256 4874 5148 5319 4549 4777 5161 5036 4750 5308 4366 5311 5156 5242 4938 4909 5578 5140 4619 5204 4986 5112 5321 4702 5034 5243 4855 4641 4615 4999 4793 4722 5171 4538 4773 4817 5199 5037 5166 4866 4816 5032 5122 4951 4486 5498 4644 4991 4936 4884 4833 5042 4866 5189 4750 5238 5186 5267 4924 5213 5026 4904 5211 4906 5038 5563 5201 5366 5213 5536 4951 5836 4746 5100 4971 4905 4878 4900 4599 5156 5105 4942 4942 4864 4905 5194 5481 
5061 4575 5330 5339 4972 5312 4829 5379 5454 5104 5331 5145 5242 4949 5522 5178 5174 5273 5519 5128 5165 5282 5240 4714 5528 5240 5071 4950 4919 5126 5193 4491 5316 5285 5007 4781 5058 5407 5073 4450 5391 5175 5478 4871 5224 5103 5545 5445 5080 5460 4778 5145 5350 5117 4990 5484 4824 5124 4959 5292 5337 5010 5307 5532 5044 5243 5158 4723 5269 4813 5171 5268 5462 5425 5246 5121 5005 5382 4670 5663 4890 5158 5016 5257 4994 5048 5054 5098 5260 5098 5445 5070 5272 5529 5372 5209 4933 5030 4942 5435 4871 5270 4792 4911 5250 5332 4957 5117 5068 5482 4653 5216 5296 5141 4742 4926 4699 5035 4886 5523 5113 5311 5095 5300 5004 5054 5173 4729 5127 5078 4884 5282 5149 5116 5250 4959 4973 5393 5001 5364 5269 5413 4747 5218 5158 4970 5095 4809 5400 4902 5017 5273 5333 5202 5400 5467 4999 5232 4991 5631 5449 5452 5168 5478 5351 5167 5420 4511 5231 5223 5061 4846 5169 4675 5357 5387 5169 5310 4980 5477 5516 5053 5231 5185 5328 5603 4722 5204 5371 5061 4777 4757 5070 4880 4785 5308 4852 5131 4821 5237 5259 5381 4833 4973 4980 5341 5229 4888 5778 4946 5281 4875 5188 4797 4910 5266 5134 4823 5665 5495 5378 5123 5458 5208 4946 5481 5037 5292 5672 5445 5219 5501 5602 5296 5644 4925 5425 4984 5310 5239 5055 4943 5154 5339 5249 5342 5085 4805 5031 5572 
5130 4766 5435 5185 5062 5329 4823 5388 5287 5113 5327 5009 5228 5025 5230 5398 4816 5243 5585 5299 5093 5392 5139 4778 5505 5407 5378 4733 5100 5340 5132 4716 5418 5439 5140 4636 4782 5308 5272 4534 5045 5312 5446 5106 5005 5063 5078 5545 4743 5326 4647 5358 5065 5011 5119 5324 4668 5000 5114 5538 5387 5345 5323 5391 5150 5410 5065 4994 4976 5140 5026 5461 5538 5256 5177 5142 4991 5660 4840 5389 4957 5197 4963 5209 4817 5014 5178 5179 5175 5019 5461 5241 5515 5588 5160 5388 5239 5173 5268 5584 5130 5178 4939 5183 5189 5247 5148 5168 5010 5487 4980 5633 5239 5295 5103 5208 4765 5099 4968 5354 5141 5627 4906 5021 5014 5086 5288 4774 5108 5029 4845 5237 4944 5259 5337 5120 4949 5591 4841 5513 5300 5329 5053 5078 5212 4968 5424 4824 5457 5007 4860 5282 4913 5247 5391 5241 5264 5073 5103 5458 5407 5466 5260 5333 4956 5267 5167 4750 5108 5204 5006 4849 5404 4880 5569 5275 4927 5157 4866 5689 5101 4860 5177 5281 5340 5504 4768 5008 5427 5223 4695 4876 5189 5000 5180 5271 4936 4953 4924 5222 5172 5177 5052 5084 4881 5296 4956 5047 5865 4883 5316 5126 5032 4760 5212 5381 5228 4857 5368 5468 5412 5328 5571 5256 5082 5569 5217 5074 5535 5394 5190 5381 5460 5340 5744 4706 5450 5186 5354 4931 4864 5053 5350 5318 4989 5350 4770 4922 5212 5595 
5722 4955 5766 5669 5264 5655 5394 5732 5602 5545 5583 5452 5762 5352 5780 5656 5422 5640 5877 5481 5516 5608 5701 5171 5792 5654 5623 5271 5382 5597 5848 5386 5915 5734 5504 5131 5368 5798 5651 5001 5606 5437 5741 5432 5587 5665 5717 5661 5651 5829 5214 5732 5476 5779 5522 6089 5279 5418 5169 5742 5692 5697 5584 5858 5499 5509 5741 4839 5538 5634 5630 5867 5455 5681 5733 5717 5511 5851 5259 5953 5571 5601 5531 5596 5444 5391 5586 5431 5656 5509 5813 5493 5861 5980 5706 5787 5751 5370 5528 6037 5349 5618 5386 5046 5457 5793 5964 5685 5568 5795 5157 5833 5649 5591 5523 5581 5107 5369 5219 6147 5473 5936 5245 5644 5583 5310 5740 5072 5642 5297 5298 5869 5601 5890 5656 5476 5396 5731 5300 6010 5818 5762 5330 5448 5353 5304 5638 5443 5822 5404 5540 5689 5730 5801 5973 5688 5580 5612 5242 5937 5981 6075 5663 5933 5737 5570 5702 4999 5799 5727 5651 5207 5655 5262 5824 5775 5488 5880 5412 6135 5473 5426 5679 5591 5639 5921 5180 5480 5727 5760 5206 5506 5871 5413 5289 5886 5143 5540 5462 5530 5661 5826 5381 5213 5231 5686 5750 5136 6060 5361 5749 5316 5728 5071 5576 5903 5527 5437 5865 5617 5622 5574 5820 5484 5597 5937 5343 5880 6138 5608 5901 5937 6191 5752 6139 5266 5666 5484 5714 5672 5413 5536 5785 5890 5304 5660 5679 5447 5394 6141 
4680 4402 5197 4954 4610 5033 4550 4815 4960 4835 4906 4852 4785 4720 5004 4857 4556 4790 5001 4518 4708 4898 4832 4297 5082 5321 4851 4365 5015 4831 4924 4588 4699 4784 4675 4412 4637 4858 4880 4247 4486 4765 4957 4703 4627 4804 4996 5194 4692 4653 4345 4938 4808 4881 4421 5133 4651 4660 4515 5187 5004 4952 4789 5143 4536 4873 4929 4778 4932 4746 4701 4881 4720 4979 4655 4697 4748 5150 4650 5146 4971 4932 4760 4755 4612 4652 4846 4584 4709 4823 5108 4552 4972 4876 4652 4936 4881 4671 4552 5021 4674 4711 4600 4423 4797 4872 4673 4766 4880 4787 4589 5218 4644 4989 4630 4696 4593 4747 4331 5193 4625 5268 4789 4841 4581 4908 4876 4679 4726 4521 4551 4945 4861 4798 5102 4462 4699 4916 4489 5107 4805 4908 4461 4927 4752 4644 4724 4776 5004 4574 4597 5099 4765 5060 4979 5086 4755 4953 4582 4938 4985 5266 4770 5113 4358 4762 5104 4395 4637 4600 4651 4688 4681 4612 5236 4803 4827 4929 4602 5153 4728 4488 4949 4773 5032 5302 4687 4917 4977 4739 4495 4700 4781 4852 4502 4701 4439 4832 4790 5019 4799 4871 4800 4528 4775 4775 4402 4630 5289 4752 5068 4907 4772 4557 4716 4936 5029 4696 5156 5116 4713 4880 4958 4851 4730 5350 4781 4754 5286 4784 4969 5075 5050 4593 5202 4577 4756 4823 5143 4676 4603 4694 4904 4828 4712 4765 4651 4526 4582 5320 
5364 4579 5263 5409 5007 5597 4687 5270 5055 5420 5430 4817 5337 4888 5432 5410 4992 5368 5554 5032 5080 5186 5376 4738 5349 5564 5392 4828 4942 5160 5344 4667 5343 5401 4923 4456 4719 5265 5091 4633 5096 4849 5127 5149 5146 5236 5294 5176 5099 4995 4636 5145 5151 5275 4836 5506 5029 4936 4724 5485 5220 5514 4986 5424 4986 5345 5238 4724 5151 4935 5296 5396 5350 5239 4848 5125 5081 5479 4833 5494 5154 5520 5014 5071 4862 4974 5192 4743 5043 5001 5330 4915 5401 5327 5071 5333 5387 5187 4983 5442 5087 5224 5148 4710 5158 5334 5109 5209 5042 5525 5005 5615 5136 5490 5202 5236 4878 5028 4635 5626 4881 5514 4912 5099 5003 5085 5332 4774 4899 5026 4832 5357 4941 5040 5185 4764 5175 5537 5061 5352 5199 5225 4602 5040 4999 4942 4986 4896 5502 4931 5077 5204 5212 5181 5277 5059 5242 5251 4891 5375 5214 5436 5141 5363 5225 5162 5114 4412 5309 5239 5076 4848 5164 4705 5185 5358 4950 5134 5065 5426 4953 4991 5225 5186 5412 5327 4793 4964 5317 5021 4738 4615 5261 4777 4880 5198 4872 5094 5106 5436 5390 5245 4581 4984 5099 5223 5178 4989 5415 4980 5124 5253 5015 4989 5212 4957 5319 4902 5432 5247 5087 5354 5392 4899 5342 5610 5045 5152 5463 5166 5381 5528 5589 5227 5672 5098 5196 5023 5127 4991 4958 4968 5143 5175 5125 5039 5029 5176 5136 5835 
4975 4411 5227 4950 4739 5059 4534 5053 5019 4977 4761 4694 4994 4893 5309 5076 4580 5185 5256 4718 4882 4984 4873 4401 5065 5159 4927 5098 4956 5134 4978 4444 4971 5093 4609 4671 4590 5216 4876 4372 5011 4705 4920 4838 4666 4772 5079 4858 4783 4940 4332 5336 4829 5233 4694 5237 4612 4783 4871 5237 5120 5120 5004 5084 5051 5060 5045 4542 4926 4804 5120 5227 5149 4813 4899 4897 4809 5455 4450 5535 4774 5102 4935 5029 4677 4755 5162 4885 5125 4978 5188 4844 5285 5351 5175 5146 5004 4779 4722 5230 4736 5029 4675 4374 4998 4942 5198 4837 5037 5096 4825 5181 4981 4897 4939 4786 4658 4682 4612 4999 4651 5202 4719 4817 4800 4819 5039 4563 4879 4880 4661 5172 5116 5147 5060 5009 4820 5277 4474 5122 5062 5207 4596 5062 5083 5054 5040 4635 5207 4830 4699 5059 4837 4891 5101 5197 4927 5005 4700 5270 5278 5391 5008 4903 4926 5138 5225 4323 4791 4970 4979 4747 4938 4576 5149 5161 4963 5115 4761 5421 4878 4710 4983 5038 5155 5163 4511 4936 5003 4834 4526 4595 4918 4847 4892 5024 4642 4869 4940 5036 4930 5188 4718 4819 4894 5013 4883 4572 5420 4685 5153 4907 5078 4710 4803 5146 5142 4724 5345 5316 4964 4920 5276 5005 4791 5401 4921 5120 5388 4993 5017 5229 5338 4749 5801 4784 5064 4796 5025 5082 4646 4802 4818 5118 4774 4900 4780 4661 4830 5549 
5123 4571 5194 5211 4836 5106 4818 5186 4882 5115 5150 4910 5515 4911 5032 4986 4716 5125 5479 5274 4934 5032 5234 4738 5184 5268 5279 4518 5039 5249 5425 4753 5260 5261 4919 4431 4806 5358 5198 4713 5176 5030 5297 4951 5157 5263 5226 5317 4950 5136 4642 5266 5038 5174 4714 5440 4957 4848 4861 5516 5434 5306 4978 5243 5076 5356 5164 4670 5098 4989 5347 5137 5207 5274 4917 4842 4965 5424 4656 5519 4976 5306 4993 4782 5088 4950 4918 4951 4950 4785 5176 4840 5370 5290 5022 4953 5000 4989 5138 5421 4950 5283 4899 4839 5306 5265 5258 4914 4956 5267 4957 5319 5022 5363 5076 5094 4665 4822 4751 5275 4903 5271 4786 5005 5013 4973 5181 4705 5092 5208 4664 4948 5166 5400 5060 5026 4720 5265 4894 5539 5334 5235 4827 5094 5133 4988 5281 4714 5663 5069 4889 5173 5243 5185 5170 5264 4994 4567 4876 5202 5151 5320 5119 5245 5189 5278 5136 4461 4857 5285 5305 4940 5128 4573 5253 5303 5400 4879 4896 5649 4876 4889 5061 5063 5296 5385 4757 4909 5024 5169 4678 4815 4997 5073 4879 5227 4882 5064 4781 5087 5271 5395 4920 4954 5020 5201 5111 4694 5545 4759 4940 5155 4931 4623 4942 5321 5112 4655 5462 5355 5261 5264 5442 5085 5211 5335 4967 5149 5502 5146 5344 5479 5518 5074 5590 4824 5124 5035 5167 5001 4830 4869 5187 5337 5010 5213 4932 4937 5106 5684 
5362 4556 5467 5430 5229 5284 4959 5266 5560 5228 5431 5146 5387 4895 5500 5438 5132 5266 5677 5143 5174 5091 5141 5021 5673 5523 5224 4975 5491 5239 4879 4836 5727 5344 4862 4844 4996 5613 5192 4601 5205 5148 5295 4921 5237 5316 5455 5599 5253 5423 4981 5274 5321 5422 4986 5591 5017 4946 5102 5667 5569 5263 5479 5712 5493 5286 5310 4893 5320 5038 5333 5481 5312 5546 5140 5373 5308 5737 4963 5585 4979 5080 4941 5092 4931 5569 5120 5125 5207 5422 5349 5194 5657 5414 5206 5291 5400 5032 4959 5573 5118 5275 5182 4837 5229 5452 5256 5048 5090 5594 5171 5656 4981 5363 5042 5431 4944 5041 4875 5400 5231 5532 5067 4824 5204 5347 5036 4853 5184 5161 4997 5524 5473 5350 5269 5039 5062 5816 5071 5612 5321 5491 5069 5156 5355 5161 5586 4879 5522 5101 4654 5266 4995 5388 5683 5518 5077 5277 5310 5498 5479 5237 5125 5409 5310 5326 5397 4836 5441 5266 5235 4903 5145 5032 5469 5331 5092 5238 4983 5872 5129 5079 5498 5382 5515 5593 5028 5292 5539 5049 4500 4989 5035 5246 5080 5403 4999 5231 4945 5280 5391 5274 4847 5104 5342 5402 5288 4880 5371 4887 5025 5294 5133 5108 5220 5106 5474 4662 5692 5479 5358 5244 5632 4936 5224 5762 5138 5238 5816 5502 5523 5436 5644 5382 5819 5077 5207 5100 5493 5233 5231 4960 5365 5415 5124 5255 5075 4875 4907 5727 
5393 4571 5389 5303 4900 5374 4847 5371 5443 5304 5291 5090 5366 4835 5462 5209 5034 5224 5639 5189 5112 5174 5159 4756 5502 5593 5059 5186 5181 5353 5415 4924 5392 5610 5025 4765 5239 5567 5542 4382 5282 5084 5663 5237 5147 5497 5342 5370 5130 5451 4740 5363 5278 5372 5128 5699 5004 5138 5120 5522 5446 5567 5362 5682 5151 5285 5332 5091 5250 5164 5375 5370 5569 5371 5133 5214 5359 5580 5012 5635 5220 5347 5068 5379 5071 5028 5211 4742 5224 5258 5566 5258 5466 5686 5193 5675 5352 5280 4982 5658 5156 5480 5038 4792 5228 5325 5100 5215 5172 5599 4920 5356 5211 5510 5196 5213 5058 4965 5004 5768 5103 5605 4906 5211 4971 5383 5108 5045 5222 5198 4897 5455 5500 5237 5323 4810 5179 5444 4953 5681 5391 5400 4901 5478 5275 5208 5427 5021 5661 4980 5187 5132 5222 5305 5376 5410 5239 5277 4853 5658 5531 5644 5194 5364 5266 5198 5318 4520 5320 5045 5264 5074 5330 4919 5454 5395 5255 5294 5153 5730 5117 5337 5525 5572 5284 5809 4962 5181 5451 5243 4849 5095 5059 5328 5070 5257 5164 5213 5060 5553 5230 5522 4739 5288 5223 5088 5040 5125 5782 5143 5273 5209 5221 4842 5016 5441 5326 4952 5549 5444 5346 5239 5600 5114 5199 5658 5261 5379 5491 5452 5639 5527 5729 5416 5816 5207 5439 5255 5515 5136 4998 5018 5467 5348 5192 5350 5084 5096 5154 5855 
4788 4090 4572 4625 4393 4765 4128 4809 4532 4455 4504 4314 4987 4296 4737 4529 4492 4658 4724 4523 4290 4551 4574 4199 4838 4672 4532 4335 4231 4576 4618 3965 4668 4456 4649 4227 4237 4622 4572 3997 4483 4391 4609 4497 4394 4505 4398 4528 4529 4386 4178 4601 4598 4612 4497 4916 4482 4527 4134 4817 4741 4812 4399 4678 4604 4639 4734 4339 4790 4509 4461 4645 4724 4610 4589 4367 4509 4795 4095 4793 4523 4488 4366 4412 4313 4562 4545 4267 4683 4509 4739 4426 4888 4687 4438 4657 4325 4269 4567 4708 4543 4806 4337 4277 4485 4671 4217 4511 4255 4871 4205 4750 4777 4731 4349 4409 4294 4360 4217 4884 4234 4810 4206 4328 4402 4461 4689 4334 4486 4514 4177 4589 4406 4445 4609 4200 4521 4581 4230 5012 4552 4533 4157 4546 4596 4193 4688 4299 4916 4473 4353 4435 4714 4769 4524 4574 4576 4422 4266 4643 4858 4939 4561 4607 4843 4334 4631 4020 4727 4765 4461 4385 4261 4351 4433 4619 4508 4865 4237 4799 4687 4351 4524 4493 4696 4754 4231 4451 4759 4532 3930 4142 4482 4377 4281 4428 4411 4433 4221 4591 4457 4667 4365 4483 4450 4575 4316 4402 4810 4131 4567 4521 4347 4195 4471 4708 4564 4498 4822 4644 4484 4698 4773 4554 4517 4812 4691 4558 4900 4892 4841 4484 4791 4593 5186 4118 4414 4625 4602 4516 4201 4275 4786 4947 4512 4768 4238 4230 4485 5041 
5096 4579 5269 5017 4915 5247 4808 5074 5331 4940 5331 4902 5044 4844 5502 5203 5015 5413 5303 5095 4997 5249 4929 4720 5239 5269 5183 4879 5029 5303 5096 4703 5213 5426 4812 4561 4849 5301 5297 4499 5083 4997 5102 4894 4973 4952 5125 5158 4869 5442 4623 5268 5211 5165 4991 5037 4590 5056 4751 5358 5301 5157 5182 5435 5201 5430 4933 4567 4965 4978 5054 5134 5094 5163 4904 5044 5063 5397 4870 5199 5045 4961 5013 4989 4990 4991 5096 4812 4937 4922 5286 5075 5127 5441 5310 5012 4974 4923 4985 5503 5134 5175 4861 4649 4997 5385 5085 5248 4939 5127 4750 5331 5298 5308 4830 5003 4769 5054 4695 5313 5127 5332 4816 5003 4709 4875 5201 4905 4977 5120 4675 5327 4974 5095 5237 5020 5006 5367 4712 5331 5129 5151 4957 5033 5192 4853 5225 4744 5285 4868 4946 5100 5030 5174 5389 5104 5159 4996 4772 5378 5645 5562 4950 5239 4871 5295 5335 4416 4850 5133 5030 4862 5253 4723 5303 5375 5041 5113 4874 5498 5264 4943 5063 5009 5325 5468 4756 5121 5563 4945 4752 4586 5183 5032 4687 5172 4805 5071 4514 5108 5216 5324 4733 4560 4839 5027 5107 4898 5557 4815 5218 5112 5205 4630 4880 4842 4956 4622 5369 5187 5201 4956 5282 5133 4963 5224 5141 5280 5513 5072 5058 5172 5477 5175 5735 4908 5156 4823 5217 5107 4916 4813 4834 5172 5022 5102 4840 5002 5110 5648 
4530 3921 4536 4446 4225 4552 4093 4341 4479 4438 4531 4572 4614 4094 4717 4358 4469 4712 4816 4135 4432 4746 4477 3883 4682 4651 4588 4169 4529 4611 4456 4145 4558 4319 4425 4198 4214 4559 4486 4024 4597 4219 4627 4413 4349 4533 4863 4381 4380 4413 4084 4323 4384 4563 4064 4880 4135 4485 4247 4761 4604 4576 4592 4851 4243 4634 4590 4432 4462 4394 4477 4878 4516 4457 4455 4270 4520 4854 4002 4568 4284 4498 4242 4564 4192 4449 4446 4315 4317 4600 4560 4393 4758 4717 4621 4736 4399 4315 4281 4825 4349 4406 4182 4069 4423 4484 4495 4503 4220 4678 4258 4753 4537 4476 4651 4279 4454 4311 4227 4693 4623 4733 4484 4506 4390 4389 4614 4044 4639 4366 4269 4514 4377 4608 4644 4018 4153 4653 4378 4975 4568 4732 4116 4614 4403 4420 4441 3955 4669 4098 4258 4720 4356 4675 4640 4466 4570 4635 4128 4745 4513 4778 4498 4589 4341 4327 4749 4001 4579 4335 4498 4335 4301 4238 4662 4484 4331 4558 4321 4857 4429 4264 4530 4327 4598 4647 4240 4337 4606 4323 4247 4209 4376 4286 4413 4587 4260 4337 4371 4570 4596 4719 4274 4273 4394 4291 4445 4030 4796 4219 4464 4488 4561 4214 4539 4507 4525 4303 5000 4648 4398 4734 4698 4471 4262 4753 4148 4508 5008 4699 4597 4724 4747 4436 4902 4313 4624 4432 4755 4165 4231 4320 4524 4623 4223 4534 4300 4170 4408 4906 
4973 4446 5226 5047 4609 5316 4849 4970 5234 5114 4967 4848 5216 4888 5135 4983 4875 5131 5475 4772 4697 5017 5114 4403 5495 5140 5028 4735 4941 5217 5136 4672 5185 4880 4902 4319 4501 5401 5058 4587 5380 4587 4941 4717 4928 5068 5112 5193 4815 4988 4322 4954 5131 5097 4517 5204 4871 4937 4630 5047 5122 5145 5221 5374 5023 5184 4852 4681 4720 4976 5063 5306 5048 5218 4967 4791 4767 5234 4719 5262 5033 5027 4747 4978 4711 4856 4664 4837 5140 5048 5237 5113 5251 5232 5034 5284 5251 4859 4721 5344 4812 5135 4585 4551 5054 5138 5061 4749 4625 5299 4465 5168 5082 5374 5026 4942 4806 4690 4736 4979 4955 5382 4858 4929 4901 5001 5341 4455 4886 5080 4651 5346 5047 5243 4990 4776 4904 5080 4824 5406 5097 5131 4543 5157 5058 4985 5155 4604 5286 4645 4637 5197 4998 5012 5101 5314 4698 5301 4826 5432 5173 5278 4877 5140 5069 5141 5312 4485 4782 4822 4938 4841 4833 4597 5163 5050 5019 5066 4740 5456 4736 4809 5146 5079 5113 5181 4809 5149 5349 4906 4701 4481 4865 4840 4916 5290 4849 5100 4774 5122 5004 4918 4649 5132 4845 4889 5119 4780 5532 4501 5073 5039 4959 4719 5038 5016 4919 4831 5496 5173 5129 5132 5324 4902 5062 5179 4590 4954 5449 4911 5500 4997 4992 5100 5580 4750 5062 4922 5184 4871 4727 4579 5058 5197 4883 5023 4913 4779 5017 5413 
5448 4836 5426 5094 4756 5294 4761 5131 5392 5095 5215 4990 5413 5042 5220 5242 5088 5156 5160 5197 5203 4866 5199 4489 5546 5263 4797 4858 5046 4905 5302 4662 5186 5382 4923 4546 4731 5366 5154 4421 5239 5139 5222 5037 5200 5434 5048 5322 5117 5351 4408 5198 5299 5439 4835 5554 4989 4695 4903 5231 5257 5162 5357 5397 4910 5062 5219 4736 5262 5032 5035 5429 5188 5370 5088 5010 5004 5367 4722 5540 5189 4993 4901 4934 4787 5030 5174 5062 5116 4851 5403 5110 5394 5533 5250 5371 5151 5041 4995 5464 4765 5145 4958 4643 5204 5452 4907 5116 4972 5376 4636 5310 4976 5462 4899 5139 4787 5031 4956 5247 4970 5402 4847 5020 5041 4850 5325 4670 4886 4862 4957 5182 5021 4984 5218 4812 4853 5329 4894 5583 5334 5149 4964 5210 5378 5061 5311 4531 5479 4995 4989 5210 5257 5136 5122 5276 5117 5253 4685 5498 5507 5296 5244 5260 5073 4990 5218 4789 5198 5167 5073 4846 4920 4945 5197 5050 4935 5518 4676 5349 5107 4988 5224 5182 5480 5235 4778 4915 5320 5006 4635 5087 5006 4911 4758 5495 4693 5045 4693 5058 5289 5205 4827 5096 4943 5242 5224 4877 5614 4630 5181 5142 5282 5017 5220 5120 5197 4678 5236 5131 5077 5141 5406 4969 4887 5551 4806 5265 5559 5272 5299 5566 5581 5326 5667 4950 5139 5023 5382 4947 4803 4734 5391 5303 5112 5204 4875 4744 5098 5580 
5254 4561 5415 5376 5174 5521 4609 5712 5344 5280 5109 5134 5416 5160 5518 5220 5156 5363 5431 5106 5141 5507 5292 4837 5465 5308 5345 4993 5317 5236 5438 4639 5337 5269 5120 4839 5042 5541 5505 4733 5364 5163 5209 5090 4959 5051 5467 5382 5184 5291 4615 5547 5216 5277 5000 5456 5236 5197 5146 5538 5428 5591 5441 5419 5294 5312 5486 4874 5291 5001 5249 5398 5299 5161 5067 5178 5348 5712 4857 5592 5305 5424 5069 5338 5142 5112 5537 5143 5401 4886 5458 5194 5511 5511 5236 5323 5326 5168 5104 5595 4997 5422 5020 4797 5399 5362 5143 5191 5201 5489 4908 5660 5177 5612 5257 4843 4936 4864 4858 5575 5108 5678 5086 5282 4916 5167 5254 4792 5094 5369 5122 5663 5257 5461 5184 5179 4856 5497 5174 5625 5416 5443 4870 5098 5068 5316 5180 5147 5549 4997 5256 5392 5274 5510 5494 5532 5277 5225 4709 5598 5542 5605 5475 5419 5300 5284 5286 4531 5506 5400 5326 4965 5224 4896 5389 5421 5176 5478 4901 5566 5261 4854 5391 5339 5470 5521 5037 5136 5481 5179 4802 5001 5312 5150 4803 5392 4878 5224 5125 5219 5306 5678 5081 5123 5015 5257 5026 4967 5790 5016 5426 5284 5275 5109 5079 5053 5268 4940 5617 5420 5356 5438 5677 5197 5294 5642 5095 5244 5744 5399 5433 5552 5769 5296 5467 4922 5474 5091 5466 5231 5085 5090 5492 5369 5272 5328 5048 5157 5024 5836 
5329 4865 5548 5505 5083 5366 4885 5467 5359 5162 5322 5101 5331 4987 5425 5237 5036 5210 5452 4986 5102 5208 5027 4752 5531 5336 5088 5166 5188 5237 5059 5091 5327 5235 4983 5027 4882 5277 5070 4541 5122 5040 5433 5251 4966 5109 5301 5262 5134 5217 4956 5331 5273 5264 5098 5594 4850 4920 4887 5231 5405 5115 5117 5450 5135 5285 5275 4791 5353 5125 4976 5309 5271 5548 5253 5105 5221 5645 4792 5545 4879 5176 4983 5253 4881 5123 5374 5235 5262 5270 5444 5067 5588 5479 5463 5353 5198 5244 5175 5594 5000 5101 4894 5192 4991 5214 5323 5241 5054 5429 4706 5437 5259 5276 5046 5059 4639 5037 5115 5359 4928 5658 4827 5082 4890 5216 5229 4690 4937 4887 4983 5526 5151 5221 5511 4886 4982 5426 4823 5292 4973 5369 4886 5135 5045 5140 5354 5021 5222 4983 5004 5425 5014 5432 5249 5519 5128 5161 4979 5456 5581 5674 5317 5147 5236 5315 5394 4653 5165 5055 5185 4763 5080 4868 5105 5402 5250 5337 5020 5502 5227 4797 5281 5277 5381 5520 4846 5240 5369 4958 4654 5025 5273 4957 4784 5131 4728 5188 4695 5279 5168 5346 4908 4854 5145 5442 4952 4896 5743 4644 5226 5037 5005 5153 4964 5193 5338 4973 5285 5339 5356 5070 5497 5199 5347 5388 5074 5289 5586 5637 5354 5486 5656 5015 5746 4991 5192 5130 5208 5153 5132 5001 5609 5297 5007 5270 4849 4852 5155 5845 
5089 4087 5024 4771 4695 5082 4539 4862 5045 5104 4805 4637 5086 4683 4952 4985 4604 5100 5036 4751 4711 4972 4695 4513 5196 4908 5054 4715 5006 4737 4591 4605 5039 5041 4439 4619 4619 4892 5000 4374 4969 4887 4957 4468 5107 4951 5094 5306 4665 5114 4513 4960 4833 4921 4697 5069 4490 4647 4570 5123 5129 4993 5113 5095 5176 4879 5022 4766 4938 4762 5057 5012 5003 4929 4852 4736 4737 5016 4478 4873 4850 4884 4584 4636 4803 4487 4893 4724 4663 4962 4839 4849 5048 5088 4929 5022 4789 4691 4774 5113 4698 4902 4551 4626 4922 4943 4653 4962 4631 5330 4541 5202 5043 5025 4686 4747 4534 4680 4662 4969 4936 5001 4646 4973 4708 4976 5003 4635 4788 4792 4682 4965 4851 4822 4846 4546 4635 5132 4630 5081 5060 5126 4728 4731 4808 4642 5063 4850 4985 4602 4243 4995 4603 5059 4990 5209 4591 4549 4855 5102 5310 5126 4781 4984 4879 5261 4792 4162 4924 4739 4731 4558 4618 4598 5208 5120 4989 4726 4517 5337 4882 4428 4868 4850 5147 4927 4645 4627 4935 4618 4361 4782 4858 4584 4782 5099 4569 4824 4699 4946 5260 5028 4772 4749 4672 4940 4770 4516 5477 4552 5015 4910 4893 4480 4919 4910 4757 4603 5335 4973 4864 4879 4914 4915 4681 5320 4795 5149 4931 4903 5089 5219 5166 4989 5451 4647 4738 4566 4878 4815 4665 4715 5098 5072 5028 4722 4676 5018 4667 5409 
4837 4430 4963 4892 4727 4838 4483 4860 4803 4589 4832 4609 4794 4575 5131 4907 4802 4664 5033 4664 4918 4461 4756 4160 4987 5194 4871 4493 4726 4770 5006 4441 4797 4884 4578 4394 4397 4860 4848 4217 4681 4637 4734 4564 4644 4642 4901 4970 4682 4524 4125 4812 4793 4802 4392 5049 4405 4672 4640 5040 4650 4849 4887 4832 4593 4808 4776 4420 4852 4835 4904 4982 4911 4788 4957 4504 4560 5123 4469 5213 4583 4583 4547 4974 4736 4563 4740 4727 4722 4561 5002 4830 5347 4814 4616 4807 4632 4226 4781 5005 4824 4871 4333 4486 4754 4803 4694 4662 4690 4918 4487 5054 4698 4813 4834 4576 4456 4646 4353 5021 4423 4964 4693 4740 4586 4495 4756 4514 4797 4432 4602 4731 4696 4719 4879 4617 4631 4932 4532 5221 4942 4924 4457 4876 4732 4634 4726 4506 4928 4687 4683 4902 4727 4730 4708 4723 4689 4639 4561 5156 5357 5138 4751 4864 4777 4842 4916 4559 4831 4730 4757 4633 4555 4455 4797 4954 4806 4704 4422 5073 4932 4625 4981 4929 4812 5077 4665 4813 4687 4748 4251 4467 4913 4588 4606 4737 4550 4892 4572 4530 4676 4780 4672 4688 4649 4936 4623 4551 5325 4448 4796 4832 4695 4477 4486 4897 4767 4431 5219 4972 4831 4916 4985 4772 4575 4873 4773 4902 5289 4845 4866 5021 4829 4884 5549 4494 4621 4635 4825 4874 4519 4470 4692 4899 4736 4817 4567 4401 4756 5360 
4836 4402 5265 5133 4687 5243 4807 5288 5149 5024 5120 4852 5345 4895 5090 4867 4807 5092 5405 4865 4874 5297 4984 4255 5466 5486 4866 4787 4855 5156 5072 4744 5246 4948 5061 4753 4608 5323 5145 4416 5149 4849 5363 4667 4969 5122 5340 5362 4826 5131 4464 5249 5007 5195 4650 5350 4659 4865 4810 5189 5328 5255 5218 5286 5056 5359 4984 4738 5125 5011 4936 5422 5090 5082 4993 4999 5002 5525 4812 5186 4864 5240 4847 4907 4808 4829 5004 4837 5019 4884 5083 5000 5192 5139 5017 5201 5193 4938 4778 5367 4992 4865 4631 4592 4948 5223 4954 4937 5041 5323 4681 5230 4906 5076 5140 4873 4751 5079 4792 5241 5026 5177 4880 4921 5061 5046 5069 4642 5079 4976 4583 5252 5193 5209 5155 4927 4818 4837 4686 5448 5108 5179 4667 4984 5083 4831 4909 4663 5430 4748 4829 4884 4915 4931 5213 5256 5046 5070 4779 5422 5223 5380 5027 5165 5023 4969 5204 4257 5023 4986 4909 4647 4936 4963 5432 5229 5155 5080 4906 5501 4928 4725 5179 5340 5190 5452 4928 5077 5172 5195 4794 4719 5065 4946 5070 4955 4678 5258 4834 5159 5020 5063 4607 4930 4764 5234 5061 4708 5176 4803 4928 4982 4962 4539 4812 5316 4865 4823 5508 5360 5027 5037 5224 4812 5007 5118 4915 5077 5472 5129 5384 5221 5311 5046 5597 4659 4843 4865 5286 4996 4747 4720 4949 5238 5002 5059 4900 4940 4918 5169 
4695 4325 4839 4983 4486 4995 4346 5046 4735 4778 4912 4613 4821 4586 5059 4829 4335 4627 5055 4809 4524 4789 4615 4270 5017 4912 4694 4486 4749 4641 4659 4266 5072 5140 4751 4472 4468 5012 4598 4266 4805 4533 5109 4864 4653 4794 4723 4967 4710 4738 4322 4775 4831 5011 4630 4927 4537 4537 4510 5001 4965 5110 4935 4838 4727 4932 4824 4589 5233 4820 4865 4964 4865 4862 4845 4818 4824 5134 4453 5303 4634 4561 4676 4749 4754 4692 5001 4737 4686 4628 4696 4574 4994 4871 5146 4978 4839 4589 4683 5071 4675 4779 4529 4573 4721 4753 4702 4906 4446 4935 4401 4989 4730 4957 4783 4759 4447 4741 4390 5070 4553 4928 4492 4691 4503 4663 4786 4587 4490 5085 4311 4754 4695 4626 4921 4748 4636 5010 4440 5010 4873 4768 4580 4742 4532 4535 5169 4684 5143 4604 4492 4975 4887 4992 5029 5066 4835 4757 4643 5186 4613 5186 4786 4765 4577 4849 4728 4058 4755 4719 4929 4697 4549 4443 5039 4770 4749 4826 4730 5286 4656 4546 4806 4807 5005 4923 4474 4723 4800 4925 4135 4524 5061 4663 4780 4841 4417 4933 4292 4996 4776 4959 4625 4652 4620 4608 4797 4383 5318 4271 4794 4775 4853 4548 4670 4715 4753 4482 5120 4901 4768 4687 4958 4638 4801 5245 4461 4615 5071 4890 4882 4888 5009 4635 5430 4449 4778 4940 4811 4491 4478 4668 5081 5092 4774 4604 4550 4726 4523 5135 
5115 4803 5265 5456 5026 5217 4803 5153 5439 5306 5157 4987 5260 5093 5423 5197 4761 5136 5422 4936 5185 4988 5270 4537 5591 5529 5185 5173 5030 5066 4973 4787 5414 5410 4754 4673 4879 5151 5239 4635 5266 5016 5148 5128 5110 5353 5005 5672 5135 5357 4737 5143 4991 5232 4935 5448 5017 4955 4982 5472 5286 5504 5233 5457 5226 5186 5132 4997 5327 4904 5227 5343 5425 5371 5091 5050 4924 5569 5106 5594 5243 5102 5359 5323 5119 5122 5227 5045 5220 5321 5453 5188 5653 5344 5123 5304 5244 4929 5147 5436 5067 5318 4841 4907 5290 5540 5215 5302 5211 5310 4980 5415 5003 5252 4843 5255 4626 5023 4888 5431 5100 5557 4891 5274 5285 5186 5378 4918 5102 5038 5146 5428 5561 5278 5074 5225 5033 5317 4770 5692 5264 5284 4885 4974 4908 5235 5448 4985 5302 5048 4874 5269 5077 5523 5212 5302 5059 4976 5016 5274 5455 5581 5425 5375 5220 5303 5284 4896 5205 5191 5068 4971 5095 4797 4993 5251 5135 5445 4989 5659 5104 4916 5265 5380 5135 5489 4739 5294 5256 5254 4754 4885 5281 5047 4869 5242 4926 5463 4888 5127 5207 5209 4995 4899 5215 5153 4889 5122 5824 4923 5302 5185 5267 4838 4896 5438 5323 4923 5430 5325 5231 5172 5538 5020 5269 5620 5202 5370 5504 5427 5372 5543 5484 5114 6016 4714 5199 5067 5401 5395 4790 5000 5234 5420 5242 5136 4989 4964 5087 5803 
5050 4426 5274 5051 4707 5254 4803 5343 5294 4823 4959 4877 5157 4925 5435 5086 4693 5025 5211 4734 4840 5013 5077 4511 5292 5149 4958 4851 4944 5113 5078 4465 4943 5072 4691 4463 4641 5321 5127 4578 5045 4893 5187 4919 4923 5001 5021 5273 4840 4969 4620 5049 4954 5147 4765 5239 4764 4765 4537 4898 5086 5167 4904 5206 4863 5134 5185 4652 5077 4957 4767 5193 5182 4777 4945 4675 4793 5399 4682 5275 4872 4853 4866 4959 4911 4990 4991 4582 4775 4823 5246 5116 5263 5238 4995 5171 5237 5158 4756 5284 4806 5065 4866 4871 4995 5184 5002 4876 4509 4958 4664 5286 4993 5195 5079 5034 4668 4827 4638 5259 4804 5324 4747 4992 4843 4696 5109 4563 5038 4790 4496 5110 4950 5011 5177 4931 4816 5454 4867 5299 4863 5069 4642 5017 4799 4992 5057 4862 5170 4852 4676 5085 4888 4933 4833 5255 4985 4966 4900 5332 5350 5394 4941 5148 5087 5122 5265 4560 5120 4933 5023 4832 4832 4731 5109 5311 4881 5082 4813 5492 4980 5013 5377 4949 5024 5228 4700 4984 5209 4819 4414 4793 5166 4910 4749 4943 4812 5071 4720 5038 5085 5068 4732 4750 5195 5024 5009 4698 5696 4712 5072 4928 5139 4627 4874 5171 5055 4699 5258 5297 5049 4962 5184 4934 4890 5408 4939 5148 5196 5099 5267 5324 5012 5077 5696 4536 5093 5207 5198 4780 4796 4721 4854 5109 4804 5039 4583 4654 5001 5373 
5379 4574 5382 5294 5042 5398 4919 5430 5346 5116 5301 5342 5519 5097 5473 5536 5209 5308 5444 4946 5000 5004 5106 4686 5453 5441 5047 4947 5206 5093 5291 5047 5479 5454 4978 4706 4864 5553 5155 4576 5174 5130 5445 5178 5090 5309 5348 5531 5372 5195 4855 5285 5327 5347 4999 5488 5081 4952 4747 5419 5411 5391 5344 5604 5114 5283 5385 5149 5333 5123 5173 5307 5260 5194 5161 5167 5223 5773 4837 5508 5146 5243 4999 5357 5033 5164 5268 4977 5014 5202 5422 5271 5471 5375 5332 5377 5183 4988 5218 5621 5060 5253 5084 4972 5066 5546 5155 5422 5131 5402 4942 5665 5308 5420 5041 5255 4865 5180 4740 5644 5119 5429 5066 5250 5283 5126 5618 4720 5196 5002 4895 5403 5174 4906 5117 5122 5335 5629 4881 5590 5568 5407 4859 5229 5360 5221 5343 4857 5446 4875 5109 5149 4922 5269 5456 5383 5145 5170 5008 5543 5698 5553 4979 5422 5214 5375 5378 4664 5392 5203 5261 4859 5116 5246 5353 5271 5291 5341 5064 5600 5312 5133 5393 5387 5482 5666 4828 5109 5263 5082 4630 4986 5442 5207 4853 5431 4966 5299 5079 5262 5310 5358 4653 5056 5029 5309 5280 4986 5613 4805 5436 5333 5104 4769 5285 5225 5371 4872 5472 5186 5259 5153 5263 5304 5375 5576 5281 5290 5865 5385 5541 5552 5480 5278 5872 4980 5107 5161 5370 5195 4841 4947 5325 5440 5257 5237 4860 5244 5363 5707 
5217 4537 5222 5018 4874 5037 4570 4890 5156 4821 5185 4855 5083 4778 5089 4834 5050 5131 5075 4736 5007 4706 4816 4626 5443 4759 4917 4747 4894 5117 5095 4726 5115 4945 4770 4493 4828 5211 5230 4428 5080 4993 5125 4807 4963 4875 5302 5377 4877 5047 4611 4997 5147 5244 4719 5109 4805 4883 4636 5114 5422 5066 5194 5338 4903 4925 5189 4855 5103 4843 5023 5164 4886 5312 5029 4958 4842 5359 4638 5498 4704 4957 4869 4780 4895 5129 5030 4695 4717 4926 5292 4912 5181 4975 4994 5088 4777 4654 4981 4829 4748 4838 4808 4905 5159 5066 4813 4906 4703 5163 4397 5263 4945 5412 4979 5091 4442 4819 4791 5161 4835 5347 4777 4924 4922 4905 5072 4637 4936 5007 4777 5210 5113 4993 5204 4800 4539 5222 4660 5024 4954 5061 4818 4841 4901 4792 5127 4877 5168 4917 4667 4974 5028 5164 5343 5132 4830 4977 4825 5173 5176 5384 4804 5231 4739 5182 5049 4384 4875 4998 4953 4898 5217 4777 5012 5027 4762 5016 4568 5375 4732 4559 5140 5002 5318 5077 4648 4996 5177 4908 4432 4748 5247 5156 4663 5021 4519 5119 4679 5136 5077 5255 4787 4769 4908 4848 4890 4724 5544 4852 4871 4785 4897 4622 4961 4918 5172 4744 5232 4962 5074 5047 5221 4778 5075 5269 4974 4846 5422 5180 5049 5443 5321 4999 5295 4640 4875 4787 4964 5140 4742 4486 5211 5389 5018 4965 4912 4793 4978 5536 
5444 4848 5568 5438 5265 5216 5110 5491 5609 5422 5492 5327 5414 5070 5472 5158 5053 5325 5824 5112 5274 5321 5423 4508 5764 5609 5414 5141 5187 5403 5363 5075 5553 5494 5188 4727 5089 5319 5523 4606 5400 5187 5822 5362 5117 5227 5524 5541 5393 5345 4786 5482 5213 5515 5060 5687 5006 4985 4964 5622 5380 5554 5435 5410 5154 5260 5462 5092 5292 4870 5432 5669 5629 5395 5456 4869 5000 5730 5165 5807 5331 5640 5151 5309 5057 5287 5444 5234 5475 5472 5563 5285 5371 5432 5327 5718 5505 4987 5164 5491 5296 5635 4949 4888 5391 5243 5315 5244 5309 5682 5024 5699 5441 5499 5123 5159 4873 5150 4956 5856 5377 5828 5285 5271 5183 5460 5418 5203 5309 5500 5339 5308 5368 5324 5352 4819 5304 5584 5073 5717 5582 5452 5003 5260 5267 5136 5453 5098 5657 5219 5353 5436 5345 5412 5609 5612 5518 5326 4967 5488 5438 5715 5549 5371 5196 5316 5451 4652 5452 5532 5501 5272 5391 5103 5742 5362 5402 5536 4937 5683 5196 5032 5466 5446 5392 5860 4979 5454 5372 5527 4765 4957 5241 5189 5175 5166 5062 5447 5302 5682 5333 5424 5015 5352 4935 5424 5164 5047 5834 5204 5391 5313 5314 4896 5117 5362 5444 5214 5564 5574 5536 5234 5814 5248 5248 5796 5168 5437 5989 5603 5304 5834 5684 5302 5883 4943 5668 5018 5530 5276 5108 5145 5465 5564 5249 5545 5373 4966 5209 5758 
5244 4785 5025 4992 4689 5169 4742 5076 5194 4808 4944 4537 5120 4661 4918 5090 4802 4903 5204 5124 5009 4930 5000 4285 5110 5329 5318 4810 4938 4921 4925 4449 5212 5029 4708 4422 4535 5158 5229 4566 5077 4915 5142 4804 4914 4995 5248 5107 4874 5234 4595 5155 4946 5136 5033 5356 4668 4779 4530 5372 5103 5247 5164 5265 4981 5217 5142 4259 4826 4758 5132 5099 5020 4851 4903 5006 4847 5290 4900 5280 4826 5084 4693 5000 4979 4975 4891 4681 4955 4703 5360 4756 5292 5248 5115 5365 4926 4789 4879 5605 5065 4868 4860 4625 4779 5129 4874 5271 5178 5253 4668 5299 4844 5126 4840 4963 4642 5176 4721 5455 4814 5280 4854 5000 5089 4837 5135 4672 4861 4923 4729 5231 4769 4909 5194 4932 4740 5302 4584 5277 5142 5242 4828 5017 4987 4985 5073 4476 5302 5017 4747 4958 4711 4959 5296 5152 4963 4764 4853 5344 5187 5169 4753 4835 4846 5140 4954 4346 4897 5097 4975 4492 5098 4527 5179 5107 4866 5234 4632 5461 4919 4910 5096 5022 5264 5520 4796 4910 5317 4935 4623 4752 4761 4817 4740 5194 4690 5061 4703 5174 5268 5054 4748 4818 4772 5278 4967 4728 5164 4827 5057 5012 5251 4757 5073 4864 4886 4721 5024 5284 4949 4863 5330 4981 5075 5331 4781 5082 5514 5060 5151 5378 5500 5011 5665 4825 4918 4775 4965 5007 4786 4772 4849 4956 4845 5112 4986 4768 4687 5427 
5136 4426 5585 5329 5083 5482 4788 5494 5295 5157 5254 5072 5254 4996 5627 5248 4865 5240 5482 5215 5176 5140 5339 4780 5627 5220 5074 4954 5186 5139 5087 4567 5458 5162 5224 4708 4809 5532 5203 4776 5288 5156 5563 5151 5110 5255 5425 5387 5044 5155 4830 5103 5204 5344 5134 5588 5064 4855 4894 5292 5588 5269 5378 5379 4925 5328 5541 4776 5238 5034 5140 5363 5285 5390 5064 5056 5271 5322 4811 5453 5173 5302 5059 5331 5095 5187 5058 5215 4893 5242 5105 5145 5538 5212 5196 5210 5277 4789 5151 5369 5207 5314 5030 4804 5240 5135 5204 4984 5091 5377 4919 5610 5219 5296 5045 5113 4980 5166 4935 5600 5130 5539 4957 4960 5339 5150 5168 4943 4910 5062 4761 5277 5319 5258 5268 5143 5071 5510 5061 5415 5185 5541 4799 5158 5209 4970 5346 4892 5578 4982 4875 5247 5167 5486 5162 5426 5191 5272 4938 5379 5272 5498 5192 5494 5051 5108 5302 4435 5334 5351 5362 4748 5238 4952 5622 5376 5078 5287 4796 5711 4964 4865 5393 5195 5261 5512 4774 5310 5136 4836 4694 5137 5136 4889 5172 5285 4855 5094 5126 5199 5267 5282 4947 4843 5253 5270 5187 4896 5594 5100 4909 5267 5226 4925 5079 5368 5190 4847 5523 5443 5362 5068 5583 5203 5108 5489 5158 5170 5579 5290 5453 5515 5663 5112 5634 4686 5289 5093 5277 5367 5152 4838 5465 5362 5248 5223 4914 4803 5039 5512 
4770 4240 4966 4877 4750 4823 4509 5033 5154 4827 4881 4677 4706 4663 5021 4618 4373 4701 4986 4413 4894 4713 4732 4054 5180 4614 4812 4581 4762 4766 4753 4534 4707 4796 4720 4257 4409 4772 4675 4337 5108 4471 5105 4433 4831 4982 4980 5091 4672 4892 4398 4806 4790 4894 4328 5096 4556 4498 4317 4941 5065 5197 4953 5001 4736 5029 4850 4460 4869 4674 4531 5005 4854 4864 4715 4634 4579 5283 4752 5118 4820 4796 4665 4732 4654 4755 4835 4755 4743 4781 4892 4807 4811 4842 4649 4835 4848 4571 4515 4977 4530 4841 4537 4308 4899 4856 4471 4867 4601 5039 4578 4933 4756 5053 4589 4525 4356 4854 4615 4942 4668 5265 4754 4755 4644 4742 4706 4809 4692 4987 4540 4752 4696 4953 4591 4596 4704 5284 4519 4852 4806 5012 4320 5036 4796 4845 5003 4625 5158 4708 4462 4901 4596 4763 4945 4888 4825 4381 4588 4764 4945 4916 4637 5033 4744 4937 4729 4393 4736 4843 4874 4529 4812 4445 5078 4955 4631 4698 4606 5181 4606 4541 4779 4936 4812 5280 4384 4739 4908 4657 4417 4557 4742 4606 4435 4843 4349 4920 4478 5065 4875 4747 4639 4632 4662 4765 4893 4565 5367 4649 4770 4627 4654 4317 4792 4827 4862 4396 4969 4972 4786 4599 4933 4774 4922 5266 5068 4918 5122 4926 4928 5127 5274 4668 5496 4278 4830 4481 4969 4962 4539 4297 4943 5158 4944 4647 4646 4624 4628 5092 
5287 4702 5122 5224 4834 5112 4916 5075 5267 4967 5209 4836 5037 4677 5309 5197 4933 5209 5490 4866 4955 4976 5124 4639 5438 5100 5272 4886 5239 5185 5205 4891 5385 4967 4831 4566 4940 5288 5051 4248 4986 4727 5399 4973 5003 4966 5331 5463 5153 4954 4688 5187 5087 5337 4957 5183 4809 4839 4750 5395 5012 5203 5177 5299 4662 5238 5235 4804 5083 4924 5124 5162 5106 5276 5044 4769 4864 5168 4576 5388 4875 5249 5054 5288 4857 5140 5081 4731 4918 5260 5317 5033 5147 5285 5148 5126 4789 4616 5125 4948 5034 4871 4736 4892 5015 5151 5212 4928 4876 5198 4620 5415 5196 5560 4842 5133 4677 4873 4616 5211 4926 5410 5041 4785 5188 5133 5054 4594 4793 4889 4813 5161 5089 4947 5187 4777 4783 5317 4742 5374 5014 5276 4773 5113 5060 4756 5227 4824 5327 4910 4808 5500 4643 5029 5242 5479 4945 4991 5007 5355 5298 5387 5041 5431 4700 5005 5048 4650 5057 4869 5204 4802 5108 4773 5297 5033 5142 5436 4831 5536 4958 4694 5236 5286 5291 5234 4665 4937 5218 5070 4251 4858 5270 5002 4754 5045 4721 4766 4880 5169 5099 5215 4807 4727 4889 5108 4832 4608 5857 4598 5020 5228 5093 4571 4852 5015 5364 4415 5182 5050 5259 5151 5289 4890 4928 5394 4760 5102 5561 5140 5268 5124 5095 4807 5553 4709 4930 4951 5302 5018 4636 5059 5327 5309 5004 4995 4928 4746 5131 5536 
5000 4560 5165 4869 4742 5097 4793 5000 4970 5086 5184 4699 5110 4762 5229 4874 4786 5083 5320 4616 4886 5153 4952 4344 5446 5009 5053 4620 4880 5202 4886 4519 5200 5171 4908 4379 4536 5112 5095 4447 5110 4714 5070 4740 4885 5259 5130 5022 4637 4972 4477 4895 5072 4929 4768 5331 4747 4647 4501 5178 5399 5159 5157 5300 4929 5127 4976 4474 4956 4916 5018 5087 5093 5042 5123 4886 4799 5495 4604 5287 4891 4757 4582 4940 4943 5004 5086 4825 4757 4866 5106 4911 5236 5169 4995 5007 4943 4607 4900 5113 5084 4765 4489 4604 4971 5040 4840 4909 4867 5075 4501 5188 5019 5028 4988 4753 4721 4935 4573 5183 4889 5523 4973 5028 4928 4669 4981 4654 5014 4860 4683 5159 5095 5211 5196 4874 4988 5083 4520 5203 4981 5031 4727 4823 4900 4880 5017 4620 5141 4848 4866 5008 4920 4804 4923 5197 4883 4743 4981 5215 5202 5464 4896 5292 4978 5062 4969 4413 4817 5052 5150 4709 4971 4553 5162 5136 4961 5029 4799 5500 4830 4856 5174 4886 4963 5225 4755 5075 5372 4880 4792 4738 5140 4842 4810 4999 4761 4902 4943 5273 4876 4987 4658 4660 4917 4727 4928 4454 5369 4958 5198 4857 4856 4741 4691 5044 4835 4858 5188 5286 4934 5066 5286 5027 4933 5203 4831 5236 5693 5045 5216 5114 5196 5164 5764 4567 4663 4799 5068 5169 4749 4745 5044 5136 4833 4899 4737 4600 4896 5615 
5082 4375 5127 5000 4898 4986 4423 5047 4999 4976 4787 4746 5097 4749 5099 4990 4877 4988 5332 4887 4854 4993 4801 4492 5148 4969 4912 4612 4898 4929 4832 4748 5001 5169 4578 4414 4870 5225 4991 4427 5104 4912 4975 4816 5047 4999 5193 5071 4875 4753 4473 5236 4849 5042 4669 5233 4612 4749 4788 5398 4956 5148 5004 5460 4879 4871 5146 4857 4908 4833 5151 5042 5038 5074 4779 4833 4823 5179 4680 5272 4522 4877 4773 4977 4989 4860 4956 4879 4864 4972 5115 4983 5366 5178 5031 5049 5002 4949 4921 5193 4722 4873 4655 4644 4851 4864 4976 4920 4835 5267 4697 5197 4690 5142 4962 4958 4736 4499 4754 5096 4791 5168 4663 4845 4927 4874 4962 4436 4874 4729 4655 5299 5112 5158 5021 4640 4602 5337 4654 5053 5126 5100 4698 4745 4872 4941 4993 4655 5058 4772 4598 4700 4685 5236 5066 5155 4773 4797 4732 5285 5271 5269 4862 5181 4823 5157 5126 4536 5100 4819 5148 4764 4864 4672 5088 4863 4925 4838 4594 5352 4779 4864 5076 5186 5154 4976 4808 4740 5204 4907 4393 4907 4825 4834 4440 5324 4580 4934 4773 4987 5342 4916 4720 4631 5071 5007 4836 4777 5418 4782 5053 4936 4896 4797 4694 4872 5092 4544 5351 4718 5101 4800 5224 4852 4711 5445 4761 5258 5410 5090 5103 5288 5389 5146 5296 4754 4847 4817 4990 4724 4657 4639 5011 5026 4672 4917 4675 4777 4860 5649 
5059 4759 5257 5095 5055 5107 4737 5158 5552 5067 5149 4810 5433 5129 5191 5156 4992 5342 5521 5060 5091 5242 5100 4677 5130 5485 5264 4856 5007 5301 5233 4624 5240 5053 4824 4743 4895 5164 5160 4601 5263 4994 5142 4973 5107 5151 5349 5381 5108 5273 4644 5472 5027 5421 4836 5261 4637 4990 4991 5467 5296 5455 5310 5184 5183 5326 5194 4827 5210 5007 5164 5280 5073 5087 4993 4874 4963 5386 4965 5423 4895 5224 5024 5110 5083 5099 5243 4979 5397 5228 5255 5266 5370 5355 5410 5214 5112 4948 5025 5252 5123 5323 4960 4453 5156 5349 4937 5066 5003 5341 4838 5409 5233 5372 5034 5156 4775 4824 4925 5057 4987 5374 5105 5015 5232 5064 5177 4790 4942 5321 4730 5413 5099 5119 5095 4640 4886 5493 4802 5364 5490 5482 4774 5299 5159 5007 5166 4654 5511 4780 4960 5284 5055 5172 5194 5048 4960 5080 4883 5419 5365 5278 5118 5366 5068 5285 5051 4412 5202 5106 5150 4795 5152 4602 5307 5266 5079 5177 4994 5442 4935 4650 5285 5262 5435 5443 4804 5305 5270 5056 4405 4597 5044 5050 5168 5077 5005 5210 5101 5212 5076 5126 4801 5138 4890 5231 5228 4711 5570 5091 5385 5101 4997 4804 4992 5217 5234 4786 5515 5446 5149 5340 5309 5182 5054 5485 4825 5340 5605 5263 5371 5373 5540 5092 5848 4980 5161 4818 5148 5288 4954 4946 4924 5387 5093 5070 5070 4838 4830 5780 
5271 4643 5441 5360 5031 5512 4813 5510 5259 5174 5342 4869 5323 5063 5461 5345 5213 5381 5680 4909 5304 5223 5201 4709 5357 5368 5156 5021 5086 5026 5405 5023 5396 5234 4979 4816 4910 5532 5238 4809 5375 5142 5461 5268 5118 5474 5347 5409 5239 5433 4522 5330 5197 5150 5036 5549 4927 5268 5046 5438 5274 5267 5284 5427 5171 5370 5250 4928 5225 5171 5388 5433 5209 5397 5107 5365 5265 5524 5012 5318 5159 5422 5119 5223 5091 5109 5458 5287 5177 5296 5226 5303 5559 5560 5275 5367 5100 4777 5083 5608 5114 5499 5064 4919 5056 5159 5246 5396 5180 5484 4934 5569 5077 5500 5299 4901 5053 5226 4814 5434 5097 5567 4820 5150 5114 5096 5241 4851 4927 5173 5004 5641 5233 5244 5312 4843 5238 5303 4909 5758 5644 5515 4837 4934 5153 4972 5234 4797 5594 4937 5234 5203 5258 5474 5460 5383 5100 5029 5073 5473 5637 5709 5133 5279 5212 5121 5638 4827 5276 5275 5433 4986 5126 4799 5495 5364 5437 5297 5118 5617 5124 4984 5354 5214 5253 5390 4855 5433 5466 5201 4558 4991 5245 5015 5059 5435 4740 5293 4915 5059 5246 5409 5074 4998 5023 5276 5126 4936 5556 5094 5537 5208 5041 4697 5202 5254 5192 5022 5497 5257 5391 5105 5553 5148 5173 5506 4805 5204 5591 5433 5301 5609 5630 5207 5908 5093 5411 5320 5340 4947 4996 5123 5325 5272 5071 5072 4961 5095 5272 5502 
5075 4532 5040 4925 4640 5072 4780 5244 5190 4951 5053 5049 5091 4681 5300 5044 4970 4924 5470 4961 4918 4966 4966 4490 5260 5260 5207 4735 4938 5048 4969 4577 5086 4946 4906 4552 4722 5278 5066 4352 4985 5017 5156 4575 4999 4683 5264 5204 4720 4941 4594 5039 5044 5047 4819 5230 4595 4767 4839 5413 5131 5201 5152 5286 5026 5135 5108 4684 5003 4985 5319 5341 4797 4967 4700 4542 5132 5156 4682 5088 4848 5073 4737 4978 4931 4899 4702 4973 5182 4944 5289 5096 5237 5183 4711 5229 5156 4980 5007 5091 4874 5002 4504 4704 5327 5198 5123 5025 4912 5273 4796 5525 5152 4968 4985 5020 4717 4664 4792 5207 4971 4972 4944 4861 4601 4945 5031 4443 4767 4818 4651 5247 4676 4970 5003 4761 4632 5189 4941 5261 4972 5133 4603 5126 5175 4906 5081 4878 5466 4586 4714 5213 4950 5160 5148 5146 5091 5053 4656 5240 5271 5302 5019 4886 5020 5009 5058 4413 5012 4849 5214 4565 4630 4859 5271 5058 4931 5349 4834 5461 4948 4847 5027 5042 5368 5533 4659 5042 5138 4856 4275 4788 4950 4832 4640 4997 4548 4907 4654 4972 5152 5189 4680 4914 4718 4996 5169 4652 5413 4538 4844 5107 4927 4854 4886 5068 5041 4405 5267 5387 5064 4923 5119 4787 4763 5243 4611 5166 5184 5134 4996 5184 5432 4958 5296 4609 5165 4976 5058 4739 4689 4868 5181 5364 4708 5086 5007 4509 4915 5741 
5786 5010 5756 5738 5157 5768 5384 5588 5977 5652 5412 5337 5510 5335 5909 5678 5360 5609 5946 5768 5352 5661 5637 5106 5910 5901 5640 5512 5373 5669 5652 5230 5756 5613 5285 5141 5283 5753 5814 4925 5557 5557 5880 5277 5471 5820 5534 5909 5354 5600 4926 5685 5654 5783 5425 6136 5315 5337 5146 5755 6009 5823 5642 5631 5325 5793 5721 5165 5669 5536 5269 5700 5603 5891 5452 5567 5497 5909 5292 6143 5298 5605 5266 5405 5147 5344 5608 5189 5661 5621 6012 5338 5912 5849 5484 5645 5533 5417 5563 5876 5445 5671 5524 5159 5742 5655 5399 5534 5332 5925 5172 5699 5684 5910 5593 5578 5283 5318 5096 5784 5576 5988 5119 5303 5524 5429 5701 5239 5407 5483 5386 5696 5669 5604 5633 5357 5343 5848 5143 5963 5572 5808 5351 5864 5371 5376 5477 5232 5671 5563 5260 5582 5676 5660 5681 5885 5514 5510 5351 5950 5722 6127 5570 5738 5371 5652 5599 4832 5657 5446 5405 5157 5507 5255 5737 5653 5571 5503 5361 5933 5290 5551 5703 5707 5800 6135 5460 5546 5741 5773 5220 5292 5624 5507 5472 5831 5220 5686 5539 5702 5690 5880 5304 5359 5463 5514 5779 5419 6035 5344 5579 5421 5713 5184 5534 5502 5712 5323 5953 5738 5491 5542 5985 5367 5500 5889 5327 5723 5918 5614 5866 5825 6029 5429 6575 5380 5414 5429 5536 5507 5250 5413 5340 5777 5547 5411 5289 5391 5302 6375 
5190 4729 5408 5429 5110 5462 4793 5425 5109 5049 5298 5256 5322 5064 5330 5170 5161 5540 5974 5010 5158 5290 5337 4900 5415 5598 5535 5143 5108 5284 5193 5034 5487 5182 4941 4752 5005 5719 5428 4717 5455 5095 5408 4936 5263 5268 5616 5429 5121 5562 4715 5457 5288 5172 4887 5509 5100 5238 4934 5590 5593 5565 5493 5727 5169 5447 5502 5109 5375 5081 5376 5625 5315 5408 5140 5179 5186 5607 4917 5542 5020 5401 5079 5168 4937 5351 5397 5107 5146 5371 5462 5294 5560 5348 5288 5451 5090 5067 5258 5650 5172 5387 5003 5179 5336 5421 5349 5371 5323 5416 4818 5558 5146 5522 5165 5098 5116 5052 4981 5497 5179 5745 4949 5093 5040 5294 5465 4968 5494 5277 4880 5362 5309 5374 5471 5108 5319 5522 5265 5653 5192 5256 4971 5262 5043 5360 5322 5103 5475 4943 4867 5165 5235 5218 5623 5533 5290 5326 4816 5884 5696 5698 5038 5391 5316 5269 5431 4926 5369 5061 5592 4930 5289 5069 5566 5378 5412 5407 4848 5782 5245 5184 5325 5583 5335 5464 5007 5238 5589 5291 4580 4959 5332 5273 5116 5142 5052 5154 5189 5267 5339 5412 4733 5063 5244 5457 5202 5125 5853 4952 5368 5218 4955 5017 5122 5080 5349 4901 5881 5386 4962 5182 5418 5217 5362 5332 5165 5380 5582 5463 5357 5363 5720 5410 5721 4977 5388 5207 5334 5250 5134 4914 5364 5408 5104 5468 4924 5059 5149 5946 
5408 4894 5472 5304 5135 5348 5179 5268 5528 5013 5435 4994 5344 5120 5486 5094 5004 5124 5541 5220 5206 5310 5286 4698 5577 5275 5158 5100 4988 4995 5317 4824 5278 5409 5072 4609 5033 5155 5426 4707 5458 5288 5218 5010 5102 5476 5271 5429 5204 5323 4893 5451 4890 5265 4723 5638 4694 4919 4821 5366 5351 5356 5437 5472 5289 5079 5338 4923 5228 5025 5296 5534 5259 5354 5120 5000 4970 5692 5031 5565 5404 5064 5039 5170 5017 5078 5146 5033 5134 5100 5328 5195 5830 5409 5193 5355 5181 5195 5148 5576 5007 5418 4867 4921 5437 5190 5273 5160 5163 5279 4768 5537 5121 5635 4999 4859 4986 5198 4901 5620 4901 5519 5023 4967 5028 5185 5201 5046 5212 5286 4687 5468 5279 5017 5318 5064 4986 5680 5058 5443 5289 5301 4835 5351 5155 5262 5134 4764 5464 5006 4952 5273 5227 5382 5330 5515 5255 4865 5111 5460 5525 5609 5174 5333 5268 5261 5249 4739 5217 5166 5529 4905 5265 5127 5389 5418 5163 5554 5034 5213 5107 4934 4945 5309 5512 5410 4707 5353 5274 5206 4969 5201 5203 5181 4949 5101 5042 5328 4918 5123 5250 5273 5066 5027 5309 5296 5105 5063 5744 5089 5374 5240 5537 5012 5105 5181 5207 4982 5578 5382 5177 5193 5473 4990 5241 5424 5305 5321 5740 5153 5303 5661 5849 5433 5683 4929 5227 4930 5434 5465 4793 4964 5302 5528 5251 5160 4990 4839 5060 5767 
5177 4606 5307 5207 4788 5321 4659 5033 5354 4948 5070 4973 5041 4939 5166 4921 4938 5076 5334 4567 4834 5125 4917 4179 5400 5307 5042 4898 4845 5116 4890 4643 5088 5168 5043 4772 4530 5443 5380 4455 5144 5049 5181 4892 5152 5255 5096 5052 4759 5228 4522 5013 5104 5021 4966 5150 4791 4917 4856 5133 5350 5296 5035 5332 4858 5058 5181 4639 5266 5020 4951 5218 5233 5019 5045 4845 5253 5314 4831 5257 5025 5102 5048 5117 4767 4771 4909 4907 4797 4935 5285 4785 5103 5223 5072 5155 5052 4803 4929 5252 4979 5098 4704 4893 4976 5210 5135 5023 4884 5221 4919 5376 5015 5365 4804 4672 4544 5037 4813 5389 4762 5359 5061 4990 4779 5095 4833 4729 5117 5185 4739 5368 4810 5063 4987 4854 5032 5340 4864 5308 5125 5407 4736 4952 4728 4993 5086 4853 5533 4728 4746 5339 4978 5318 5448 5593 4920 4986 4983 5451 5344 5135 5274 5139 4865 5210 5120 4584 4878 5095 5153 4670 4951 4682 5271 5294 5292 5157 4743 5491 4983 4724 5178 5087 5208 5641 4807 5266 5268 4985 4522 4835 5245 5006 4724 5050 4832 5058 4724 5192 5292 5132 4890 4802 4897 5050 5092 4716 5498 4758 4848 4893 4975 4831 4862 5008 4988 4676 5255 5079 4890 5090 5330 5098 4985 5292 5114 5409 5451 5112 5151 5399 5462 5056 5474 4799 5091 4869 5225 5164 4505 4972 5348 5396 4971 5066 4844 4975 4965 5603 
5113 4533 5067 4695 4863 4779 4417 5099 5156 5108 4966 4707 5153 4795 4835 5053 4678 4916 5089 4775 4915 5038 4933 4558 5063 5095 4872 4670 4921 5026 5144 4739 5178 5190 4605 4684 4551 5036 4852 4210 4981 4859 5123 4881 4812 4829 5174 5043 4786 4867 4489 5178 5026 4903 4803 5145 4617 4806 4932 5286 5091 4969 5015 5283 5032 5036 5086 4767 4843 4921 4846 4978 4971 5257 5082 4711 4998 5203 4517 5109 4977 4792 4753 4824 4764 4992 4901 4974 4972 4730 5296 5017 5359 5218 4960 5093 4985 4681 5205 5197 4919 5126 4397 4519 4628 4998 4837 5022 4842 5154 4631 5049 5003 4915 4835 4851 4680 4862 4673 4970 5038 5476 4510 4976 4750 5083 4990 4634 4882 4929 4615 5075 4928 4999 4919 4712 4710 5287 4708 5336 5116 5022 4525 4651 4970 4815 5042 4625 5246 4742 4736 5051 4984 5086 4990 5220 4986 4828 4756 5140 5328 5382 5160 5214 5012 4928 5094 4546 4900 4782 5038 4712 4847 4783 4915 5306 4926 4936 4650 5390 4829 4672 4985 4991 4928 5249 4938 5068 5135 4867 4332 4632 4867 5089 4560 5081 4625 4941 4716 4873 4752 5034 4601 4749 4997 5071 4661 4954 5369 4620 5036 4881 4824 4765 4844 4979 4933 4724 5328 5401 5088 5033 5441 5013 4842 5194 5112 5051 5375 5027 4946 5156 5418 5001 5391 4453 5031 4797 5065 4981 5065 4534 5091 5080 4801 5143 4557 4772 4832 5453 
5309 4680 5329 5277 4932 5335 4899 5364 5487 4887 5464 4930 5457 4968 5393 5202 5079 5375 5439 5078 4978 5116 5174 4757 5684 5531 4920 5150 5201 5296 5212 4865 5245 5156 5108 4866 4795 5482 5275 4941 5457 5139 5377 5004 5289 5155 5647 5516 4993 5326 4616 5289 5271 5363 5063 5224 4925 4749 5061 5148 5511 5279 5493 5449 5189 5193 5140 4733 5257 5370 5273 5344 5254 5128 5096 4999 5137 5450 5064 5495 4893 5078 5000 5198 4998 5015 5253 5115 5046 4970 5138 5091 5503 5447 5306 5323 5312 4841 4873 5478 4892 5411 4966 4799 5240 5370 5034 5104 5114 5541 4885 5609 5242 5172 5261 5221 4932 4984 4981 5509 5100 5475 5068 5273 5065 4956 5131 4703 4966 5369 4860 5337 4961 5260 5320 4988 4800 5229 5037 5622 5338 5496 4866 5322 5112 5018 5270 4937 5637 5074 4929 5391 5315 5276 5447 5366 5111 4999 5216 5584 5510 5531 5148 5272 5146 5465 5300 4615 5206 5043 5317 4882 5192 4784 5489 5123 5241 5262 4918 5506 5153 4616 5332 5084 5554 5499 5070 5055 5520 5085 4836 5043 5389 5194 5121 5513 4856 5214 4677 5403 5471 5268 4924 5120 5155 5120 5276 4793 5566 4829 5049 5169 5116 4895 5024 5153 5204 4881 5301 5368 5397 5145 5431 5012 5161 5259 5037 5254 5463 5494 5497 5430 5601 5403 5797 4983 5340 5066 5246 5061 5137 5059 5548 5469 4952 5057 5047 5051 5220 5587 
4683 4232 4887 4482 4440 4643 4387 4863 5069 4655 4825 4105 4860 4554 4590 4772 4638 4668 4937 4569 4884 4714 5003 4318 5009 4915 4699 4578 4763 4957 4809 4612 4639 4999 4668 4386 4552 4953 4941 4214 4860 4818 4926 4430 4885 4679 5070 5149 4614 4848 4264 4868 4836 4798 4551 5062 4386 4407 4621 4904 5028 4923 5007 4990 4701 4657 4837 4644 4617 4835 4854 4985 4637 4811 4920 4704 4738 5266 4505 4836 4747 4784 4539 4718 4769 4744 4982 4698 4750 4592 5082 4582 4947 4807 4848 4842 4771 4506 4654 4980 4693 4760 4535 4299 4679 4751 4790 4864 4583 4882 4486 5098 4731 4737 4682 4627 4480 4643 4569 5021 4807 5276 4400 4786 4595 4630 4898 4394 4512 4985 4480 5070 4815 4705 4758 4396 4380 4961 4451 4955 4738 5021 4634 4638 4705 4717 4704 4445 5056 4694 4551 4882 4777 4844 4778 4976 4793 4474 4444 5033 4870 5287 4859 4779 4606 4706 4954 4399 4732 4761 4952 4322 4609 4422 4926 4814 4980 4753 4604 5287 4427 4431 4704 4831 4965 5199 4629 4985 4983 4786 4286 4646 4949 4740 4649 4903 4248 4895 4473 4938 4794 5037 4657 4568 4564 4846 4780 4758 4981 4851 4914 4830 4877 4385 4693 4943 4935 4580 5112 5047 4848 4828 4927 4609 4903 4724 4622 4714 4850 5053 4862 4942 5075 4917 5352 4396 4848 4600 4793 4729 4552 4506 4725 4813 4546 4767 4616 4521 4613 5125 
5397 4804 5254 5152 4941 5514 4845 5525 5659 5304 5103 4660 5367 5051 5310 5276 4882 5371 5334 5043 5210 5049 5361 4620 5617 5771 5032 4989 4939 4937 5127 4697 5196 5274 4983 4781 4880 5236 5244 4640 4952 5147 5320 4972 4903 5267 5203 5520 5164 5060 4791 5200 5202 5094 4906 5394 4810 4873 4833 5249 5385 5223 5368 5308 5034 5301 5277 4863 5398 5104 5104 5351 5129 5307 5360 5044 4958 5438 4801 5310 4942 5118 5086 5262 4916 5261 4983 4854 5194 5098 5315 5072 5286 5378 5243 5343 5269 4887 4978 5326 5177 5389 4843 4980 4972 5306 5166 5063 4827 5434 4770 5488 5198 5383 4848 5151 4645 4992 4857 5562 4950 5480 4888 5049 5178 5088 5275 5044 4961 5135 5004 5541 5103 5058 5329 4872 4979 5334 4843 5438 5144 5502 4691 5252 5187 4693 5194 4884 5459 5030 5101 5213 5154 5279 5493 5179 5181 5035 5156 5470 5411 5431 5254 5337 5027 5196 5348 4615 5394 5121 5149 4924 5164 4867 5295 5349 5245 5362 4822 5456 5434 5034 5389 5338 5360 5734 4741 5263 5275 5212 4605 4845 5224 5068 4974 5252 5027 5111 4892 5121 5300 5258 4939 4914 5322 5112 5047 5127 5715 4750 5139 5048 5157 4798 4980 5331 5155 5063 5398 5672 5223 5185 5476 5064 5029 5503 5013 5182 5323 5499 5370 5569 5324 5016 5858 4820 5193 5110 5329 5333 4956 4647 5238 5308 4929 5051 4960 4937 5253 5614 
5058 4351 5019 5120 4594 5096 4624 5072 5123 4952 5185 4615 4895 4822 5192 5043 4706 4996 5236 4629 4809 4890 4880 4360 5237 5123 5038 4681 4685 4953 4651 4622 5071 4929 4821 4566 4421 5056 4879 4566 5082 4798 4889 4985 4818 4798 5155 5016 4923 4896 4462 4913 4956 4971 4724 5143 4591 4702 4749 5158 5059 5108 5273 4969 4918 4801 4800 4547 4826 4856 5042 4832 5054 5013 4933 4707 4616 4957 4918 5050 4732 4744 4731 5087 4992 4679 4797 5048 4878 5001 4918 4886 5216 4988 4836 4927 4781 4684 4796 5127 4766 4837 4530 4603 4907 4819 4992 5050 4743 4992 4636 5318 4968 4823 4895 4882 4413 4911 4700 5340 4736 4958 4840 4832 4892 4776 4769 4700 4723 4848 4755 5098 4596 4901 4897 4788 4774 4874 4470 5381 4908 5105 4487 4851 4708 4937 5016 4776 5313 4639 4740 5155 4879 4800 4962 4821 4577 4618 4703 4912 5245 5317 5045 4946 4842 4903 4930 4164 4858 4626 5036 4736 4777 4761 5267 5114 4769 4953 4649 5004 4897 4710 5131 5119 4911 4905 4628 4877 5057 4730 4518 4768 4894 4829 4880 5167 4696 4637 4766 4944 4920 4872 4847 4792 4827 4762 4435 4531 5472 4514 4763 4845 4789 4655 4831 4683 4926 4430 4899 5136 4937 4875 5204 4856 4771 5011 4628 5219 5138 4961 5199 5056 5327 4791 5371 4615 4726 4676 4762 5009 4823 4724 5006 5103 4651 4919 4938 4764 5015 5264 
5253 4654 5647 5581 4981 5369 5026 5295 5420 5212 5307 5032 5260 5319 5496 5152 4925 5485 5663 5325 5431 5180 5194 4689 5415 5242 5040 4914 5140 5291 5316 5098 5556 5376 5142 4832 5026 5569 5293 4633 5654 5200 5649 5008 5223 5502 5260 5342 5065 5057 4609 5316 5100 5497 4970 5752 4815 4956 4941 5558 5467 5325 5421 5666 5132 5480 5267 4961 5215 5258 5300 5420 5281 5636 5281 5079 5182 5413 5361 5530 5312 5484 5026 5255 5112 4960 5597 5141 5218 5331 5461 5236 5417 5347 5400 5358 5216 5305 5041 5580 5237 5424 5108 4802 5215 5074 5101 5077 5048 5466 5019 5427 5082 5515 4998 5190 4964 4879 4854 5332 5181 5691 4857 5233 5229 5067 5348 4843 5335 5273 4962 5153 5224 5414 5447 5069 4961 5338 4729 5770 5331 5350 5058 5160 5060 5188 5339 5048 5559 5007 5133 5549 5165 5365 5230 5263 5152 5026 4887 5164 5268 5602 5359 5355 5138 5318 5230 4729 5238 4953 5590 5050 5291 4885 5468 5169 5461 5381 5256 5729 5146 4822 5491 5239 5309 5482 4961 5291 5471 5087 4764 5073 5065 5056 5003 5307 4812 5293 5049 5309 5161 5416 5115 5062 4912 4953 5093 4846 5854 4984 4955 5357 4954 5162 5292 5298 5286 5043 5364 5383 5350 5200 5465 5155 5114 5583 5085 5143 5759 5527 5192 5676 5640 5383 5725 4862 5627 5014 5300 5133 4995 4991 5244 5391 5219 5232 4936 5031 5166 5796 
5223 4670 5533 5588 5063 5204 5029 5492 5447 5321 5254 4883 5350 5152 5634 5431 4929 5260 5549 5250 5213 5529 5180 4793 5478 5519 5440 5172 5054 5200 5397 4741 5397 5517 5286 4821 5109 5533 5298 4748 5383 5104 5340 5129 5085 5045 5427 5441 5239 5311 4498 5349 4958 5446 5200 5631 4918 5178 4813 5621 5226 5486 5302 5494 5233 5356 5468 4798 5192 5018 5435 5520 5274 5370 5138 5180 4973 5438 4937 5464 5429 5267 5273 5583 5228 5029 5278 5055 5386 5173 5217 5152 5318 5496 5144 5333 5295 5123 5316 5433 5137 5350 4957 4946 5274 5516 5413 5274 5136 5269 4924 5717 5052 5368 5136 5207 4712 5130 4871 5615 5141 5507 4967 5088 5209 5335 5477 4951 5159 5488 5047 5637 5135 5300 5123 5074 5109 5532 5144 5558 5441 5458 4914 5165 5057 4999 5218 5174 5413 5021 5213 5450 5276 5320 5329 5493 5299 5168 4856 5351 5621 5488 5372 5333 5325 5379 5064 4686 5431 5126 5626 4977 5298 4936 5412 5477 5098 5498 5020 5414 5211 5061 5313 5467 5389 5757 4957 5088 5199 5227 4831 5077 5311 4957 5156 5392 4936 5265 4992 5301 5118 5381 4956 5155 5108 5246 5038 5139 5995 5133 5290 5587 5279 4851 5166 5318 5326 5067 5759 5174 5281 5272 5571 5314 5243 5374 5321 5570 5650 5264 5506 5478 5462 5239 5850 4819 5100 5083 5433 5404 4664 5228 5104 5372 5250 5308 4932 5215 5065 5842 
5401 4691 5774 5484 5232 5617 5220 5479 5468 5139 5469 5208 5597 5405 5643 5432 5279 5189 5696 4904 4964 5341 5383 4640 5552 5548 5312 5010 5089 5116 5507 4880 5332 5163 5291 4969 5092 5533 5361 4918 5452 5140 5433 5226 5257 5409 5215 5604 5392 5441 4942 5563 5208 5501 4926 5571 5137 5368 4837 5216 5786 5447 5465 5628 5088 5371 5299 5071 5470 5043 5179 5436 5355 5429 5227 5270 5025 5407 5149 5916 5216 5448 5317 5359 4876 5458 5472 4954 5326 5273 5528 5178 5504 5477 5264 5434 5285 4943 5179 5495 5187 5393 5245 4967 5499 5255 5220 5032 5107 5495 4919 5761 5084 5482 5275 5284 4876 5226 4973 5556 5240 5683 5259 5076 5097 5124 5353 4804 5294 5459 4842 5171 5229 5186 5406 4791 5470 5603 5142 5727 5480 5656 4867 5053 5107 5365 5387 4885 5587 4858 4932 5238 5349 5342 5424 5686 5323 5402 5232 5530 5461 5726 5207 5362 5069 5249 5384 4993 5422 5323 5485 5040 5274 5013 5579 5464 5270 5242 5054 5567 5352 4955 5280 5180 5382 5731 4770 5417 5717 5077 4645 5135 5354 5359 5088 5417 5030 5456 5209 5302 5466 5411 5284 4918 5125 5261 5181 4963 5987 5061 5443 5168 5310 5184 5129 5380 5281 5233 5927 5460 5533 5163 5494 5318 5283 5739 5336 5466 5700 5610 5429 5666 5748 5403 5813 4944 5491 5125 5348 5218 4938 5085 5211 5576 5207 5428 5181 4886 5326 5660 
4893 4522 4868 4656 4468 4987 4725 4655 5099 4901 4910 4568 4749 4738 5096 4835 4702 4806 4952 4880 4944 4859 5104 4528 5147 4864 4998 4955 4464 5044 4955 4518 5046 4969 4702 4410 4495 5140 4897 4402 4641 4824 4859 4699 4822 4798 4645 4863 4781 5122 4625 4953 4994 4810 4753 5048 4426 4604 4484 4854 5114 4775 4958 4902 4773 4869 4949 4356 4858 4696 4765 5129 4904 5073 5036 4839 4701 5394 4559 5050 4792 5037 4464 4813 4611 4922 4642 4785 4951 4788 5182 4756 5060 4954 5136 4843 4828 4854 4910 4956 4776 4825 4469 4609 4996 4818 4976 4778 4648 4977 4439 5172 4868 5128 4761 4802 4620 4818 4640 5003 4839 5126 4587 4635 4933 4753 4989 4412 4505 5090 4311 4928 4688 4762 4959 4499 4913 5149 4658 5090 4993 4726 4677 4583 4640 4704 4892 4729 5203 4566 4497 4649 4778 4983 4857 4781 5142 4791 4633 4908 5008 5110 5089 4985 4575 4710 4946 4315 4921 4885 4976 4526 5064 4717 4965 4939 4769 5104 4583 5210 4791 4613 4897 4861 5226 5041 4508 4883 5027 4762 4284 4533 4998 4710 4750 5100 4469 4819 4563 4794 5207 4738 4735 4661 4968 4921 4718 4546 5298 4503 5057 4686 4989 4512 4794 4878 4780 4630 5255 5142 5025 4869 5180 4749 4983 4946 4629 4968 5463 4994 5166 5010 5280 4857 5390 4395 4709 4784 4945 4678 4607 4600 4904 5063 4448 5074 4667 4638 4786 5170 
4912 4285 4987 5184 4606 4991 4464 5044 5005 4702 4950 4821 5126 4730 5314 5222 4556 4895 5206 4709 4687 4939 4748 4530 5183 5003 4744 4730 4648 4960 4928 4543 5045 4704 4564 4344 4658 5083 4828 4329 4889 4777 4922 4920 4714 5087 4936 5312 4644 4705 4165 5176 4871 5050 4772 5140 4482 4830 4752 5087 5079 5099 4943 5037 4739 4783 4996 4587 4814 4692 4813 4888 5131 4830 4781 4778 4898 5069 4896 5335 4832 4984 4709 5143 4668 4599 4798 4843 4678 4812 4907 4700 5168 5366 4991 4899 4831 5005 4743 4959 4815 5017 4947 4498 4766 4894 4861 4904 4888 5062 4563 5274 4743 5144 4800 4799 4573 4787 4656 5213 4698 5091 4683 4636 4785 4798 4987 4536 4850 4816 4632 4889 4850 4773 4684 4495 4859 5030 4639 5390 5299 4945 4475 4941 4725 4961 4964 4537 5026 4538 4705 4880 4889 5133 4925 5000 4971 4786 4876 5112 5259 5360 4913 5105 4691 4783 4844 4325 4928 4777 4962 4679 4842 4720 5203 4882 4710 4827 4706 5255 5008 4706 5106 4892 5174 5097 4342 4844 4969 4810 4389 4692 4859 4806 4771 4873 4597 4481 4689 4889 4897 5016 4475 4753 4623 4805 4470 4745 5500 4731 5004 4833 5010 4414 4611 4885 5096 4358 5060 4900 4861 4912 5437 4768 4607 5254 5090 5275 5193 5138 5142 5098 5346 5109 5485 4677 5061 5112 5001 4896 4450 4714 4900 5082 4816 4821 4748 4510 4794 5155 
5261 4661 5332 5454 4991 5349 5034 5383 5589 5305 5214 5091 5384 5184 5552 5441 4902 5424 5412 5193 5205 5495 5110 4842 5434 5626 5304 5018 5099 5134 5366 4941 5645 5247 5159 5073 5042 5421 5304 4582 5192 5166 5250 4791 5154 5462 5409 5623 5494 5351 4855 5405 5279 5300 5073 5401 4859 5118 5062 5519 5516 5416 5429 5527 5174 5178 5347 4852 5240 5192 5383 5560 5143 5366 5051 5313 5172 5507 4933 5449 5412 5083 5129 5419 4955 5102 5325 5167 5257 5222 5633 5397 5384 5456 5433 5551 5535 5154 5217 5509 5204 5430 5007 4912 5278 5313 5234 5378 5116 5553 4973 5705 5315 5456 5150 5510 4811 5099 4789 5444 5282 5565 4956 5350 5127 5270 5430 4979 5351 5173 5072 5553 5207 5259 5336 5231 5132 5833 5310 5478 5529 5562 4869 5114 5334 5136 5209 5012 5776 5052 5114 5416 5420 5345 5404 5452 5206 5359 4992 5594 5460 5890 5456 5838 5410 5179 5230 4680 5439 5215 5330 4956 5540 4896 5286 5516 5027 5489 5085 5440 5044 4965 5313 5194 5393 5741 5085 5223 5197 5251 4617 4973 5264 5087 5235 5507 5166 5193 5146 5466 5169 5201 5043 5255 5182 5129 5213 5116 5917 4894 5288 5201 5102 4957 5164 5387 5391 5079 5740 5429 5084 5351 5630 5134 5156 5611 4807 5305 5541 5409 5522 5435 5733 5307 5818 5110 5533 5430 5617 5255 5139 5172 5449 5531 5266 5483 5004 5089 5305 5686 
4867 4585 5333 5440 5208 5411 4733 5478 5281 4927 5021 5352 5363 4964 5169 5128 4822 5331 5413 4988 4984 4998 4958 4573 5385 5395 5007 4972 5353 5093 5134 4731 5133 5155 5048 4587 4912 5259 5034 4379 5308 4961 5266 4823 4951 5354 5152 5343 4975 5177 4664 5197 5277 5097 4699 5330 4760 4682 4849 5297 5339 5170 5284 5572 5106 5155 5294 4988 5120 4948 4935 5306 5474 5116 5017 5060 5127 5679 4840 5548 5044 5064 4936 5421 4980 5171 5137 4638 5013 5091 5219 5116 5399 5094 5113 5222 5232 5055 5129 5124 4842 5411 4980 4924 5088 5176 5049 4952 4865 5493 4842 5616 5274 5534 4938 5062 4913 4882 4846 5325 5182 5447 4978 4941 4974 4969 5424 4750 5188 4814 4765 5169 5036 4969 4956 4858 5215 5566 5083 5455 5059 5411 4414 5237 5123 5124 5296 5026 5466 4904 4827 5214 4962 5254 5278 5059 5060 4946 4905 5496 5442 5436 4919 5341 5221 5143 5217 4617 5441 5142 5288 4859 4993 4968 5303 5059 5056 5363 4953 5560 5178 4689 5309 5221 5257 5501 4739 4884 5201 4955 4695 4642 5068 5140 4951 5064 4896 5204 5041 5376 5285 5301 4776 4925 4892 5326 5134 4890 5505 4949 4929 5023 4921 4655 5084 5247 5222 4812 5674 5320 5079 5151 5519 5082 5088 5621 5270 5150 5440 5452 5408 5382 5384 5090 5525 4736 5301 5015 5445 5064 4876 4696 5110 5306 4935 5060 4852 4872 5312 5545 
4940 4672 5211 5064 4804 5172 4551 5176 5059 4914 4932 4707 4943 4761 5117 4916 4622 5000 5277 4940 4761 5099 4997 4689 5215 4994 5171 4913 4828 4922 5059 4852 5075 4878 4586 4594 4479 5238 5038 4412 4912 4874 5396 4882 4842 5052 4871 5231 4842 5026 4649 5205 5067 4879 4937 5381 4658 4689 4735 4843 5390 4995 4976 5055 4785 4902 5076 4647 5062 4962 4588 4979 5422 5197 5075 4970 4957 5243 4558 5491 4703 5090 4874 5166 4928 4844 5095 4490 4843 4735 5024 4635 5185 5235 5096 5101 5063 4899 5047 5317 4605 5147 4790 4876 5029 5112 4835 4735 4752 5111 4590 5150 5073 5308 4770 4804 4649 4720 4759 5197 4863 5414 4697 4839 5060 4914 5154 4398 4956 4728 4417 5074 4955 4750 4956 4635 4994 5429 4922 5331 5084 5035 4722 5271 4927 4829 5036 4582 5212 4791 4682 5329 5026 4982 5091 5162 4788 4918 4917 5353 5225 5213 4989 5206 4632 5102 5307 4258 5095 4909 5028 4757 4970 4779 5069 5057 5100 4916 4747 5425 4784 4747 5171 5144 5171 5287 4496 5027 4885 5100 4340 4737 5121 4817 4886 4952 4652 4805 4650 4971 5119 5184 4512 4828 4786 5108 4755 4746 5571 4809 4975 5057 5055 4617 5081 5111 5113 4693 5397 5284 4830 5020 5135 4945 4880 5441 4943 5184 5364 5073 5081 5372 5242 5059 5466 4717 4855 4966 5056 5030 4753 4671 5118 5250 4861 5216 4549 4833 5073 5438 
5404 4456 5244 5059 4985 5419 4985 5305 5371 5021 5030 4806 5280 4907 5373 5154 5070 5123 5533 4912 4743 5329 5270 4594 5404 5292 5192 5021 5284 5162 5013 4629 5212 4953 4832 4380 4708 4956 5396 4547 4838 5108 5074 4787 5058 5442 5043 5275 4780 5175 4590 5294 5211 5069 5009 5205 4918 4802 4725 5145 5732 5183 5090 5359 5085 5089 5120 4830 4938 4809 4940 5339 4926 5124 5091 4982 4981 5291 4928 5202 5147 5115 4935 5067 4747 4883 5150 4919 5071 5147 5531 5218 5379 5351 4979 5226 5050 4750 5101 5322 5093 5229 4870 4568 5189 5138 4966 4982 5259 5199 4817 5431 5199 5365 5157 4991 4684 4986 4731 5156 5037 5606 4798 5224 5130 4950 5310 4694 5156 5075 4878 5120 5222 4870 5021 4598 5095 5429 4948 5456 5272 5461 4821 5082 5093 4899 5074 4680 5633 4795 4851 5261 5332 5133 5003 5251 5075 4964 4699 5425 5379 5392 5066 5324 4982 4967 5190 4710 5141 5236 5232 4589 5075 4744 5190 5278 5090 5244 4917 5421 4883 4555 5270 5496 5096 5486 4891 5170 5325 5221 4503 5029 5183 5106 4914 5399 4822 5114 4947 5122 5159 5035 4921 5056 5019 4924 5034 4901 5649 5059 5425 5245 5014 4973 5090 5183 4920 5008 5579 5317 5067 5158 5416 5120 5248 5539 5060 5169 5538 5149 5413 5277 5523 5194 5695 4857 5193 5174 5137 5150 4592 4962 5235 5352 4983 5322 4810 4760 5050 5551 
5271 4613 5140 5207 4866 5274 4721 5457 5183 5232 5049 4949 5069 4969 5440 5164 4899 5049 5593 4947 5039 5019 5034 4712 5430 5437 5113 4982 4920 5136 5098 4618 5060 5147 5155 4697 4763 5532 5124 4588 5394 4850 5382 5134 5181 5285 5370 5249 5173 5137 4540 5306 5109 5251 4739 5803 5059 5038 5022 5414 5280 5271 5126 5338 5163 5333 5276 4824 5453 5035 5128 5228 5249 5162 5204 4887 4944 5551 4932 5633 5040 5255 5141 5230 4909 4888 5348 5148 5066 5025 5237 5142 5733 5357 4975 5484 5016 4893 4992 5354 5196 5349 4900 4577 5138 5328 5141 5008 5219 5477 4927 5443 4900 5529 5024 5056 4631 5118 4988 5422 5057 5473 4986 5140 5268 5162 5286 4798 4937 5408 4879 5585 5298 4898 5267 4799 5049 5402 4974 5457 5475 5498 4523 5207 5245 5052 5059 5167 5499 5194 5077 5472 5308 5166 5322 5245 5076 5004 4983 5493 5515 5576 5094 5223 5275 5274 5213 4282 5115 5023 5095 4882 5047 5136 5298 5670 5005 5278 4813 5308 4903 4836 5259 5390 5355 5415 4783 5321 5310 5182 4508 5087 5077 5157 5064 5087 5153 5174 5100 5153 5117 5154 4769 5112 5074 5095 4998 4690 5710 4854 5342 5212 5174 4758 5120 5303 5037 4725 5612 5289 5347 5218 5469 4946 4919 5678 5368 5431 5674 5238 5263 5490 5429 5404 5997 4732 5288 5198 5297 5256 4515 5211 5131 5460 5157 5365 4809 4918 4891 5574 
4977 4296 4772 4795 4755 5120 4451 4992 4825 4647 5241 4593 4900 4576 5143 4829 4935 4935 5123 4757 4638 5106 5076 4288 5054 5162 4993 4631 4648 4924 5018 4663 4999 4961 4768 4325 4669 5085 5080 4424 4974 4737 4646 4588 5002 4906 4966 5040 4721 5046 4506 5083 4795 4890 4473 5115 4759 4828 4620 5159 5126 5058 4790 5037 4969 5139 4878 4513 4729 4657 4923 5083 5121 4899 4885 4682 4653 5093 4565 5353 4790 4955 4729 4800 4729 5041 4687 4597 4747 4606 4981 4700 5267 5037 4957 4943 4589 4663 4766 5049 4820 4799 4489 4544 4895 5083 4979 4657 4757 5050 4723 5252 4945 5075 4814 5064 4511 4618 4655 5050 4662 5036 4740 4665 4595 4722 4943 4262 4851 5038 4344 5136 4837 4772 5074 4747 4621 5149 4661 5245 4930 5117 4438 4884 4625 4940 4925 4555 5062 4698 4383 4782 4732 4807 4974 4935 4662 5096 4739 4947 4946 5216 4964 4981 4930 4754 4862 4360 4770 4812 4857 4427 4773 4419 5083 5038 4887 5235 4570 5263 4702 4689 4989 4732 5396 4912 4518 4771 5176 4996 4280 4242 4710 4719 4601 4731 4756 4756 4493 4782 4927 5036 4673 4651 4759 4771 4898 4549 5191 4461 4915 4913 5150 4467 4729 4700 4642 4391 5042 5066 5017 5048 5021 4634 4919 5333 4644 4824 5163 4956 4943 5297 5439 4995 5231 4873 5024 4975 4929 4728 4685 4439 4819 4895 4541 4819 4758 4599 4739 5109 
5048 4633 5093 5230 4826 5338 4786 5184 5188 5066 4731 4940 5000 4922 5038 5089 4982 5411 5262 4826 4976 5023 4974 4853 5357 5379 5112 4989 5119 4986 5117 4704 5315 4969 4842 4714 4886 5458 5209 4321 5123 4921 5135 4850 5242 5244 5020 5314 4953 5297 4777 5246 4974 5046 4624 5370 4731 5184 4886 5204 5252 5047 5088 5487 4977 5113 5077 4557 5060 4830 5073 5334 4849 5027 5050 5065 5104 5396 4508 5554 4938 5183 4817 4983 4793 4890 5104 4906 4897 4884 5285 5006 5123 5205 5275 5196 5073 4692 5069 5280 4819 5368 4999 4653 5058 5126 5238 5120 4767 5072 4905 5325 4995 5158 4925 4868 4830 4892 4700 5147 5266 5262 4995 4913 4911 4954 5071 4675 4746 4959 4861 5401 4885 5086 5188 4817 4922 5393 4955 5464 5183 4989 4635 5134 5162 4937 4904 4820 5332 4953 4836 5091 4965 5165 5244 5129 5116 5173 4813 5502 5332 5580 4910 5241 5012 5110 5337 4741 5041 5079 5106 4808 4989 4765 5188 5366 4865 5226 5044 5250 5014 4592 5068 5346 5263 5463 4846 5130 5358 4846 4527 4494 5330 5020 5053 5124 4821 4925 4842 5112 5262 5303 4699 4673 5102 5159 4950 4876 5470 4867 5066 5023 5075 4628 4892 5206 5192 4973 5568 5325 5274 5211 5650 5042 4937 5385 4964 5130 5516 5158 5310 5354 5570 5135 5498 4786 5344 4871 5167 4969 4885 4634 5062 5404 5041 4980 4792 4880 5072 5641 
5061 4532 4867 4787 4832 5013 4619 4788 4998 4783 5293 4792 5055 4600 5362 4995 4701 5101 5172 4752 4757 4930 4784 4516 5247 5040 4944 4656 4875 5049 5041 4415 5059 4991 4608 4427 4689 5021 4890 4438 4894 4812 5064 4980 4815 4850 5174 5027 4874 4851 4532 4968 4797 5073 4930 5242 4508 4764 4286 5084 5147 5125 5118 5048 4820 4859 4996 4479 4988 4593 4950 5099 4734 4984 4840 4755 4694 5328 4672 5311 4721 4920 4633 5063 4799 4651 4913 4900 4820 4649 5073 4889 5153 5168 5108 5112 5018 4823 4793 5052 4802 4887 4778 4697 5009 4956 5003 4760 4871 5075 4733 5442 4882 5205 4912 4876 4569 4688 4691 5136 4782 5191 4737 4778 4632 4543 4987 4513 4881 4745 4620 4987 4942 4683 4997 4568 4788 5049 4581 5029 4744 5039 4567 4907 4910 4972 5078 4520 4944 4813 4682 4797 4829 5090 5077 4949 4733 4936 4784 5016 4953 5284 4956 5003 4875 5036 4539 4445 4830 4996 4964 4791 4833 4708 5005 4826 4960 4989 4653 5421 4801 4815 5083 4966 5338 5282 4567 4869 5031 4848 4255 4634 4993 4721 4698 5064 4345 4774 4752 5264 5034 5121 4459 4645 4932 4594 4742 4488 5287 4413 5027 4755 5063 4645 5008 4918 5287 4533 4959 5064 4640 5021 5227 4777 4893 5289 4570 4973 5108 5092 4999 5209 5329 4929 5308 4609 4630 4894 4911 4860 4709 4672 5141 5074 4531 4937 4658 4626 4811 5331 
5270 4557 5311 5056 4918 5144 4817 5268 5409 5086 5140 4829 5140 5011 5496 5070 4810 4954 5191 4944 4981 4925 5023 4684 5344 5414 5325 4976 4992 5063 5174 4764 5148 4922 4788 4791 4871 5536 5057 4623 5307 4962 5033 4946 4936 5108 5004 5341 5072 5024 4592 5307 5260 5076 4805 5188 4742 4879 4868 4976 5315 5196 4986 5300 5087 5102 5193 4649 4985 4964 5053 5364 5085 5156 4972 4731 5208 5305 4674 5363 5170 5094 4948 5020 4952 4835 5003 4861 5206 5046 5295 5122 5205 5071 5073 5287 5488 5023 4893 5321 4589 5293 4888 4918 5036 5090 5228 4810 5042 5042 4834 5239 5224 5215 4976 5098 4679 4641 4828 5243 4959 5300 4836 5104 4768 5024 4969 4704 5099 5229 4678 5219 5074 5257 5048 4685 4773 5345 5011 5451 4897 5275 4734 5146 5135 4916 5195 4999 5308 4630 4933 5146 4928 5125 5117 5272 4808 5092 5048 5265 5349 5365 5095 5233 4978 5033 5102 4214 5007 5182 5006 4904 4920 4615 5049 5224 4983 5147 4991 5460 4924 4813 5098 5153 5351 5535 4637 5162 5102 4797 4458 4938 5075 4990 5034 5245 4706 4865 4525 5276 5096 5480 4959 5017 5208 4771 5170 4865 5583 4686 5046 5156 5310 4769 5061 5148 5288 4740 5500 5461 5019 4963 5675 4729 4844 5176 4935 5203 5355 5234 5287 5341 5479 5005 5599 4640 5127 4947 5200 4992 4701 4814 5082 5155 5006 5060 5052 4573 5006 5486 
4999 4437 5086 5009 5001 5164 4663 5217 5205 4824 5064 4857 5195 4574 5305 5084 4571 5061 5358 4989 4803 4941 4850 4374 5260 5155 5073 4795 4994 4839 5012 4473 5092 5233 5077 4577 4802 5208 4913 4208 5133 4743 5246 4681 5064 5212 5090 5148 4749 5009 4541 5078 5105 5102 4712 5142 5040 4733 4508 5442 5109 5161 4962 5213 4827 5127 5213 4741 4973 4869 4866 5281 5185 5226 4853 4948 4875 5350 4861 5357 5107 4962 4833 5047 4846 4900 5086 4672 4698 4932 5037 5071 5251 4903 4908 5009 5163 4986 4999 5395 5007 5012 4783 4556 4940 5044 5272 4949 5009 5111 4857 5521 4810 5116 4740 4857 4701 4716 4832 5288 4711 5121 4643 4957 5151 4948 5100 4768 4899 4891 4728 5161 5210 4887 5175 4898 4915 5309 4768 5567 4826 5289 4560 4933 5020 4840 5045 4754 5385 4789 4896 5238 4872 5009 5172 5059 4651 4953 4790 5132 5289 5195 5050 5134 5043 5125 4901 4442 4993 5064 5084 4509 5005 4832 5264 5112 5067 5215 4888 5387 4751 4795 5145 5307 5009 5267 4726 4619 5121 4974 4485 4785 4754 4972 4746 5029 4893 4915 4915 5317 5004 5114 4842 4816 4873 5024 5159 4587 5522 4914 5209 5101 4973 4767 5027 5215 5170 4717 5290 5289 4917 5058 5247 4792 4848 5462 4985 5139 5237 5260 5221 5101 5496 5011 5395 4616 4804 4719 5103 5185 4773 4726 5068 5120 4816 4967 4806 4991 4772 5448 
5210 4747 5360 4967 4944 5456 4930 5270 5293 5248 5297 5059 5147 4922 5388 5324 4993 5321 5701 5296 5119 5148 5009 4781 5529 5336 5434 4927 5441 5167 5094 4857 5235 5173 4998 4583 4944 5287 5386 4685 5130 5177 5338 4907 4948 5408 5341 5463 4882 5223 4690 5639 5012 5181 4984 5363 5013 5074 5019 5393 5369 5359 5223 5237 5062 5333 5279 4974 5173 4776 5334 5364 5341 5435 5148 4904 5143 5449 4888 5495 4946 5142 5121 5261 5004 4985 5136 5210 5055 4996 5351 5139 5404 5209 4979 5441 5215 4924 4963 5451 5065 5474 4937 4928 5034 5221 5296 4918 5483 5453 4912 5660 5272 5275 5057 5156 4486 4946 5011 5393 4825 5557 5114 5085 5116 5110 5508 4673 5011 5129 4939 5363 4990 5175 5078 4946 4864 5566 5015 5515 5474 5326 4857 5162 5389 5007 5407 4955 5631 4911 4854 5631 5498 5238 5521 5250 4776 5172 5163 5460 5516 5523 5226 5206 5041 5448 5106 4482 4961 5207 5181 4903 5136 4820 5475 5155 5243 5361 4893 5592 4871 4872 5218 5339 5531 5510 5004 4931 5242 5193 4755 5054 5024 4990 4964 5140 4685 5054 4868 5200 5382 5370 4958 5089 4937 5283 5188 4766 5816 4866 5197 5295 5185 4897 5086 5469 5394 4727 5495 5363 5260 5204 5378 5260 5170 5439 4909 5511 5656 5402 5435 5418 5619 5252 5577 5045 5271 5096 5128 5048 4934 5155 5300 5357 5121 5290 5061 4840 5013 5849 
5255 4747 5545 5368 5064 5522 4710 5395 5400 5071 5543 4990 5484 4989 5455 5289 4873 5574 5372 5041 5000 5238 5178 4625 5371 5248 5224 5074 5022 5113 5373 4661 5662 5414 5001 4576 4950 5701 5393 4701 5428 5146 5451 5214 5378 5350 5427 5375 5226 5512 5007 5383 5420 5434 4922 5611 4858 4907 4881 5473 5476 5452 5431 5392 5175 5439 5343 4914 5296 5229 5162 5156 5385 5204 5282 4995 5109 5730 5031 5378 5222 5235 4927 5199 4975 5003 5512 4848 5051 5199 5382 5485 5381 5566 5418 5342 5267 5125 5171 5205 5223 5148 4972 5082 5359 5395 5218 5448 5226 5576 4927 5458 5319 5730 5119 5198 5069 5105 5001 5468 4929 5470 5179 5344 5114 5361 5212 4846 5034 5244 4824 5519 5271 5091 5173 4821 5268 5363 4911 5563 5270 5490 4732 5095 5089 5049 5189 5007 5576 5069 5236 5119 5160 5305 5231 5391 5222 5256 5036 5513 5650 5576 5144 5424 5162 5360 5168 4720 5413 5234 5443 4866 5287 4912 5316 5413 5094 5458 5034 5849 4925 4998 5601 5143 5436 5428 4905 5216 5421 5266 4778 4870 5283 5226 4978 5052 4817 5312 4765 5406 5195 5520 4791 5074 4932 5274 5319 4962 5645 5013 5328 5234 5217 4726 5145 5104 5141 4863 5459 5412 5134 5214 5423 5114 5173 5763 5047 5688 5396 5237 5388 5529 5776 5160 5889 4906 5363 5098 5271 5229 4781 4907 5419 5421 4814 5213 5144 4949 5263 5638 
5393 4843 5463 5380 5159 5509 4899 5444 5537 5465 5425 5088 5484 5182 5378 5307 5302 5661 6002 5317 5318 5488 5181 4850 5698 5434 5298 5238 5178 5521 5664 4765 5751 5630 5125 4661 5066 5272 5398 4924 5661 5331 5765 5144 5191 5511 5608 5586 5412 5431 4950 5577 5331 5316 5179 5875 4933 5193 5347 5598 5618 5608 5485 5737 5427 5472 5539 4891 5129 5194 5675 5699 5832 5415 5503 5044 5343 5707 5073 5626 5036 5417 5076 5150 5323 5271 5149 5287 5186 5177 5586 5594 5579 5819 5543 5363 5261 5263 5312 5738 5067 5722 4989 5161 5292 5658 5276 5295 5056 5564 4982 5581 5522 5592 5646 5344 5190 5251 4976 5496 5246 5605 5105 5023 5277 5414 5653 4872 5464 5351 4959 5433 5518 5606 5327 5287 5078 5516 5111 5985 5424 5576 5128 5069 5276 5228 5204 5226 5637 5066 5291 5158 5236 5435 5668 5473 5339 5215 5238 5738 5637 5533 5403 5573 5346 5371 5472 4723 5647 5253 5544 5296 5403 5108 5466 5404 5507 5535 5183 5806 5344 5306 5507 5445 5576 5795 5109 5048 5611 5469 4987 4913 5285 5195 5240 5514 5104 5490 5122 5383 5587 5478 4927 5277 5300 5376 5268 5026 5696 5073 5305 5384 5493 4786 5297 5459 5346 5144 5878 5443 5632 5483 5582 5180 5377 5602 5413 5543 5789 5543 5610 5646 5719 5555 6206 5008 5511 5195 5421 5315 5014 4947 5489 5451 5238 5161 4983 4968 5355 5840 
4834 4457 5032 5097 4649 5147 4544 4873 4915 4988 4743 4809 4849 4728 5079 5019 4502 5028 5362 4989 4818 5101 5018 4606 5098 5245 5098 4873 4876 4851 4997 4721 5173 5185 4852 4628 4540 5000 4970 4163 4595 4885 4929 4643 4784 5019 4873 5054 4784 5108 4440 4963 4870 4803 4759 5036 4654 4657 4708 5166 5006 5158 4797 5123 4953 5047 5100 4725 4956 4873 4828 5084 5096 5132 4820 4957 4840 5350 4455 5467 4808 5123 4762 4981 4708 4954 4998 4575 4988 4935 4971 4552 5224 4929 5133 4877 4943 5049 4998 5160 4866 5016 4422 4486 5108 5221 4979 4983 4951 5018 4648 5010 4795 5090 4815 4745 4628 4873 4432 5094 5144 5371 4866 4824 4890 4561 5023 4657 4911 4941 4461 5038 4778 5028 5024 4989 4637 5028 4628 5174 4849 4836 4803 5000 4545 4769 5073 4837 5266 4815 4386 4834 4921 5098 5048 5041 5188 4735 4474 5240 5028 5492 4910 5022 4895 4835 5050 4378 5137 4979 4961 4485 4926 4740 5146 5091 4811 5218 4626 5361 4849 4806 4792 5076 4999 5103 4289 4911 4861 5101 4335 4562 5214 4575 4473 5003 4626 4850 4467 4732 4821 5212 4682 4889 4702 5102 4698 4736 5412 4534 5033 4980 4915 4631 4756 4973 4907 4726 5068 5236 5128 4913 4966 4761 4975 5349 4628 4855 5360 4823 4927 5125 5208 4878 5576 4673 4856 5124 4940 4689 4743 4803 4916 5049 4934 5007 4662 4861 4699 5370 
5454 4599 5141 5368 5027 5153 4931 5091 5224 4932 5084 4814 5323 4975 5257 4830 5150 5215 5355 5200 4932 5104 5120 4308 5134 5107 5271 4965 5090 5184 5311 4723 5494 5363 4868 4392 4954 5126 5077 4662 5350 4904 5338 4887 5242 5175 5311 5398 4889 5157 4628 5218 5171 5175 4807 5228 4933 5006 4903 5311 5238 5320 5018 5489 4813 5116 5179 4609 5105 5062 5065 5282 5305 5194 5070 4998 4951 5303 4716 5403 5039 4931 4866 4923 5150 4976 5148 4844 4834 5219 5486 5017 5365 5338 5241 5429 5019 4871 5162 5424 4920 5111 4837 4963 5123 5294 4957 5075 4984 5350 4867 5452 5235 5042 5080 5124 4731 4809 4779 5465 5107 5339 4861 4997 5051 4860 5095 4578 5169 5056 4788 5369 5054 5146 4962 4923 4830 5357 4682 5303 5289 5363 4800 5247 5064 4944 5215 4772 5455 4822 5072 5229 4970 5306 5219 5209 4755 5105 4906 5412 5368 5310 5047 5259 5167 5153 5266 4493 5164 5009 5079 4763 5245 4799 5223 5108 5121 5194 4885 5271 4996 4815 5100 5208 5032 5333 5011 5194 5319 5249 4674 4868 5122 5159 4911 5088 4971 5337 4784 5111 5073 5152 4971 4771 5164 5211 5215 4957 5600 4991 5277 5095 5190 4615 4978 5095 5145 4784 5332 5062 5278 5231 5602 5138 5329 5603 4904 5111 5606 5201 5254 5304 5349 5104 5576 4834 5124 5098 5229 4990 4907 5090 5159 5178 5061 4897 4910 4952 4872 5719 
4889 4485 5364 4816 4915 5001 4418 5014 5059 4891 4968 4800 4861 4813 4991 4797 4373 4917 5213 4742 4546 4959 4703 4407 5140 5027 4695 4494 4863 4786 4949 4390 4974 4965 4880 4614 4449 5054 5019 4048 4942 4419 5045 4950 4803 4979 4891 5023 4808 4852 4184 4757 4741 5009 4667 4801 4895 4762 4464 4850 5183 5034 4653 5215 4702 4961 4818 4567 4719 4679 4671 4818 5164 4860 4647 4663 4718 5219 4548 5180 4547 4897 4770 5125 4671 4654 4846 4723 4725 4673 4786 4714 5177 4944 4714 4758 4698 4942 4701 5118 4688 4995 4539 4454 4763 5080 5130 4556 4758 4758 4447 5121 4823 4884 4851 4634 4248 4732 4350 5161 4805 5124 4533 4841 4665 4587 4826 4316 4762 4712 4544 4833 4859 5068 4737 4592 4785 4878 4743 5218 4706 4988 4356 4801 4428 4699 4684 4504 5110 4638 4579 4910 4872 4707 4833 4917 4667 4790 4640 4972 4836 5237 4929 4904 4661 5019 4814 4061 4884 4964 4785 4613 4673 4405 5071 4731 4798 4836 4749 5098 4926 4638 4715 4879 5085 5340 4513 4755 5045 4990 4441 4418 4777 4713 4624 4821 4690 4903 4532 4807 4512 4951 4570 4779 4768 4806 4756 4518 5185 4550 4813 4874 4825 4568 4745 4891 4790 4638 4967 5023 4777 4692 5073 4748 4774 5187 4681 5000 5302 4888 5109 4801 5092 4683 5324 4494 4885 4707 4940 4896 4521 4659 4935 4980 4842 5000 4443 4701 4913 5173 
5292 4694 5304 5315 5061 5206 4745 5426 5583 4862 5142 5045 5188 5104 5464 5274 5143 5235 5497 5252 5107 5378 5175 4914 5683 5289 5146 5068 5086 5129 5175 4889 5321 5416 5172 4775 4948 5561 5330 4738 5300 5322 5316 4980 5169 5129 5307 5624 5019 5335 4698 5424 5003 5412 5070 5566 4889 5177 4897 5296 5192 5240 5395 5579 5225 5168 5452 4913 5119 5109 5132 5357 5379 5161 5442 4897 5108 5581 4844 5531 4945 5055 5071 5281 4961 5247 5190 4951 5297 4979 5351 5046 5481 5243 5196 5286 5193 4864 5287 5513 4746 5536 4794 4782 5267 5410 5104 5204 4948 5205 4760 5259 5254 5211 5036 5234 4895 5082 4898 5478 5202 5718 4914 5012 5119 5046 5164 4795 4975 5143 4968 5256 5143 5401 5226 4872 4801 5585 5167 5655 5427 5215 4877 5090 5237 4905 5101 4841 5484 5185 5115 5388 5263 5348 5426 5368 5062 5025 4993 5524 5511 5691 5312 5476 5108 5275 5424 5006 5328 5235 5558 4958 5011 4995 5427 5341 4986 5453 4909 5604 5224 4735 5276 5098 5357 5461 4760 5170 5277 5195 4892 5066 5362 4867 4807 5321 4788 5084 4776 5179 5233 5438 5035 5089 5143 5333 5031 5087 5604 4918 5281 5168 5433 4845 5202 5120 5229 5204 5617 5259 5255 5324 5430 5101 4881 5201 4938 5500 5677 5676 5435 5580 5303 5267 5784 4979 5256 5141 5430 5170 5064 4859 5212 5391 5166 5216 4868 4954 5264 5744 
5355 4699 5679 5509 5199 5199 4809 5470 5525 5442 5322 5060 5160 5207 5379 5390 4911 5350 5409 5220 5244 5425 5277 4637 5912 5539 5180 5055 5086 5202 5449 4996 5309 5583 5102 4972 4797 5454 5300 4917 5572 5173 5573 5055 5123 5360 5456 5510 5212 5473 4721 5187 5195 5469 5036 5415 5058 5004 4947 5691 5726 5539 5460 5429 5232 5386 5208 4956 5220 5295 5352 5492 5715 5629 5249 5009 5316 5522 4937 5463 5100 5354 5172 5526 5249 5271 5396 4994 5405 5113 5509 5288 5608 5472 5295 5564 5212 5054 5253 5557 4936 5396 4735 4659 5325 5415 5165 5341 5146 5872 4902 5527 5282 5700 5083 5319 4939 5216 4948 5481 5175 5727 5388 5206 5311 5340 5493 4943 5193 5271 5133 5319 5418 5341 5224 5204 5355 5382 5158 5722 5405 5458 4979 5314 5286 5030 5510 5047 5800 4877 5032 5158 5348 5551 5579 5603 5355 5182 5064 5596 5634 5664 5391 5606 4988 5511 5347 4892 5449 5321 5322 4932 5314 4762 5509 5261 5366 5449 4964 5794 5324 4873 5519 5276 5518 5779 4968 5310 5338 5104 5011 5169 5259 5183 5230 5608 4947 5674 5089 5414 5483 5407 5046 5109 5252 5325 5246 5076 5808 5282 5231 5386 5342 5082 4915 5458 5477 5002 5726 5329 5399 5413 5546 5229 5245 5673 5274 5140 5652 5650 5899 5501 5724 5128 5930 5109 5170 5236 5273 5226 5031 5121 5522 5412 5138 5270 4810 5070 5471 5788 
5109 4321 5015 4980 4529 5123 4476 5206 4844 5075 4742 4376 5111 4922 4873 5001 4714 4728 5311 4790 4621 4914 5117 4408 5074 5387 5066 4606 4842 5070 5011 4413 4818 4922 4625 4333 4532 5114 4945 4252 4875 4947 4831 4754 5147 4922 5026 5050 4567 4915 4376 5198 4642 4669 4617 5268 4805 4825 4755 5186 5039 5205 4726 5123 4686 5038 5063 4398 4741 4826 4662 4884 4915 4918 4827 4733 4706 5202 4502 5079 4781 5030 4788 4689 4799 4842 5082 4621 5040 4508 5244 4631 5174 5320 4739 5099 5182 4791 4759 5035 4415 4890 4469 4369 4690 5050 4903 4747 4968 4932 4545 5125 4673 5056 4836 4848 4306 4703 4624 5032 4832 5332 4546 5139 4842 4873 4999 4596 4893 4718 4609 4995 4973 4960 4906 4726 4436 5089 4543 5374 5109 4780 4452 4977 4840 4738 4937 4649 5405 4752 4850 4974 4810 5182 4918 4968 4911 4817 4331 5297 4876 5084 4962 5030 4897 4746 5025 4279 4995 5091 5132 4726 4767 4688 5006 4959 4731 5032 4503 5169 4778 4598 4983 5359 5068 5218 4611 4959 5073 5128 4409 4593 4889 4804 4768 5198 4653 4993 4491 4738 5071 4883 4700 4856 4581 4938 4949 4561 5531 4466 4948 4886 5034 4722 4807 4881 4879 4574 5132 4869 5047 4796 5181 4756 4938 5168 4821 5088 5113 4866 5023 5330 5152 4952 5200 4446 5083 4917 5059 4735 4398 4619 4955 5106 4735 4926 4697 4640 4759 5451 
5166 4338 5002 4962 4599 5304 4319 4906 4846 4771 4990 4579 4876 4588 4999 4765 4541 4810 4980 4773 4612 4896 4813 4368 5006 5097 4938 4410 4962 4871 4692 4279 5058 4969 4799 4394 4324 5043 4931 4414 5014 4893 4967 4811 4879 4948 4885 4854 4677 5015 4567 5100 4678 4886 4459 4832 4700 4660 4565 4888 5133 5145 4830 4952 4686 5076 5110 4619 4780 4699 4723 5112 5036 4875 4688 4700 4865 5031 4335 5010 4618 4805 4762 4987 4479 4701 4660 4445 4659 4580 5039 4785 5160 4946 4712 5083 4880 4885 4774 5090 4557 4789 4468 4651 4786 4812 4900 4737 4669 4854 4477 4910 4681 4986 4884 4836 4448 4707 4768 4760 4776 5027 4587 4744 4873 4604 5041 4417 4569 4885 4447 5023 4611 4757 4866 4791 4553 5155 4623 5138 4748 4768 4486 5021 4789 4569 4805 4502 5045 4668 4630 4980 4659 4913 4704 5013 4722 4822 4835 4881 5046 5079 4905 4782 4423 4915 4764 4207 4665 4888 4573 4308 4786 4800 4828 4876 4714 5192 4643 5251 4611 4574 5011 5028 5204 4898 4416 4819 5012 5002 4383 4560 5088 4458 4834 4761 4548 4838 4339 4782 4906 5103 4533 4683 4567 4820 4851 4661 5349 4472 4866 4924 5110 4486 4659 4822 4647 4455 5020 5105 4949 4763 5262 4823 4832 4980 4643 4874 5021 4767 5017 4939 5088 4597 5045 4372 4643 4770 4761 4791 4382 4545 4924 5005 4690 4628 4487 4558 4780 5309 
4947 4359 4951 4921 4677 4765 4492 4942 4740 4808 4757 4598 4823 4510 4888 4805 4624 4794 5342 4669 4662 4840 4668 4488 5297 4874 4917 4698 4885 4688 4809 4482 4970 5085 4711 4262 4598 4962 4959 4191 4784 4590 4973 4615 4780 5058 4883 5156 4568 5113 4517 4967 4736 4581 4336 5129 4694 4439 4532 5034 5198 4956 4933 4914 4801 4712 4846 4724 4740 4675 5060 5224 4884 4952 4626 4734 4815 5222 4453 5221 4845 4603 4836 4616 4585 4769 4777 4738 4793 4707 4951 4523 4981 5029 4631 5094 5018 4763 4535 5093 4698 5052 4608 4524 4819 4642 4905 4719 4796 5206 4502 4985 5056 4845 4826 4730 4407 4671 4568 5139 4824 5495 4643 4798 4450 4684 4720 4512 4571 4635 4396 4820 4916 5055 4870 4580 4835 5088 4638 4947 4788 5019 4734 4842 4971 4788 4955 4551 5405 4426 4516 4787 4822 4675 4968 5195 4854 4905 4513 5012 4822 5367 4778 5177 4841 4974 4905 4091 4860 5201 4763 4645 4898 4434 5082 5103 4867 5020 4537 5221 4771 4670 4795 4920 5014 5108 4436 4803 5091 4681 4350 4498 4918 4817 4537 4905 4701 4868 4588 4948 4976 4831 4778 4733 4598 4674 4964 4494 5375 4513 4989 4825 4665 4459 4851 4925 4811 4686 5055 5084 5027 4744 4931 4680 4646 5145 4654 4795 4987 5221 5123 5021 5118 4912 5522 4488 5002 4480 5095 4565 4526 4565 4822 5016 4826 5033 4940 4539 4731 5351 
5170 4374 5368 4951 4654 5149 4639 5177 5408 4916 5050 4724 5259 4941 5161 5080 4835 5028 5502 4748 4792 5060 5028 4594 5307 5233 5162 4856 4807 4873 5148 4691 4931 5141 4835 4623 4707 5257 5403 4306 5226 4894 5055 4975 5269 5222 5180 5100 4870 5057 4510 5186 5195 5198 4794 5452 4684 4806 4687 5149 5309 5001 5211 5155 4777 5012 5190 4557 5051 4924 5078 5295 5009 5002 5123 5105 4887 5480 4567 5328 4939 4997 4819 5079 4784 5089 4972 4959 5065 4770 5034 4967 5147 5317 5250 5075 5080 4893 5090 5320 5037 5215 4566 4866 4902 5038 5241 4834 4974 4999 4732 5569 5256 5387 4845 4785 4710 4982 4735 5421 4974 5411 4878 4912 4904 4821 5174 4622 4971 4909 4691 5177 4973 4899 4951 4814 4916 5351 4772 5408 5258 5047 4531 5025 4996 4921 5314 4688 5333 4855 4973 5047 4930 5137 5192 5014 5128 5224 4924 5519 5154 5511 5093 5036 5243 5186 5150 4497 5188 5113 5003 4798 4917 4792 5003 5200 4924 5326 4862 5298 4987 5011 5078 5037 5244 5187 4808 5152 5178 5059 4359 4696 5043 4884 4667 5056 4710 5033 4767 5141 4896 5273 4580 4679 4866 5181 5110 4741 5559 4587 5295 4970 5080 4533 5187 4948 4987 4428 5369 5068 5050 4984 5409 4890 5017 5382 4847 5265 5708 5008 5049 5311 5495 5007 5644 4823 5149 4960 5015 5156 4595 4759 5019 5260 5029 5078 4638 5110 4946 5523 
5325 4808 5685 5535 5100 5501 4625 5711 5357 5468 5504 5101 5469 5156 5493 5375 5111 5298 5462 5228 5137 5178 5357 4963 5825 5443 5429 5085 5204 5288 5334 5130 5291 5442 5346 4872 4823 5374 5307 4799 5263 4879 5320 5287 5188 5394 5372 5473 5310 5238 4881 5784 5583 5441 5170 5397 5096 4910 5284 5539 5480 5336 5283 5441 4969 5281 5553 4999 5322 5414 5413 5636 5654 5299 5239 5233 5299 5904 4939 5410 5277 5459 5199 5285 5079 5086 5225 5375 5486 5151 5532 5196 5599 5581 5255 5533 5281 5327 5211 5573 5215 5333 4971 5031 5163 5453 5514 4936 5226 5551 4875 5767 5350 5655 5100 5186 4966 5075 5173 5493 5158 5816 4818 5284 5130 5110 5359 4917 5373 5388 5010 5561 5212 5139 5213 5013 5110 5516 5018 5585 5259 5679 5056 5377 5142 5185 5485 5195 5755 5140 5147 5319 5518 5526 5579 5252 5268 5418 5034 5415 5407 5647 5427 5547 5244 5284 5196 4671 5396 5336 5361 4885 5138 5000 5360 5451 5165 5351 5064 5755 5294 5034 5394 5502 5406 5446 5046 5360 5661 5265 4677 5034 5333 5325 5146 5384 5068 5205 5058 5476 5445 5308 4944 5299 5283 5245 5279 5036 5816 5116 5359 5302 5188 5106 5219 5435 5325 4992 5817 5579 5346 5483 5643 5310 5351 5525 5269 5493 5414 5612 5576 5344 5453 5296 5802 5189 5477 4987 5365 5478 5112 5098 5713 5209 5269 5523 5175 5132 5334 5800 
5083 4388 5081 4789 4570 5247 4574 5197 4946 4952 5192 4765 5265 4753 5093 4996 4811 5308 5268 4765 4493 5168 4914 4376 5087 5344 5101 4874 4988 5080 5042 4758 5129 4624 4830 4564 4871 5235 5042 4581 5029 4788 5042 4683 4822 5115 5046 5165 4960 5074 4584 5216 5008 5031 4757 5103 4647 4838 4618 5228 5043 5048 4924 5175 4774 5306 5237 4694 5043 4968 5118 5101 5006 4968 4764 4880 4866 5340 4714 5292 4960 5337 4561 4911 4845 4808 5089 4746 4607 4904 5170 4903 5161 5147 4903 5240 4877 4873 4846 5132 4987 5065 4579 4729 4921 5088 5094 4900 5079 4898 4450 5374 5077 5226 4943 4756 4783 4943 4546 5082 4746 5308 4784 4686 4781 4826 5235 4329 4866 4822 4414 4842 4825 4932 5042 4513 4559 5087 4520 5321 5068 5187 4555 4883 4897 4868 5110 4887 5420 4740 4632 5178 4783 5007 5081 5029 4802 5001 4797 5219 5256 5138 4830 5247 4948 5011 5013 4576 5025 4756 5298 4866 4917 4750 5332 5144 5167 5101 4620 5552 4850 4655 4976 4987 5214 5376 4836 4657 5258 5022 4410 4787 5122 4787 4974 4938 4772 4625 4750 5058 5155 4805 4618 4846 4973 5088 4924 4488 5539 4630 5089 4845 4934 4516 4737 4807 5119 4694 5202 5118 4804 4965 5272 4827 4882 5188 4686 5056 5228 5044 5082 5182 5116 4989 5399 4644 4856 5044 5168 4986 4541 4691 5275 5297 4727 4928 4704 4803 4857 5327 
5221 4887 5340 5132 4848 5432 4961 5340 5288 5139 5277 4805 5175 4858 5106 5326 4800 5178 5312 5093 5201 4997 5221 4647 5425 5381 5349 5075 4941 5064 5213 4687 5342 5437 5208 4772 4772 5295 5144 4590 5153 5119 5289 4976 5033 4994 5177 5244 5152 5153 4932 5316 5389 5159 5173 5488 4759 4974 4958 5393 5195 5354 5063 5107 5106 5160 5389 4642 5339 5247 5210 5221 5232 5183 5217 4998 4997 5511 5096 5294 5127 5163 4818 5203 4985 4952 5162 4940 4919 4868 5464 5112 5453 5364 5236 5480 5223 4828 4918 5413 5007 5234 4909 4681 5234 5132 4965 5242 4992 5449 4991 5189 5173 5380 5012 5143 4976 5099 4847 5215 5132 5490 4839 5106 5127 4980 4838 4683 4989 5196 4782 5330 4919 5098 5365 4814 4980 5388 4642 5793 5276 5286 4683 5002 5098 4686 5237 4974 5702 5061 4965 5153 4983 5180 5269 5259 5051 4938 4802 5381 5344 5708 5100 5286 5024 5046 5171 4650 5221 5148 5072 4854 5151 4979 5443 5272 5059 5328 4976 5504 5042 4775 5271 5349 5369 5314 4830 5009 5283 5002 4378 4684 5195 5137 5113 5265 4667 5164 5000 5257 5106 5286 5133 5039 5176 5126 5032 4559 5493 4856 5152 4951 4979 4867 5024 5417 5230 4896 5323 5301 5005 5121 5299 5003 5193 5630 4777 5366 5297 5129 5442 5484 5550 5004 5756 4883 5478 5217 5032 4944 5004 4940 5178 5246 4977 5167 4939 4735 4910 5675 
5061 4338 5265 5129 4618 4991 4845 5195 5283 5334 4757 4743 5071 4915 5075 5200 4750 5088 5226 4678 4827 5170 5000 4423 5220 5121 4733 4652 5080 4750 5054 4725 5394 5143 4668 4685 4566 5477 5129 4275 5007 4717 5129 4753 5006 4923 5229 5527 4775 4902 4603 4900 4961 4924 4823 5366 4455 4954 4620 5241 5031 5124 5056 5392 4849 5095 5196 4707 4944 4775 4909 5038 4874 5027 4902 5017 5080 5280 4699 5099 5045 5312 4730 5342 4685 4894 5459 4951 4737 4954 5212 4669 5091 5225 4992 5026 5245 4914 4898 5189 4899 4949 4646 4552 4809 5099 4922 5167 4852 5026 4776 5263 5070 5278 4467 4767 4627 4784 4720 5398 4998 5412 4937 5007 4718 4938 4952 4793 4903 4923 4739 5066 5023 4906 5010 4581 4984 5499 4467 5161 5242 5101 4550 4902 4850 4828 5432 4761 5231 4757 4540 5275 4787 4855 4803 5267 5204 4961 4721 5172 5171 5322 4896 5349 5221 5099 5034 4502 4993 4912 5297 4617 4793 4658 5412 5351 4983 4891 4911 5487 5002 4827 5099 4876 5038 5441 4843 4969 5033 4778 4491 4902 5085 4915 4703 5101 4549 4869 4846 5006 5085 5249 4483 4446 4662 5135 4681 4899 5511 4818 4993 5092 4785 4783 4883 5016 5013 4745 5430 5121 5183 4756 5260 5037 4744 5290 4889 5064 5284 5097 4972 5329 5354 4875 5713 4528 5110 4978 5300 4799 4773 4816 5215 5206 5093 4952 4620 4749 4937 5385 
5364 4693 5518 5318 5026 5323 5016 5270 5507 5294 5358 5200 5303 5217 5615 5344 5129 5378 5577 5111 5159 5127 5239 4838 5690 5417 5275 5138 5207 4977 5243 4862 5540 5197 5220 4899 4909 5380 5317 4345 5525 4857 5388 5070 5298 5381 5215 5511 5176 5208 4610 5351 5225 5424 4886 5368 5011 5150 4854 5511 5259 5329 5371 5424 5161 5294 5213 5045 5322 5094 5279 5470 5379 5620 5179 5088 5265 5382 4979 5673 5100 5286 5096 5452 5160 5292 5393 5126 5163 5164 5261 5070 5548 5391 5308 5120 5204 5051 5140 5428 5337 5469 4909 4770 5150 5310 5506 5171 4956 5374 4831 5694 5320 5461 5018 5030 4897 5098 4680 5479 5272 5397 5173 5234 5017 5320 5041 5010 5062 5470 5135 5582 5269 5305 5178 4770 4882 5441 4980 5686 5476 5312 4941 5332 4909 4959 5356 5011 5455 4846 4969 5382 5102 5465 5251 5289 5258 5560 4988 5476 5453 5800 5407 5440 5080 5297 5649 4535 5259 5196 5208 4865 5361 4896 5541 5360 5180 5303 5158 5546 5260 5269 5397 5698 5380 5829 4857 5233 5275 5244 4739 4871 5283 5237 5329 5119 4957 5232 5019 5325 5329 5314 4849 5153 5144 5230 5156 5121 5662 5034 5271 5210 5561 4761 4995 5084 5415 4879 5682 5459 5428 5358 5637 5192 4983 5322 5039 5437 5821 5349 5480 5409 5725 5156 5824 5135 5455 5043 5294 5170 4967 5173 5384 5474 5447 5330 4814 5161 5117 5848 
5571 4817 5534 5468 4887 5167 5011 5421 5472 5322 5355 4803 5519 4979 5347 5413 5168 5061 5599 5086 4999 5309 5347 4704 5478 5505 5364 5294 5046 5562 5191 5036 5149 5533 5283 5007 4972 5475 5368 4871 5545 5137 5284 5179 5047 5332 5334 5381 5097 5297 4713 5482 5098 5315 5137 5304 4793 4984 4854 5574 5534 5390 5228 5343 5178 5270 5163 4891 5244 5164 5250 5272 5118 5266 5155 5140 5187 5506 4985 5603 5154 5218 5232 5226 4965 5090 5436 5467 5408 5092 5539 5198 5468 5442 5375 5508 5356 5091 5103 5561 5268 5264 5061 4902 5293 5356 5315 5395 5228 5516 4859 5361 5170 5517 5129 5191 4753 5217 4952 5395 5029 5901 4738 5108 5022 5135 4920 4770 4921 5117 4824 5489 5379 5223 5328 4984 4939 5474 4668 5241 5313 5406 5071 5312 5182 5395 5382 4830 5596 5140 4963 5152 5111 5257 5339 5754 5268 5135 4857 5535 5430 5715 5128 5332 5266 5359 5171 4642 5325 5095 5217 4721 5386 4936 5238 5750 5358 5284 4966 5608 5341 4871 5350 5437 5603 5481 5003 5329 5470 5157 4784 4934 5383 5198 4949 5350 5064 5234 4805 5301 5170 5414 4965 4902 5033 5186 5289 4975 5669 4868 5436 5260 5217 4938 4987 5271 5308 4855 5143 5328 5480 5132 5571 4994 5194 5581 5005 5351 5533 5239 5510 5520 5558 5196 5952 4817 5179 5390 5222 5342 4981 5278 5145 5378 5258 5377 4926 4988 4978 5895 
4882 4412 5234 4603 4812 4862 4517 4922 4914 4852 4959 4724 4831 4528 5016 4929 4733 4905 5001 4920 4746 4742 4875 4429 5000 5235 4882 4626 4894 4969 5043 4818 5069 4959 4488 4378 4631 5015 5039 4359 4854 4637 5041 4619 4510 4923 5077 5070 4849 4985 4549 4875 5067 4812 4660 5022 4696 4773 4504 5164 5076 4979 5136 5059 4641 4884 4962 4657 4848 4818 4966 5069 4995 5099 4716 4747 4754 5160 4565 5188 4887 4831 4691 4894 4799 4933 4726 4623 4704 4826 5411 4500 5411 4846 5101 4815 4576 4707 4804 5195 4990 4951 4609 4637 4812 4988 4862 4938 4669 5175 4658 4964 5353 5089 4750 4787 4656 4645 4584 5069 4770 5306 4727 4839 4735 4833 5198 4550 4971 4549 4728 4927 4759 5009 5039 4840 4834 5237 4607 5236 5028 5209 4650 4914 4651 4573 5250 4712 4885 4829 4442 4896 4757 4992 4871 5111 4791 4664 4561 5143 5414 5387 4970 5104 4729 4946 5084 4097 4956 4729 4677 4497 4679 4622 5124 4989 4952 4831 4432 5338 4792 4683 4991 4928 5096 5174 4826 4721 5013 4654 4440 4698 5016 5008 4586 4944 4593 4829 4866 4836 4904 5325 4612 4572 4884 4764 4752 4632 5359 4655 5003 4736 4644 4676 4833 4866 4965 4511 4998 5267 4742 4955 5193 4977 4963 5298 4676 4770 5220 5042 4959 5142 5299 4970 5306 4782 5060 4886 5042 4788 4759 4379 4790 5041 4634 4883 4981 4608 4675 5478 
5161 4675 5280 5209 4874 5335 4724 5099 5195 5128 5105 4855 5057 5065 5241 5044 4913 5077 5335 4941 5111 4877 5036 4665 5520 4870 4813 5163 5073 4979 5131 4548 5273 5144 4887 4431 4369 5478 4967 4511 5235 5046 4988 4802 5109 5137 5161 4948 4845 5041 4730 5337 5033 5114 4745 5372 5086 4989 4776 4780 5220 5062 5309 5264 4979 4879 5085 4662 5185 4844 5221 5195 5169 4958 5371 4875 5066 5404 4595 5347 5113 4959 4889 5147 4982 4922 4859 4916 4975 4976 4965 5027 5347 5123 5045 5116 4894 4666 4991 5154 4840 5261 4887 4877 5262 5071 4980 4955 4954 5209 4745 5395 4920 5221 4849 4741 4884 4811 4729 5366 5064 5408 4880 4911 5000 4879 5165 4506 4747 5291 4476 5267 5153 4999 4903 4940 4861 5304 4721 5444 5035 5079 4634 5124 5063 5223 5046 4690 5489 4793 4948 5171 5472 5109 5048 5345 4847 4812 4838 5112 5190 5641 5109 5032 5032 4971 5091 4527 5232 5063 5441 4728 4780 4862 5148 5191 5017 5372 4759 5641 4886 4729 5199 5191 5300 5093 4598 5184 5087 5076 4540 4753 5047 4937 4627 5155 4586 5159 4879 5047 5247 5411 4998 4991 4944 5192 5172 4716 5600 4835 4816 4845 5077 4780 4980 5031 5070 4917 5291 5165 5075 5202 5300 5114 5109 5395 4989 5520 5389 5196 5398 5260 5570 5424 5739 4732 5261 5060 4930 5017 4803 5010 5424 5255 4918 5008 4653 4835 5106 5487 
4980 4511 5414 5287 5087 4967 4781 5321 5425 5211 5065 5016 4955 4824 5287 5018 4927 5223 5379 5065 4918 5261 5215 4736 5422 5208 5028 4614 5120 5000 4875 4972 5170 5264 5002 4709 4841 5381 5427 4819 5373 4930 5117 4727 5035 4888 5220 5524 5094 5056 4750 5272 5033 5142 4889 5212 4835 4994 4704 5329 5258 5251 5136 5405 4713 5046 5209 4887 5109 5082 4848 5338 5241 5043 5056 4734 5217 5412 4844 5394 5275 5375 5109 5230 5031 4928 5150 4924 4868 5191 5401 4983 5187 5100 5006 5106 5167 4853 4893 5398 4885 5158 4585 4634 5136 5321 5218 5045 4904 5331 4915 5339 4980 5513 4818 5056 4926 4834 4669 5366 4962 5457 4880 5022 4832 5149 5151 4691 4959 5166 5004 5201 5081 5185 4960 4715 4782 5405 4877 5428 5130 5245 4646 4959 4802 4728 5274 5028 5513 4637 4984 5349 5112 5183 5262 5113 5064 4863 4867 5258 5208 5457 5341 5385 5055 5109 5245 4623 5039 5091 5191 4889 4720 4698 5391 5312 5002 5081 4670 5607 4966 4872 5152 5144 5263 5276 4803 5097 5208 5232 4681 4992 5201 4853 4754 5238 4537 5251 5057 5298 5095 5186 4929 4844 4819 5072 5016 4847 5477 4981 4970 5003 5104 4805 5074 5222 5247 4979 5619 5068 5212 5274 5210 5011 5165 5544 5055 5137 5578 5359 5202 5331 5374 5154 5604 4513 5101 4843 5191 5232 4750 4771 5185 5257 5001 5237 5018 4839 5036 5585 
4821 4329 5238 4864 4600 5017 4590 5055 5278 4971 5214 4622 5060 4650 5129 4861 4581 4660 4992 4543 4949 5059 5004 4391 5270 5015 4843 4756 4769 4916 4902 4516 4958 4982 4749 4578 4582 5134 4817 4327 5147 4784 5062 4630 4919 5033 5068 5265 4855 4882 4520 5107 4745 5178 4574 5086 4810 4727 4499 5193 5046 4971 5015 5350 4869 4963 5076 4471 4914 4830 4863 5035 5051 4898 4833 4821 4902 5343 4444 5289 4750 4811 4953 4948 4803 5059 4951 4795 4688 4657 5041 4757 5385 5140 4983 5164 5036 4736 4644 4890 4877 4799 4234 4567 4978 4987 4891 4809 4871 5204 4554 5207 4810 4994 4784 4856 4692 4824 4675 5097 4890 5136 4898 4966 4877 4901 5025 4468 4956 4759 4591 5233 4944 5128 4873 4936 4758 5166 4539 5034 5233 4901 4667 4874 4918 4844 5089 4474 5011 4835 4650 4942 4872 4893 5090 5095 4849 4757 4874 4991 5035 5100 4850 5101 4641 5003 4969 4577 4938 4777 4778 4591 4962 5041 5043 5050 4537 5009 4600 5333 4776 4493 5072 4863 5165 5283 4527 4987 4924 4940 4567 4564 4907 4777 4763 4941 4740 4978 4416 4999 5022 4956 4576 4659 5004 5148 4956 4736 5420 4632 4829 4884 4995 4557 4465 4928 4822 4515 5204 5212 5124 5079 5373 4902 4834 5243 5063 5152 5485 5151 5003 5150 5182 4858 5582 4593 4813 4871 5154 5060 4810 4741 5035 4932 4825 4902 4602 4539 4749 5317 
5276 4430 5006 4856 4653 4741 4579 4814 4949 4850 4811 4637 5022 4469 4972 5000 4792 4834 5136 4725 4721 4953 4891 4196 5081 5179 4930 4523 4751 4881 4838 4670 4776 4974 4813 4555 4731 4987 5104 4346 4918 4683 4735 4450 4689 4647 4985 5174 4762 4530 4545 5032 4829 4821 4595 4969 4392 4824 4637 5107 5026 5075 4993 4981 4796 4875 4953 4758 4839 4872 4807 4824 5138 4887 4722 4824 4701 4929 4513 5366 4709 4935 4640 4980 4664 4894 4913 4655 4720 4749 5333 4574 5200 4743 4650 5175 4573 4656 4751 5082 4792 4937 4497 4523 4734 4741 4867 4950 4667 5025 4482 5161 5000 5121 4665 4882 4635 4642 4590 5089 4694 5275 4893 4750 4500 4775 4682 4592 4934 4900 4591 4922 4766 4981 4968 4551 4624 4910 4474 5270 4999 4994 4557 4858 4866 4796 5188 4626 5045 4645 4588 4817 4620 4816 4850 5008 4834 4591 4552 4944 5174 5157 4975 5201 4849 4951 4847 4489 4943 4588 4687 4491 4623 4677 5006 5056 4874 5025 4648 5370 4701 4706 4960 4796 5145 5010 4748 4735 5021 4707 4310 4532 4901 5056 4566 4906 4635 4886 4728 4901 4911 5209 4898 4665 4610 4858 4734 4627 5387 4494 5001 4711 4750 4485 4737 4835 4817 4386 5126 4787 4977 5143 4861 4900 4835 5189 4660 5056 5108 5100 5057 4922 5280 4978 5464 4628 4802 4906 4942 4624 4520 4652 4902 4838 4813 4990 4660 4499 4661 5493 
5225 4327 5356 4934 5025 5245 4509 5092 5111 5032 5035 4846 5076 4955 5143 5004 4857 5148 5232 5066 4952 5120 4964 4533 5370 5100 5170 4633 4866 5213 5035 4336 5008 4950 4922 4492 4818 5381 5099 4600 5170 4992 5144 4885 4873 4896 5305 5146 4980 4728 4612 5107 5066 5094 4808 5186 4676 5072 4671 5198 5211 5129 5155 5230 5007 5050 4895 4762 5043 5017 5045 5288 5318 5135 4991 4823 4959 5391 4715 5372 4948 4935 4813 5008 4886 5069 5223 4729 5053 4800 5318 5288 5421 5080 4902 5290 5072 5023 4897 5317 4824 5218 4758 4411 4921 5146 5028 4891 4924 5310 4803 5371 5008 5304 5033 4830 4707 4693 4695 5262 4859 5317 4793 4965 5105 4978 5230 4679 5055 5000 4965 5187 5206 4983 5088 4742 4696 5318 4927 5464 5002 5255 4780 5061 4916 4927 4822 4706 5107 4639 4810 4914 4854 5376 5233 5157 4921 5032 4881 5234 5374 5420 4916 5118 4933 5317 5175 4535 5328 5146 5183 4683 5028 4770 5141 5043 4880 5234 4815 5638 4834 4808 5406 5174 5349 5350 4623 4795 5305 4801 4702 4803 4915 4991 4698 5138 4801 5014 4805 5191 5096 5414 4816 4831 4898 4947 5063 4769 5569 5154 5001 5119 5034 4600 4904 4828 5191 4788 5364 5187 4799 5185 5323 4762 5058 5451 5104 5166 5294 5215 5249 5199 5456 5350 5418 4731 5060 5026 4966 4947 4669 4692 5060 5186 4857 5120 4904 4916 5030 5770 
5191 5020 5576 5320 5176 5398 4796 5341 5291 5264 5275 5112 5418 4994 5461 5201 5093 5442 5516 5228 5158 5460 5223 4739 5577 5497 5181 5071 5122 5228 5321 4898 5659 5445 5107 4757 4897 5634 5214 4522 5090 5240 5460 4961 5064 5059 5335 5406 5144 5142 4724 5343 5337 5425 4912 5403 5091 4996 4916 5432 5283 5377 5477 5477 5315 5380 5331 5016 5241 5086 5344 5354 5564 5398 5495 5189 5064 5563 4752 5457 5152 5513 4922 5316 5177 5179 5297 4852 4987 5351 5310 5130 5577 5482 5330 5558 5225 4838 5278 5453 4998 5326 4898 5037 5331 5259 5158 5234 5002 5559 4704 5588 5265 5472 5046 5140 5195 5217 4886 5556 5145 5461 5008 4912 5038 5189 5301 4932 5144 4951 4892 5352 5313 5234 5215 5052 5045 5386 4873 5666 5307 5366 4831 5085 5114 5334 5432 4930 5493 5025 5135 5264 4907 5232 5518 5472 5186 5164 5055 5760 5526 5620 5380 5605 5372 5183 5145 4612 5395 5305 5281 4965 4897 5022 5506 5419 5267 5549 5060 5796 5289 5104 5235 5440 5394 5347 4900 5041 5264 5274 4604 5340 5238 5183 4923 5358 4882 5079 5322 5339 5229 5345 4952 5198 5217 5147 5145 5151 5537 4845 5317 5085 5174 4786 5295 5220 5306 5164 5430 5404 5136 5276 5276 4935 5281 5559 5066 5110 5513 5481 5435 5599 5672 5625 5592 4673 5056 5164 5400 5349 4732 5019 5512 5155 5227 5433 5099 5117 5275 5632 
4994 4227 5068 5131 4964 5162 4481 4949 4991 4815 4979 4627 5228 4728 5074 5141 4942 5120 5285 4740 4574 4671 5186 4703 5153 5198 4934 4702 5082 4904 5165 4300 5103 4806 4852 4490 4518 5042 4934 4610 4798 4741 5060 4941 4990 4729 4977 5081 4850 4771 4497 5089 4903 4862 4701 5274 4656 4911 4712 5108 5385 5067 4975 5082 5089 4746 5066 4648 5005 4782 5086 5249 5072 4811 4772 4837 4743 5110 4464 5054 4563 5016 4784 4978 4773 4775 4928 4545 4825 4857 5026 4804 5175 5106 5237 5092 4964 4565 4952 5147 4675 5119 4825 4524 4647 4768 4963 4583 4670 5244 4612 5295 4922 4947 4825 4834 4794 4559 4631 5130 4755 5177 4670 4765 4765 4658 5063 4411 4889 4894 4557 5174 5031 4827 5033 4556 4769 5175 5034 5104 5058 5008 4528 4862 4870 4633 4877 4437 4965 4623 4655 4986 4780 4860 5240 5184 4802 5013 4836 5134 4824 5311 4905 5186 4729 4925 5078 4314 5237 5055 4954 4574 5060 4501 4963 5049 4965 4908 4756 5403 4981 4547 5077 4847 5157 5106 4390 5035 5067 5082 4364 4532 4905 4638 4906 4864 4822 5072 4753 4890 5017 4954 4429 4690 4796 4896 4996 4862 5399 4685 4974 4997 4993 4482 4936 5092 5045 4837 5424 5074 5047 4817 4951 4864 4979 5301 4713 4998 4923 5249 4854 5227 5066 4847 5461 4688 4931 4674 5060 4712 4738 4654 4818 5007 4969 5193 4725 4473 4947 5213 
4683 4413 5162 5077 4787 4697 4407 5056 4810 4997 4818 5049 5114 4625 5160 4631 4652 4741 5137 4643 4498 4778 4867 4410 5294 5191 4765 4707 4749 4639 4792 4758 5022 5098 4908 4483 4667 5165 4760 4467 4967 4671 5018 4824 4758 4686 4950 5130 4962 4810 4449 4966 4827 4758 4529 5051 4565 4728 4695 4969 4862 4885 5013 5008 4866 4962 5127 4808 5016 4712 5015 5013 4874 4939 4790 4535 4856 5209 4403 5209 4695 5111 4751 4939 4622 4857 4845 4820 4798 4828 4887 4613 4996 4932 4715 4863 5008 4517 4934 4975 4693 5046 4455 4900 4956 5032 4781 4779 4505 5041 4635 5244 4746 5115 4723 4978 4443 4762 4659 5258 4775 5037 4971 4821 4531 5037 4657 4609 4914 4955 4363 5007 4802 4959 5002 4343 4822 4885 4741 5156 5173 5173 4506 4837 4639 4697 4905 4751 5259 4687 4619 4921 5005 5095 4961 5201 4668 4781 4774 5103 5057 5175 4967 5051 4769 4755 5127 4376 4707 5168 4824 4885 4721 4420 5033 5122 5153 4901 4668 5128 4956 4647 4933 4845 5068 5166 4514 4940 4819 4676 4479 4585 4814 4708 4656 4858 4681 4608 4654 4970 5176 5011 4696 4591 4722 5001 4572 4606 5144 4597 5159 4836 4855 4671 4735 4875 4683 4660 5284 5050 4971 4891 5120 4960 4639 5168 4803 5189 5159 5178 5021 5170 5086 4865 5339 4472 5197 4860 5180 4584 4737 4642 5142 4837 4805 5127 4864 4695 4869 5061 
5121 4340 5160 5050 4798 5141 4885 5074 5101 4983 5298 4991 5148 4934 5599 5045 4688 5202 5578 4772 4970 4996 5077 4588 5459 5416 5110 4969 5048 4995 5161 4928 5215 5014 4847 4753 4911 5215 5211 4512 5004 4971 5244 4948 4925 5341 5189 5231 4651 5103 4479 5239 5038 5019 4766 5409 4751 4918 4881 5265 5495 5159 5160 5367 5055 4972 5221 4732 5136 5100 5045 5307 5103 5090 4946 4994 4863 5349 4825 5422 4975 5151 4819 5128 4873 4727 5074 4902 4817 4988 5202 4832 5435 5266 4980 5341 5125 4850 4747 5290 4603 5224 4663 4754 5134 4983 5150 4912 4929 5071 4789 5426 5062 5147 5193 4712 4893 4800 4877 5343 5152 5280 5072 5164 4939 4993 4944 4904 5092 4881 4902 5276 5184 5180 5152 4872 5114 5093 4690 5363 5251 5300 4750 5146 5072 5070 5225 4765 5402 4808 4651 5218 4909 5217 5187 5113 4899 4955 4988 5408 5305 5704 5152 5467 4965 5143 5272 4496 4962 4954 5013 4917 5020 4730 5473 5184 5249 5167 4836 5349 5164 4720 5122 5128 5082 5397 4516 5095 5190 5013 4666 4966 5253 5038 4761 5237 4778 5099 4975 5296 5346 5318 4958 5008 5126 4904 4749 4956 5723 4833 5210 5191 5039 4720 4978 5039 5328 4798 5386 5282 5148 5074 5330 4983 4793 5439 4971 5274 5523 5171 5268 5514 5385 5124 5545 4855 5062 4996 5287 5149 4751 4858 5319 5347 5051 5034 4859 4773 5020 5628 
5316 4712 5164 5355 5058 5335 4987 5562 5314 5199 5121 5101 5410 5073 5547 5315 5074 5565 5682 5124 5011 5054 5320 4720 5514 5574 5223 5201 5125 5450 5420 4835 5102 5423 5025 4657 5056 5418 5208 4953 5133 4954 5356 5000 5327 5255 5379 5565 5220 5266 4871 5255 5226 5354 5173 5632 5108 5306 5188 5507 5473 5457 5201 5633 5393 5280 5248 4784 5129 5093 5206 5228 5608 5401 5254 5273 5186 5518 4866 5639 5032 5507 5332 5136 4958 5142 5470 5168 5311 5322 5647 5215 5709 5476 5004 5409 5264 5319 5232 5418 4800 5506 5038 4811 5145 5460 5445 5242 5048 5345 5063 5358 5207 5386 5245 5267 4919 4934 5105 5476 5104 5643 4919 5223 4965 5031 5179 5081 5176 5487 5022 5338 5310 5309 5387 5053 5085 5448 5049 5579 5228 5575 4897 5216 5153 5208 5300 4934 5688 5030 5025 5308 5278 5246 5458 5295 5099 5077 5128 5766 5438 5628 5259 5329 5537 5181 5548 4595 4974 5369 5363 4888 5225 4847 5604 5653 5080 5231 5177 5600 5166 5079 5364 5588 5358 5549 4903 5163 5470 5376 4664 4841 5396 5237 5112 5483 5041 5290 4722 5344 5283 5539 5163 5034 5147 5487 5272 5093 5748 4998 5588 5298 5358 4846 5342 5245 5293 4898 5691 5512 5354 5285 5576 5194 5364 5507 5307 5548 5561 5331 5522 5486 5824 5335 5938 5098 5277 5223 5223 5194 5106 5148 5262 5518 4969 5282 4945 4989 5171 5791 
4922 4421 5341 5154 4704 4963 4475 5029 4881 4847 5026 4906 4982 5006 5131 4875 4673 5038 5169 4940 4721 4914 5089 4480 5068 5157 4975 4559 4946 4892 5036 4637 5154 4734 4964 4578 4526 5352 5084 4376 4687 4874 4898 4761 4724 4960 4957 4955 4625 4891 4493 5004 5108 4977 4755 5205 4705 4658 4667 5254 5259 5142 5171 4925 4976 5076 5070 4582 4852 4874 4885 5081 4902 5115 4987 4634 4885 5288 4711 5259 4731 4770 4942 4967 4704 4735 4935 4354 4791 5006 4903 4721 5109 4901 5001 4948 4996 4829 4907 5141 4867 4754 4737 4630 4868 4994 5093 4714 4696 5116 4586 5108 4971 4990 4757 4845 4670 4776 4731 5298 4914 5284 4793 4686 4888 4860 5061 4487 4698 4916 4527 5035 4978 4815 5000 4706 4709 5068 4771 5190 4712 5035 4661 4807 4879 4723 4709 4617 5253 4662 4701 5199 4934 4991 5001 5024 4681 4907 4534 5152 4990 5191 4838 5072 4803 5100 4869 4378 4826 4907 4981 4556 4843 4541 4927 4802 4763 4802 4686 5362 4604 4668 5057 4840 5064 5339 4550 4846 4971 5150 4632 4768 5109 4731 4664 5033 4524 5083 4822 5063 4976 5204 4796 4661 4751 4992 5101 4625 5399 4835 4657 4760 4787 4591 4645 4920 4851 4664 5319 5366 4909 4935 5040 4717 4739 5142 4742 4972 5402 4864 5174 5113 5399 4704 5288 4629 4693 4783 5109 4936 4500 4564 5010 4937 4749 5051 4827 4681 5075 5260 
4862 4593 5177 5274 4696 5086 4629 5135 5403 5163 5112 4989 5215 4931 5315 5169 4828 5202 5237 4980 4830 4889 5316 4539 5447 5475 4914 5004 4939 5183 4990 4547 5039 5091 5005 4772 4745 5153 5125 4742 5064 5030 5125 4710 5079 5102 5018 5491 5041 5134 4784 5129 5095 5205 4782 5135 4896 4937 5135 5512 5126 5118 5104 5271 5019 5236 5147 4916 5147 4802 5162 5237 5135 5031 5120 4810 5048 5338 4755 5525 4856 5230 4731 5242 4986 5146 4909 4983 4915 5053 5000 4711 5474 5154 4973 5314 5173 4722 4984 5025 4860 5250 4763 4634 4971 5268 5031 4957 4827 5318 4563 5469 5018 5130 4998 5216 4717 4944 4846 5206 4727 5458 4976 4738 5183 4931 5017 4696 4835 5070 4649 5139 4999 5108 5050 4737 4871 5217 5090 5305 5479 5243 4416 5368 5082 4990 5145 4644 5445 4750 4602 5058 5047 5092 4883 5136 5147 5012 4899 5591 5359 5487 5113 5230 4919 5087 5030 4463 4761 5074 5135 4853 4856 4920 5200 5054 5009 5342 4824 5318 5336 4811 5223 5175 5231 5389 4590 5205 4813 4972 4556 4920 4973 4780 4871 5026 4811 4891 4864 5042 5232 5092 4607 4943 4986 4929 5063 4640 5496 5070 5094 4846 4970 4768 4644 5223 4927 4685 5436 5515 5167 5258 5302 4977 4884 5369 4838 5161 5581 5211 5213 5338 5428 5079 5571 4709 5046 5178 5226 5011 4862 4877 4994 5399 4806 5356 4709 4610 5102 5638 
5096 4254 5209 4841 4947 5009 4648 4801 4924 4726 4957 4662 5117 4709 5074 4903 4768 4753 5044 4533 4967 4784 4971 4648 5144 4948 4859 4388 4706 4901 5173 4789 4754 5130 4796 4348 4565 4979 5044 4412 4953 4559 5040 4681 4483 4674 4992 4816 4991 4718 4370 4810 4740 5052 4606 4976 4565 4748 4312 5072 4831 5084 5157 5203 4710 4812 4943 4810 4756 4864 4789 5074 5087 5016 4874 4443 4675 5202 4581 5169 4712 4833 4747 4929 4927 4647 4958 4658 4818 4854 5146 4866 5057 4998 4868 4707 4840 4840 4720 4904 4956 4972 4451 4656 4727 5109 4828 4736 4641 5185 4709 5049 4903 5064 4834 4710 4544 4810 4582 4996 4591 5124 4777 4777 4719 4652 5016 4466 4735 4674 4275 5169 4642 4651 4819 4602 4713 4818 4584 5368 4917 4929 4588 4842 4587 4922 4726 4566 5245 4507 4679 4789 4815 4753 4991 5203 4722 4918 4666 4994 5305 5138 4881 5225 4749 4699 5296 4427 4922 4943 4757 4704 4668 4509 5016 4923 4934 4883 4498 5334 4964 4806 5051 4701 5045 5066 4593 5010 4963 4528 4512 4727 5000 4684 4647 4867 4673 4914 4686 4695 5023 4960 4848 4594 4774 4923 4698 4661 5367 4736 5057 4977 4851 4545 4846 5111 4912 4512 5195 4958 4997 5020 5066 4956 4832 4950 4896 4792 5129 5085 5327 5155 4814 4878 5736 4486 4973 4841 4881 4889 4570 4577 4925 4852 4811 4993 4930 4904 4871 5297 
5249 4554 5442 5458 4983 5324 4973 5336 5317 5198 5402 5051 5358 5167 5547 5179 5083 5183 5508 4965 4921 5230 5123 4847 5471 5337 5209 4996 5003 5178 5183 4694 5296 5420 5105 4771 4938 5398 5145 4782 5324 5191 5574 5176 5164 5021 5272 5462 5000 5164 5007 5514 5162 5293 4973 5400 4916 5135 5042 5372 5282 5413 5365 5195 5155 5084 5344 5007 5414 4927 5253 5228 5301 5450 5256 4856 4978 5494 4754 5698 5076 5265 5095 4977 5024 4929 4996 4744 5036 5073 5466 5067 5189 5266 5268 5545 5390 4809 4811 5288 4971 5342 4931 5016 5316 5114 5121 4828 4816 5200 4825 5432 5179 5449 5268 5164 5066 5080 4777 5604 5126 5320 5335 5133 4909 4995 5263 4844 4952 5365 4704 5533 5227 5223 5106 4903 4915 5377 4779 5469 5431 5171 4838 5205 5389 4843 5531 4952 5645 4999 5028 5285 5072 5391 5331 5440 5017 5237 5283 5352 5146 5450 5165 5414 5089 5485 5354 4623 5079 5072 5305 4896 5085 5120 5409 5353 5025 5070 4964 5602 4914 5171 5299 5060 5528 5328 4795 5226 5447 5094 4652 4854 5358 5233 5045 5161 4926 5249 4916 5312 5476 5387 5143 5038 5076 5083 5352 5013 5797 4868 5230 5211 5240 4694 5032 5321 5225 4821 5729 5385 5476 5383 5352 5031 5030 5415 5117 5333 5666 5342 5575 5469 5250 5354 5659 4698 5186 5079 5169 5191 4790 4860 5282 5479 5240 5137 5039 4774 5096 5690 
5201 4549 5474 5197 4893 5215 4777 5216 5086 5142 5052 4901 5280 4968 5292 5297 4774 5270 5541 5017 4958 5214 4960 4490 5359 5235 5190 4866 5173 5145 5396 4723 5134 5593 4835 4697 5094 5026 5381 4394 5210 4873 5349 4718 5052 5140 5359 5663 5033 5029 4489 5116 5006 5174 4856 5099 4718 4885 4808 5228 5223 5159 5187 5337 5119 5272 5474 4860 5250 5085 5353 5274 5208 5159 4802 5048 4843 5414 4916 5522 5048 5126 4840 5207 5099 5156 5102 4939 4880 5223 5327 4974 5524 5048 4946 5019 5175 4973 5015 5350 4843 5095 4651 4767 5115 4999 5114 4940 5081 5188 4707 5493 5118 5456 4948 4993 4753 4960 4712 5427 4732 5291 5063 4782 5078 4943 5210 4753 5204 5233 4744 5440 5085 5040 5351 4871 4960 5471 4933 5479 5179 5168 4753 5143 5033 5060 5202 4975 5186 4931 4833 5431 5030 5086 5281 5217 4903 4837 5058 5373 5488 5380 5440 5261 5074 5359 5088 4652 5220 5198 5116 4778 5117 4917 5178 5308 5199 5232 5079 5430 5066 4784 5176 5095 5274 5395 4916 5164 5228 5219 4700 4797 4914 5118 5034 5147 4770 5177 4708 5080 5216 5148 5044 4856 5023 5251 4782 4740 5601 4912 5158 4970 5243 4711 4875 4868 5144 4651 5507 5420 5275 5132 5342 4961 4999 5424 5173 5120 5474 5093 5291 5248 5516 5148 5793 4940 5012 4868 5446 5298 4890 4864 5272 5288 5148 5159 4931 4980 5080 5616 
5007 4510 5151 5174 4585 5062 4733 5010 4923 4869 5080 4764 4989 4849 4953 5050 4782 5150 5144 4833 4658 4742 5009 4128 5161 5231 5002 4812 4962 4855 4651 4602 4947 4867 4838 4537 4793 5013 4973 4351 5128 4600 4981 4627 5137 5043 5043 5185 4883 5009 4587 4917 4915 5022 4578 5235 4582 4876 4630 5006 5080 5067 4843 5214 4818 5167 4901 4659 4913 4760 4910 4981 5042 4889 4712 4571 4702 5344 4659 5141 4874 5007 4796 4862 4551 4596 5088 4714 4806 4987 5064 4906 5031 4947 4696 5106 4980 4712 4761 5147 4878 5050 4736 4563 4908 5048 4773 4837 4609 5010 4684 5169 4466 4994 4790 4801 4637 4589 4506 5166 4727 5031 4754 4845 4637 4676 5053 4668 4898 4857 4624 5082 4737 4913 4999 4483 4688 5093 4740 5308 4900 5219 4603 4831 4789 4943 4739 4690 5154 4585 4520 4994 4735 5128 5088 5106 4658 4667 4824 5211 5087 5235 4710 4718 4923 5082 4969 4400 4911 4963 4975 4409 4735 4323 5205 5022 4961 4721 4853 5331 4820 4713 5091 4995 5192 5240 4539 4891 4953 4728 4290 4457 4735 4652 4906 4996 4431 4912 4701 5173 5087 5221 4807 4685 4557 4855 4792 4534 5267 4652 4896 5024 4968 4570 5023 5006 4970 4585 5181 4979 4820 4848 5032 4854 4781 5254 4856 5092 5120 5096 4883 4997 5235 4992 5589 4897 4887 4655 4889 4712 4540 4838 4897 5059 4904 4844 4692 4680 4870 5615 
5074 4405 5111 5143 4962 5305 4890 5286 5065 4994 5016 4754 5166 4775 5203 4701 4984 4979 5311 5014 4806 5143 5095 4337 5348 5149 4887 4829 5086 4964 4978 4491 5039 5161 4808 4611 4632 5327 4914 4436 5402 4768 5043 4989 4808 5096 5023 5257 4944 5012 4641 5173 4775 5361 4686 5291 4692 4786 4569 5264 5201 5152 5069 5314 4964 5068 5205 4849 4906 4718 5105 4930 5191 5285 4763 4782 4707 5240 4803 5355 5059 5126 4791 4909 4872 4828 5043 4632 4803 4952 5194 4903 5217 4879 5032 4872 4701 4854 4720 5370 4751 5123 4702 4530 4834 5111 5038 4467 4842 5329 4829 5358 5012 5157 5003 4900 4500 4515 4630 5490 4924 5050 4736 4891 4970 4831 5126 4410 4682 5033 4880 5210 5178 5130 4927 4677 4759 5107 4673 5213 5203 5156 4807 4809 4890 4826 4988 4539 5250 4897 4860 5326 4876 5205 5114 5077 5080 4766 4829 4871 5137 5091 4952 5058 5060 5307 5237 4483 4916 4927 5087 4693 4826 4736 5274 5086 5326 5016 4908 5282 4862 4727 5209 4890 5269 5076 4696 4636 5171 5085 4925 4683 4881 4771 4619 5150 4562 5064 4561 4874 5096 5243 4777 4775 5011 5169 4776 4590 5242 4797 4939 4971 4910 4748 4939 4944 4990 4750 5304 5175 5249 5005 5301 4805 5278 5247 4736 4980 5474 5350 5250 5264 5179 4885 5770 4821 5178 4727 5034 5037 4492 4654 4937 5107 5065 4900 4853 5060 5063 5440 
5410 4919 5537 5243 4813 5381 4852 5472 5258 5302 5311 5067 5254 4981 5609 5392 5006 5367 5731 5260 5136 5187 5160 4737 5790 5555 5240 5244 5038 5118 5356 4910 5254 5381 5304 4861 5005 5461 5343 4449 5242 4913 5304 5106 5184 5611 5472 5508 5042 5393 4556 5286 5199 5313 5225 5529 4815 5024 5286 5367 5451 5494 5406 5558 5374 5481 5430 4928 5383 5363 5352 5513 5453 5243 5184 5042 5339 5646 5006 5578 5044 5280 4942 5285 5031 5409 5300 5069 5034 5120 5296 5232 5704 5675 5271 5488 5296 5010 5069 5458 5290 5424 5019 4841 5098 5319 5241 4998 5110 5645 5070 5559 5267 5491 5345 5348 5032 4896 4982 5677 5045 5708 5036 4919 5104 5166 5369 4976 5198 5237 4877 5318 5393 5369 5473 4989 5353 5735 4916 5519 5248 5559 4953 5476 5117 5086 5453 4955 5629 5242 4926 5225 5162 5271 5392 5221 5199 5089 4991 5644 5519 5759 5151 5244 5155 5329 5237 4767 5438 5098 5602 5166 5142 4944 5451 5373 5019 5316 4976 5700 5215 5095 5394 5341 5563 5820 5023 5272 5588 5136 4695 4743 5510 5190 5247 5400 5027 5134 5103 5544 5231 5433 4914 4753 5224 5237 5231 4920 5795 5034 5291 5137 5249 5028 5088 5317 5334 4955 5741 5515 5392 5306 5609 4907 5076 5587 5135 5383 5639 5406 5498 5365 5841 5369 6021 5151 5348 4973 5319 5378 4884 4895 5365 5412 5080 4991 4932 4906 5104 5743 
5271 4523 5265 5053 4902 5306 4832 5198 5221 5279 5061 5175 5174 4889 5390 4806 4755 5174 5380 4984 5087 5055 4958 4400 5483 5161 5115 5068 5073 5047 5350 4675 5219 5268 5048 4595 4807 5318 5371 4322 5094 4896 5293 4834 5233 5199 5334 5257 5025 4960 4557 5104 5168 5153 4982 5277 4745 4767 4819 5185 5216 5258 5189 5295 4989 5152 5319 4817 4817 5285 5380 5459 5305 5021 5208 4686 5032 5624 4748 5369 5100 5213 5014 5271 5131 4938 5115 4702 4990 5079 5235 4963 5361 5317 5294 5258 5465 5038 5027 5387 4830 5174 4570 4798 5171 5119 5171 4928 4792 5538 4833 5443 5146 5403 4983 4779 4894 4897 4912 5097 5216 5417 4944 5114 5050 5063 5086 4808 4815 4972 4962 5275 5114 4886 5439 4796 5016 5333 4929 5381 4972 5434 4882 4992 4917 4905 5157 5190 5522 4813 4617 5185 4865 5237 5246 5403 5195 4979 4723 5540 5530 5592 5204 5224 5004 5350 5154 4430 5077 5176 5270 4636 5022 4738 5283 5122 5307 5235 4882 5538 5001 4745 5232 5167 5109 5432 4853 4999 5369 5011 4696 4970 5234 5019 4771 5141 4916 5247 4857 5415 5193 5328 4805 4854 4919 5221 5066 4717 5585 4777 5171 5043 5061 4866 4966 5206 5088 4813 5467 5461 5277 5260 5222 4995 4901 5420 4773 5249 5268 5305 5247 5289 5413 5245 5622 4830 5154 5067 5316 4925 4849 5038 5506 5220 5080 5152 4891 5128 5150 5427 
5248 4634 5175 5162 5039 5337 4903 5171 5396 4890 5428 4772 5260 4868 5125 5139 4958 5527 5235 4924 4906 5225 5073 4691 5272 5395 4957 4927 4786 5123 5304 4933 5383 5090 4891 4756 4884 5202 5043 4610 4990 4987 5167 4928 4937 5140 5169 5503 5065 5424 4953 5341 5199 5143 4970 5371 4811 4969 4776 5361 5173 5190 5163 5115 5011 5040 5075 4851 5175 4983 4957 5099 5346 5087 5168 5013 4821 5413 4875 5462 4867 4923 5024 5222 4811 4906 5184 4910 5033 4984 5378 5162 5417 5573 5443 5648 5235 4665 4751 5555 4928 5056 4815 4994 5018 5284 4984 4967 5242 5387 4897 5345 5268 5082 5117 5020 5000 5117 4874 5333 5009 5474 4954 5109 5088 4978 5267 4635 5035 4951 4765 5218 5296 5087 5223 5111 5058 5248 4734 5728 4975 5520 4860 5067 5098 4914 5357 4682 5520 5042 5048 5250 4840 4967 5277 5018 4923 5052 5085 5321 5290 5473 5210 5393 4980 5126 5287 4690 5053 4850 5038 4905 5284 4979 5478 5201 5298 5316 4993 5567 5181 5087 5473 5468 5170 5502 4706 5223 5292 5024 4498 4704 5199 5247 5071 5111 5060 5070 4858 5365 5383 5130 4911 4975 5036 5245 4971 4763 5618 4721 5034 4865 5002 4853 5056 5254 5169 4877 5357 5332 5091 5342 5502 5116 4901 5528 4735 5380 5257 5187 5385 5580 5501 4920 5877 4820 5321 5067 5208 5180 4912 4837 5176 5226 4896 5082 4740 4983 5192 5459 
5447 4742 5672 5486 5125 5399 5086 5537 5500 5190 5166 5254 5315 5159 5499 5557 5172 5306 5474 5300 5182 5163 5355 4945 5706 5701 5412 5093 5231 5495 5201 5125 5410 5684 5083 5104 5100 5358 5448 4429 5270 5291 5436 5131 5236 5425 5318 5624 5235 5440 4872 5466 5278 5409 5019 5570 5121 5153 5239 5652 5577 5508 5458 5630 5133 5440 5475 5123 5412 5237 5331 5491 5407 5532 5177 5421 5416 5740 4970 5682 5249 5559 5182 5296 4991 5449 5419 5212 5283 5232 5665 5016 5669 5548 5136 5449 5529 5285 5297 5538 5250 5330 5069 4886 5293 5482 5565 5385 5111 5673 4942 5575 5200 5532 5294 5202 4906 5109 5114 5611 5177 5731 5173 5239 5089 5341 5368 4894 5030 5261 5119 5474 5182 5505 5525 4948 5291 5512 5247 5775 5475 5451 5197 5379 5343 5270 5370 5221 5471 5020 4895 5350 5231 5658 5383 5637 5298 5536 5139 5979 5803 5832 5432 5378 5317 5282 5773 4732 5261 5284 5590 5146 5546 5203 5487 5654 5295 5109 5109 5766 5221 5086 5429 5743 5670 5956 5230 5577 5705 5124 4967 5178 5473 5316 5260 5556 5141 5221 5028 5371 5701 5572 5206 4986 5419 5364 5219 5001 5973 4852 5474 5307 5321 5278 5085 5375 5671 4920 5915 5545 5545 5378 5953 5170 5175 5480 5368 5287 5959 5633 5669 5654 5656 5474 6037 4925 5594 5122 5394 5263 5236 4998 5115 5661 5208 5389 5097 5209 5439 6077 
5255 4667 5189 5163 4789 5308 4823 5013 5415 4947 4881 4927 5314 4832 5150 4891 4793 5035 5249 4718 4774 4960 5071 4547 5294 5350 5064 4998 5045 4945 5149 4331 5176 4830 5091 4625 4802 5229 5132 4473 5058 4985 5133 5002 4958 5184 5149 5311 4890 5140 4598 5211 5003 5183 4724 5138 4800 4832 4825 5248 5363 5220 5003 5359 5080 4927 5187 4272 5088 5013 5141 5272 5198 4898 5010 5000 5026 5215 4684 5567 5159 5366 4936 5174 5019 5024 4970 4950 5097 5101 5133 4943 5399 5218 5038 5337 5263 4938 4899 5124 4722 5360 4724 4476 5110 5148 4973 5030 5062 5178 4582 5459 5066 5166 5029 4928 4734 4758 4946 5374 5014 5425 4972 5014 4998 4870 4939 4627 4921 5064 4711 5241 5107 5186 5102 4771 4811 5377 4769 5730 5032 5133 4803 5057 5064 4838 5084 4664 5565 4832 4789 4993 4689 5087 5378 5293 4816 5060 5027 5148 5162 5358 5031 5111 5051 5018 5147 4435 4992 5232 5135 4582 5219 4884 5373 5232 4996 5527 4696 5442 4812 4709 5170 5254 5324 5289 4566 4905 5174 5152 4625 4856 5160 5240 5218 5030 5139 4949 4969 5266 5167 5256 5086 5225 4891 5043 4993 4571 5697 4945 4943 5079 5080 4573 4839 5042 5140 4849 5300 5393 5205 5124 5511 5050 5161 5348 5019 5211 5647 5179 5333 5446 5628 5037 5612 4860 5190 5235 5273 5015 4769 4932 5062 5364 5046 4826 5098 4934 4863 5516 
5063 4584 5576 5471 5271 5432 4915 5373 5268 5320 5502 4958 5381 5094 5478 5214 5057 5543 5682 4957 5112 5495 5291 4908 5408 5400 5192 4976 5254 5241 5283 4982 5619 5225 5164 4804 4796 5430 5128 4764 5364 5191 5201 5037 5128 5134 5561 5475 5454 5359 4845 5574 5327 5466 5139 5415 5071 4859 5107 5538 5528 5294 5378 5446 5144 5106 5334 4700 5229 5017 5394 5154 5694 5315 5384 5273 4943 5436 4825 5655 4991 5232 5272 5430 5306 4948 5241 5225 4987 5009 5635 5096 5479 5611 5452 5352 5122 4831 5110 5506 5147 5419 4864 4661 5382 5411 5406 5143 5191 5445 5010 5465 5299 5435 4911 5036 5132 5133 4732 5248 5145 5433 5144 5264 5177 5154 5476 4734 5148 5075 4722 5282 5419 5432 5352 5218 5004 5415 4936 5717 5538 5602 4877 4990 5242 5351 5351 4775 5507 5150 4720 5213 5193 5239 5686 5463 5100 5192 5152 5888 5330 5674 5367 5671 5181 5249 5384 4515 5385 5187 5498 4893 4996 5096 5621 5550 5416 5466 5087 5653 5244 5099 5358 5434 5267 5656 4889 4983 5416 5319 4806 4846 5153 4969 4990 5480 5078 5233 5070 5262 5342 5421 4937 5187 5370 5142 5233 4784 5542 4814 4827 5068 5142 5065 4966 5288 5362 4936 5892 5318 5239 5364 5566 5250 5166 5543 5131 5616 5787 5362 5598 5679 5478 5236 5940 4953 5446 5101 5230 5418 5126 5001 5418 5229 5230 5220 5163 4839 5168 5667 
4784 4122 4864 4621 4278 4853 4243 4711 4786 4387 4507 4437 4913 4529 4823 4764 4214 4735 5029 4403 4630 4600 4644 4049 4956 5152 4514 4381 4763 4581 4701 4304 4681 4742 4581 4144 4152 4673 4492 3997 4560 4320 4850 4464 4475 4668 4739 4820 4403 4515 4080 4706 4635 4747 4318 4819 4670 4494 4450 4863 4906 4713 4640 4841 4525 4862 4562 4187 4491 4441 4695 4947 4811 4736 4565 4646 4631 5067 4128 4931 4393 4717 4232 4599 4252 4603 4554 4490 4709 4396 5039 4334 5142 4756 4599 4785 4697 4504 4740 4821 4514 4905 4101 4218 4677 4704 4622 4310 4418 4680 4253 4731 4630 4867 4515 4522 4315 4656 4193 4709 4502 4850 4519 4487 4420 4740 4771 4152 4541 4539 4464 4764 4728 4744 4637 4517 4694 4769 4323 5081 4538 4786 4171 4755 4636 4295 4501 4317 4792 4461 4398 4709 4644 4527 4788 5008 4546 4629 4451 4837 4841 5012 4598 4874 4601 4602 4761 4182 4686 4775 4536 4260 4498 4394 4636 4713 4651 4938 4205 5060 4456 4247 4642 4655 4730 5098 4346 4473 4723 4590 4151 4240 4617 4545 4754 4826 4259 4919 4490 4572 4643 4750 4411 4589 4615 4684 4588 4534 5149 4290 4625 4672 4504 4601 4530 4599 4709 4499 5123 4999 4695 4576 4729 4502 4586 4815 4514 4588 4967 4722 4959 4960 4673 4678 5224 4630 4588 4618 4895 4611 4263 4550 4464 4646 4453 4641 4549 4177 4760 4991 
5310 4649 5266 5107 4816 5190 4877 5335 5156 5232 5334 4924 5088 4918 5316 5167 4814 5045 5273 5046 4931 5026 5155 4519 5404 5466 5268 4764 4881 5101 5119 4725 4892 5234 4997 4705 4690 5231 5178 4450 5069 4836 5123 4761 4808 5142 5090 5051 5175 4935 4467 5256 5263 5163 4874 5464 4562 4870 4757 5181 5138 4980 5092 5120 5198 5218 5028 4534 5177 5320 5076 5197 5339 5183 5105 4943 4848 5430 4676 5387 5042 4681 4981 5196 5087 4874 5187 5021 5027 4816 5317 5060 5543 5332 4878 5190 5392 4907 4938 5339 5229 5031 4473 4697 5060 5089 5155 5006 4925 5232 4766 5345 4955 5199 5018 4898 4797 5009 4771 5182 4712 5408 4660 5063 4695 5079 5205 4635 5154 4775 4793 5381 4876 5115 5091 4710 4904 5451 5111 5416 5078 5202 4854 5282 5001 4920 5057 4858 5735 4831 4578 5352 4919 5343 5152 5186 4842 4869 5111 5406 5457 5436 5312 5203 5059 5099 5351 4597 5232 4878 5171 4930 5122 4734 5283 5227 5184 4953 4789 5381 4972 4800 5394 5180 5168 5429 5109 5104 5196 5174 4582 4771 5101 5102 4884 5115 4892 5036 4617 5016 5191 5316 4890 4942 5270 5155 5025 4747 5595 4843 5095 5138 5211 4553 4967 5170 5237 4755 5501 5499 5074 5318 5376 4797 5063 5441 4717 5431 5270 5136 5306 5149 5293 4928 5816 4900 5127 5263 5066 5004 4886 4817 5228 5028 5003 4998 4631 4920 4998 5712 
5268 4609 5554 5429 5010 5287 4720 5320 5379 5341 5367 5064 5223 5080 5286 5221 5241 5173 5705 5362 5092 5270 5071 4794 5544 5310 5406 4765 5190 5140 5323 4908 5532 5315 5148 4787 4744 5435 5190 4644 5504 5093 5545 5097 5298 5350 5571 5634 5500 5251 4924 5590 5350 5514 4796 5490 4697 4947 4753 5534 5496 5409 5617 5381 4953 5418 5487 4905 5262 5044 5236 5565 5343 5342 5123 4850 5135 5600 4857 5769 5053 5104 5066 5103 5021 5200 5330 4973 5269 5270 5447 5386 5356 5273 5385 5473 5218 4975 5278 5696 4908 5271 4861 5060 5318 5261 5140 5295 4895 5646 5121 5533 5397 5554 5205 5168 4985 5188 4922 5575 5157 5422 5134 5286 5277 5408 5335 4969 5266 5122 4862 5228 5296 5140 5078 4951 4958 5438 4920 5532 5408 5448 5196 5360 5230 5103 5184 4996 5344 5147 5104 5418 5225 5640 5375 5422 5180 5065 5317 5463 5304 5449 5252 5279 5084 5331 5593 4773 5272 5177 5240 4958 5275 4870 5206 5315 5079 5305 5182 5721 5067 5011 5369 5376 5557 5549 4830 5354 5441 5190 4922 4986 5292 5136 5209 5345 4987 5115 4879 5561 5352 5506 4796 5067 5121 5072 5378 5010 5783 4949 5184 5306 5525 4968 4990 5419 5295 4875 5436 5465 5221 5438 5764 5056 5383 5517 5012 5420 5468 5471 5279 5450 5555 4996 5811 4846 5530 5064 5380 5131 5072 4952 5460 5559 5239 5016 5301 4945 5062 5809 
5043 4701 5183 5346 4952 5251 4928 5399 5296 5063 5327 4725 5420 4955 5330 4946 4917 5146 5121 5059 4929 5200 5243 4529 5459 5169 5132 4923 5140 4882 5086 4699 5321 5326 5232 4670 4852 5355 5044 4618 5177 5021 5157 4960 4986 5265 5063 5408 5137 5157 4618 5199 4981 5129 4959 5221 5012 4815 4752 5358 5113 5229 5015 5174 5009 5190 5262 4572 5266 5196 5074 5245 5275 5276 5185 5046 5180 5242 4859 5604 5197 5315 4970 4988 4912 5086 4973 4863 5003 5014 5187 5122 5114 5136 5194 5134 5234 4766 5117 4965 5036 5365 4859 4836 5087 5361 4992 5067 4967 5400 4887 5432 5195 5611 4907 5122 4726 4810 4921 5481 4527 5621 4954 5080 4838 4909 5057 4778 4902 5209 4649 5163 5129 4975 5136 4856 4889 5539 4739 5445 5164 5356 4671 4965 4761 5031 5090 4724 5584 4961 5006 5120 5099 5029 5192 5164 4959 4945 5108 5113 5074 5325 5100 5234 5064 4898 4869 4572 5119 5218 5143 4789 5146 4763 5143 5225 5107 5400 4972 5415 5110 4582 5219 5188 5177 5145 4469 4939 5275 5141 4497 4684 5229 4905 4743 5093 4964 4862 4523 5285 5005 5074 4895 4837 4878 4993 5162 4692 5503 4553 5168 4925 4942 4911 4784 5084 4969 4840 5268 5055 5392 5099 5437 4957 5030 5469 5023 5107 5439 5263 5089 5709 5645 5046 5575 4718 5327 4967 5094 5248 5042 4669 5175 5406 4862 4890 4891 4714 4866 5217 
5228 4868 5443 5283 5037 5032 5096 5308 5242 5033 5257 5026 5136 4735 5336 5295 5081 5119 5265 4824 5086 5157 5081 4460 5661 5119 5139 4719 5108 5232 4965 4756 5227 5445 5119 4501 4790 5214 5264 4753 5334 4771 5375 4933 5133 5147 5216 5503 5273 5097 4860 5116 4863 5260 4997 5215 4580 5131 4896 5431 5162 5205 5162 5269 5033 5123 5160 5049 4990 5144 5209 5254 5050 5184 5086 5053 5026 5731 4852 5229 5041 5078 5089 5326 4776 5339 5066 5140 5093 5219 5363 4881 5409 5237 5037 5404 4841 4785 5108 5466 5191 5116 4719 4842 5165 5237 4987 5271 5124 5357 4788 5375 5009 5231 4805 5193 4821 5192 4766 5173 5027 5567 4961 4839 4942 4903 5082 4774 4923 5298 4770 5144 4800 4997 5461 4809 5028 5445 4745 5507 5225 5418 4733 4915 5019 5096 5369 4839 5178 5025 5002 5196 5161 5232 5131 5181 5123 5028 4865 5244 5418 5540 4991 5255 5103 5240 5128 4644 5163 5035 5268 4766 5002 5003 5151 5408 4964 5255 4719 5333 5216 4783 4832 5182 5310 5491 4942 5334 5654 4925 4549 4705 5187 5122 4865 5095 4898 5013 4795 5148 5065 5281 4908 4838 5000 5160 5038 4862 5413 4853 5299 5317 5116 4911 4827 5191 5308 4861 5484 5426 5316 5268 5211 5099 5153 5363 5223 5105 5709 5272 5348 5325 5517 5282 5587 4814 5053 4985 5118 5398 5103 4820 5187 5120 4951 5123 4987 4764 5002 5464 
5221 4231 4936 4985 4458 4889 4470 4900 5319 4982 4904 4626 4807 4749 4958 4930 4795 5201 5048 4679 4974 4860 5176 4539 4903 4913 4900 4623 4506 5032 4867 4381 4933 5046 4643 4429 4807 5158 4829 4145 4786 4752 4740 4442 5091 5042 4819 5072 4875 4858 4325 4923 4919 4779 4495 4957 4638 4665 4754 5192 4981 5047 4864 5095 4698 4779 5087 4523 4851 4634 4860 4900 4971 4748 4939 4737 4579 5113 4465 5067 4755 4612 4873 4823 4489 4759 4889 4714 4840 4782 5003 4965 4952 5259 4753 4762 4784 4591 4779 4975 4622 4711 4443 4680 4816 4878 5069 4920 4660 5100 4686 4694 4618 5106 4672 4710 4630 4427 4536 4948 4746 5125 4378 4535 4857 4833 4916 4564 4597 4980 4626 5164 4955 5056 4802 4401 4643 5374 4632 5026 4848 5174 4358 4752 4732 4700 4651 4678 4763 4691 4737 4837 4786 4762 4850 4916 4913 4646 4539 5113 5146 5139 4893 5113 4808 4671 4852 4377 5008 4768 4927 4493 4882 4468 4648 5205 4807 4893 4540 4987 4968 4590 4889 5060 5022 5230 4592 4920 4990 4810 4312 4240 4761 4574 4383 4848 4478 4888 4675 4778 4802 4988 4434 4568 4897 5073 4708 4777 5316 4459 4880 4729 4560 4457 4502 4870 4956 4285 5320 5165 4801 5123 5053 4586 4482 5110 4735 5178 5174 4922 5040 4955 5244 4625 5349 4572 4645 4620 5099 4818 4750 4562 4660 4992 4728 4863 4334 4520 4916 5480 
4953 4292 5219 5065 4934 4824 4776 4975 5167 4884 5014 4743 5035 4767 5070 4759 4699 5093 5342 4851 4868 4978 4754 4335 5108 5412 4778 4583 4937 4920 4766 4887 4960 5035 4844 4579 4494 5109 5017 4413 5010 4849 4905 4663 4831 4999 5239 5242 4857 4904 4644 5042 4860 5131 4514 5379 4608 4866 4602 5207 4945 5223 5022 5058 4717 4969 5097 4473 4782 4985 4851 4881 5062 5133 4604 4744 4879 5209 4558 5302 4819 4895 4995 5119 4795 4711 4867 4655 4988 4795 5282 4849 5255 5033 4995 4881 4875 4807 4699 5162 4959 4764 4511 4522 4922 5277 5078 5013 4848 5204 4725 5108 5065 5222 4721 4831 4634 4873 4445 5367 4878 5171 4888 5106 4641 5169 4936 4613 4829 4730 4832 5089 4966 4945 5112 4734 4803 4940 4476 5136 4847 5077 4550 4870 4790 4631 5064 4676 5373 4659 4928 5090 4758 4869 5207 5100 4870 4651 4749 5170 5280 5206 4969 5282 5006 5116 5031 4519 4883 4675 4839 4528 4871 4727 5021 5073 5112 4798 4891 5291 4693 4981 5092 4802 5077 5278 4585 5041 5145 4896 4669 4693 4621 4713 4423 4882 4598 5052 4669 5106 4952 5253 4783 4780 4679 5128 4855 4461 5327 4739 4828 4816 4895 4589 4903 4966 5016 4454 4919 4891 4893 4941 4916 5017 4939 5392 4759 5155 5338 5002 5161 5230 5270 4857 5504 4894 4809 4708 5002 4763 4600 4628 5015 5037 4857 4817 4830 4673 4886 5336 
5066 4535 5144 4940 4655 5279 4747 5214 5094 5100 5102 4607 4898 4593 4938 5215 4736 4970 5222 4881 5158 4894 5108 4513 5366 5405 5175 4892 4899 5283 4914 4590 5077 5020 4931 4631 4678 5199 5098 4581 5182 4947 5072 4702 4725 4985 5305 5075 4818 5156 4477 4980 4968 4800 4583 5303 4739 4457 4704 5261 5240 5127 4978 5020 4910 5241 4955 4696 5201 4866 5172 5210 5011 5249 5057 4868 4639 5405 4674 5066 4754 5135 4807 4938 4703 4992 5206 5023 5051 4907 5234 4970 5090 5167 5148 5073 5059 4641 4736 5279 4716 5019 4638 4542 5000 5162 4893 4850 4796 5347 4843 5434 5041 5164 4937 5110 4457 4923 4905 5285 4958 5627 4737 5072 5073 4971 4984 4593 4853 4954 4857 5256 5219 5088 5212 4985 4597 5194 4606 5294 5168 5207 4792 4668 4949 4676 4991 4793 5145 4968 4676 5343 4895 5149 5089 5092 5014 4768 4649 5144 5071 5515 5033 5061 5002 5045 5122 4462 5128 5012 4998 4719 4888 4595 5307 5337 5003 5105 4940 5302 5023 4823 5056 5116 5247 5190 4590 4931 5203 4988 4597 4703 5175 4996 4862 5109 4727 5022 4755 5348 5234 5219 4786 4840 4633 5002 5079 4628 5337 4755 5202 4957 4907 4673 4965 5120 5058 4718 5108 5118 4959 4868 5350 4961 4982 5386 4636 5138 5318 5074 5190 5320 5448 4958 5576 4480 5264 4979 5007 4866 4541 4794 4983 5222 4791 5129 4900 4654 4898 5326 
5226 4620 5283 4865 4780 5149 4777 5231 5128 5018 5102 4927 5115 4832 5338 5335 4816 5350 5611 5099 4815 5057 4931 4427 5426 5193 5028 4856 5067 4462 5422 4685 4988 5433 4961 4464 4990 5221 5044 4399 4924 4763 5318 5219 4961 5228 5076 5388 5080 4835 4526 5300 5000 5229 4845 5103 4713 4946 4797 5260 5157 5254 5069 5202 5039 4900 5170 5009 5028 4935 5210 5320 5482 5110 5069 4805 4849 5172 4484 5492 5081 5220 5011 5005 4855 5065 5103 4734 5111 4998 5356 5044 5303 5600 5153 5156 5057 4965 5030 5217 4775 5054 4532 4933 4704 5101 5024 4952 4809 5374 4789 5282 5022 5366 4889 5067 4793 4727 4575 5142 4590 5201 4913 4997 4892 4987 5551 4434 4966 5207 4668 5291 4917 4949 5045 4774 4747 5322 4772 5462 5101 5210 4904 5264 4726 4904 5022 4654 5267 4850 4774 5213 5145 4894 5168 5325 4925 4819 5008 5157 5357 5366 4958 5058 5013 5138 5270 4615 5107 4734 5112 4516 5019 4680 5106 5052 5211 5033 4898 5421 4924 4696 5259 5018 5397 5341 4736 4911 5245 4995 4550 4492 5304 4888 4885 5137 4731 5172 4826 5235 5189 5331 4934 4757 4783 5200 4982 4712 5720 4739 5293 5015 5160 4910 4927 4985 4994 4641 5423 5170 5306 5001 5259 5059 4964 5475 4978 4979 5259 5023 5235 5251 5286 4984 5553 5139 5275 4723 4918 5193 4560 4797 5036 4931 4986 4888 4825 4887 4914 5556 
5039 4656 5296 5109 4967 5204 5156 5343 5400 5058 5034 5005 5515 4898 5391 5057 4891 5403 5494 4989 4867 5137 5172 4889 5461 5377 5366 4841 5267 5190 5221 4350 5335 5205 5302 4660 5031 5671 5237 4508 5145 4920 5279 4831 5163 5170 5122 5390 4895 5058 4816 5337 5211 5107 4950 5586 5107 4825 4940 5590 5226 5239 5334 5240 5056 5075 5472 4706 4970 5108 5399 5329 5253 5065 5270 5093 5169 5450 4502 5493 5211 5161 5079 5001 4821 4921 5067 4863 5233 5254 5237 5068 5459 5300 4960 5231 5361 5052 5076 5242 5044 5114 4748 4969 5122 5022 5344 4989 4996 5387 4765 5628 5282 5385 4875 5007 5056 4767 4843 5374 5175 5508 4827 5185 5044 5262 5031 4751 4910 5223 4950 5410 5236 5202 5392 5015 4919 5380 4875 5705 5104 5118 4733 5109 5281 5063 5250 4756 5617 4983 5055 5278 5070 5247 5415 5213 4950 5056 4819 5423 5138 5762 5292 5417 5264 5030 5126 4712 5132 5401 5270 4710 5239 5114 5302 5463 5016 5361 4999 5548 5106 4814 5213 5141 5295 5254 4745 5172 5411 5312 4644 4893 4967 5119 5073 5072 4949 5087 4816 5225 4976 5319 5015 4928 5040 5472 5208 4651 5632 4976 5301 5028 5062 4533 4982 5068 5312 4733 5465 5494 5224 5131 5530 4996 5021 5486 4906 5275 5590 5157 5256 5191 5629 5079 5488 4977 5080 5039 5124 5116 5020 4950 5098 5217 4869 5197 5180 4995 5124 5601 
5273 4713 5185 5056 4953 5360 4990 5531 5219 5034 5301 5052 5081 5089 5564 5359 5269 5365 5651 5010 4748 5343 5229 4679 5562 5396 5336 4926 5367 5362 5173 4548 5441 5274 4943 4645 4891 5304 5154 4414 5252 4969 5323 5063 5087 5220 5373 5583 5032 5025 4579 5182 5142 5362 5352 5341 4872 5140 5126 5395 5266 5335 5291 5460 5176 5322 5500 4951 5279 4969 5365 5244 5409 5227 5078 5036 5000 5568 4797 5444 4999 5170 5057 5242 5262 5306 5112 5027 5273 5038 5590 5228 5458 5437 5108 5126 5103 4967 5108 5493 4955 5277 4850 4982 5440 5428 4930 5062 4981 5271 4802 5598 4910 5187 5395 5028 4778 4996 4633 5442 5277 5532 4877 5071 4962 4940 5334 4512 4997 5109 4770 5577 5133 5406 5411 4957 4745 5369 4861 5596 5279 5110 5095 5028 4970 5122 5217 4951 5392 5114 5224 5445 5177 5569 5430 5386 5297 5112 5177 5553 5340 5562 5380 5192 5247 5284 5494 4782 5390 4923 5541 4759 5040 5064 5352 5290 5216 5229 4940 5808 5244 5065 5285 5342 5443 5588 5023 5410 5557 5140 4650 5145 5360 5015 5129 5303 5028 5121 4860 5452 5088 5115 4976 5186 5159 5204 4924 4837 5543 4796 5229 5153 5472 5156 4799 4933 5425 4736 5617 5111 5212 5128 5659 4938 5135 5592 4959 5306 5924 5283 5311 5555 5413 5138 5641 4939 5156 5089 5293 5238 4785 5094 5342 5511 4940 5194 4866 4873 5050 5653 
4925 4579 5055 5054 4759 5130 4844 5037 5147 4784 5095 4680 4806 4812 5309 4962 4647 5132 5386 4844 4953 5156 4997 4380 5525 5116 4882 4964 4760 5016 5157 4516 5043 5069 4973 4429 4851 5225 5032 4254 5042 4723 5330 4530 5016 4876 5066 5475 4740 4983 4495 4860 4975 5186 4747 5121 4673 4907 4564 5298 5131 5146 5143 5328 4935 4906 4971 4588 4720 4649 5005 5070 5061 4938 4910 4747 4738 5201 4651 5132 4653 5061 4943 5282 5094 4728 5009 4651 4793 4873 5298 4881 5220 4940 5147 4850 4736 4764 4571 5134 4786 4851 4493 4670 4935 4978 4869 4965 4791 5105 4516 5303 4919 4997 4866 4935 4578 4769 4527 5140 5025 5094 4846 4795 4973 4879 5069 4655 4682 5037 4695 5014 4996 4849 5106 4823 4647 5118 4557 5084 4756 5125 4612 4794 4807 4705 5054 4666 4982 4555 4688 5041 4909 4860 5134 5093 4755 4905 4519 5154 5375 5306 4990 5099 4759 5190 4849 4517 4833 4646 4986 4533 5048 4797 5136 4913 4859 4965 4520 5260 4953 4889 5140 5126 5008 5414 4881 4850 5125 4992 4592 4848 4946 4653 4753 4950 4561 4836 4787 5020 5002 5208 4642 4759 4754 4951 4943 4883 5450 4946 4813 4884 4876 4711 4813 4879 4934 4761 5385 5178 5108 5130 5148 4896 5180 5073 4993 4940 5362 5102 5111 5097 5442 4770 5472 4761 4783 4732 5249 5080 4529 4788 4930 4923 4840 4912 4757 4881 5078 5392 
5093 4526 5002 4993 4749 5227 4676 5202 5133 4667 4983 4584 5060 4635 5153 5220 4684 4986 5416 4742 4881 4858 4632 4315 5274 5105 5017 4956 4879 4880 4935 4367 4893 4915 4668 4290 4614 5030 4908 4310 5046 4976 4951 4615 4829 5256 4903 5122 4835 5063 4594 4999 4943 4955 4652 5287 4868 4475 4668 5190 5122 4882 4989 5203 4922 5112 4705 4696 5063 4819 4670 5162 5139 5016 5252 4886 4810 5562 4650 5313 4841 4622 4744 4817 4685 4867 4956 4783 4782 4633 5090 5040 5423 5437 4946 4855 4981 4731 4695 5405 4675 4876 4658 4673 4650 5024 4963 4910 4740 5062 4655 5366 4985 5091 4878 4681 4579 4663 4559 4970 4827 5078 4750 4763 4911 4892 5035 4225 4962 5075 4725 5081 5165 4883 4898 4759 4870 5188 4642 5528 4770 5237 4454 4858 5078 4894 4870 4445 5392 4594 4553 4946 4858 5085 5063 4999 4780 4877 4891 5412 5219 5078 4997 5067 5015 5095 4936 4578 5011 5012 4935 4629 5050 4905 5019 5224 4918 5124 4796 5268 4593 4742 5218 5238 5221 5454 4702 4453 5139 5040 4300 4454 4893 5036 4787 4950 4888 5061 4511 4791 5064 4975 4600 4792 5027 5079 4999 4703 5349 4477 5095 4948 5160 4789 4850 4747 4899 4233 5080 5335 4837 5151 5202 4562 4893 5160 4797 5111 5350 5057 5220 5092 5238 5055 5396 4881 4907 4897 5139 5113 4558 4777 5161 5051 4619 4929 4406 4580 4921 5439 
4868 4425 5111 4779 4786 4943 4245 4910 5007 4881 4864 4721 4817 4597 4964 4792 4736 4765 5120 4571 4748 4789 4860 4190 5110 4914 4731 4440 4693 4864 4711 4545 5095 4934 4707 4484 4553 5300 4986 4309 5070 4694 5234 4650 5082 4916 4989 4933 4890 4914 4680 4931 4766 4873 4365 5194 4546 4606 4647 5116 5028 4934 4902 5148 4832 4820 4847 4668 4840 4580 5034 5107 5008 5012 4776 4653 4926 5325 4661 5211 4659 4956 4536 4909 4629 4775 5077 4436 4766 4800 5097 4674 5101 4740 4884 5101 4662 4642 4652 5103 4601 4925 4610 4459 4921 4928 4770 4786 4576 5052 4453 5019 4958 4886 4865 4907 4513 4789 4264 5202 4940 5191 4720 4762 4812 4667 4646 4524 4804 4764 4384 4918 4995 4940 4853 4396 4932 5002 4541 5103 5020 5071 4595 4865 4787 4787 4900 4676 4910 4692 4556 4860 4552 4743 4906 5115 4746 5016 4666 5075 5153 5201 4749 5034 4876 4576 5098 4423 4878 4911 4735 4598 4430 4654 4849 4857 4907 4952 4853 5383 5019 4701 4995 4922 4884 5165 4668 5002 5212 4743 4226 4763 4891 4943 4425 4853 4500 4834 4735 4828 4658 5042 4479 4722 4815 4556 4782 4530 4977 4680 4853 4983 4718 4539 4761 4809 4928 4699 5057 5332 4656 4781 5046 4849 4940 5125 4629 4731 5174 4829 5086 5023 5061 5083 5250 4611 4841 4850 5008 4766 4297 4614 4925 5071 4805 4759 4628 4498 4600 5414 
4959 4803 5295 5175 4990 5422 4736 5341 5352 5171 5013 4883 5115 4784 5360 5292 5099 4767 5296 5023 4801 4944 5047 4467 5425 5260 5287 4911 4909 5038 5201 4741 5264 5469 4839 4710 4946 5507 5209 4623 5259 4908 5216 4839 5170 5036 4982 5293 4947 5163 4828 5020 5117 5064 4752 5275 4777 5040 5017 5370 5254 5292 5116 5360 4882 4980 5061 4855 5172 4831 5204 5359 5114 5161 4844 4875 5071 5444 4984 5231 5109 5081 4808 5301 5118 5162 5262 4787 4935 4884 5326 4879 5325 5123 5122 5082 5054 4923 4893 5570 4801 5018 5083 4793 4920 5027 5004 4809 4803 5331 4671 5776 4959 5330 5116 4924 4811 4892 4739 5233 5120 5342 4913 4898 5181 5087 5197 4461 4777 5055 4790 5409 5315 5109 5153 4925 5130 5490 4613 5539 5183 5263 4593 4783 5016 5108 5107 4805 5458 4753 4854 5069 4794 5241 5125 5373 4962 5150 4851 5415 5424 5327 5073 5390 5220 5144 5192 4544 5002 4901 5133 4833 4976 5059 5120 5205 5193 5248 4861 5397 5053 4973 5278 5201 5202 5518 4957 5285 5336 5119 4518 4921 4890 5020 4688 4920 4785 5400 4762 5247 4997 5078 4888 4839 4879 5115 5128 4824 5626 5072 5075 5194 5080 4845 4906 5204 5420 4675 5551 5359 5347 4982 5405 4759 5180 5410 5021 5062 5387 5316 5232 5519 5495 5052 5542 4608 5148 4984 5274 5247 4655 5000 5162 5222 5116 5181 4882 4737 5088 5492 
5528 4988 5626 5370 5206 5485 4856 5521 5461 5480 5188 5443 5502 5166 5411 5434 5229 5502 5797 5251 5259 5602 5229 4972 5732 5512 5505 5132 5232 5171 5361 5218 5620 5523 5214 5089 5251 5700 5506 4829 5503 5017 5489 5183 5449 5412 5431 5527 5274 5590 4892 5398 5680 5661 5119 5686 5018 5172 5181 5587 5639 5535 5583 5823 5365 5514 5678 5247 5365 5391 5590 5564 5522 5702 5178 5355 5392 5558 4943 5671 5469 5383 5311 5499 5177 5297 5451 5302 5169 5390 5448 5207 5508 5490 5444 5683 5566 5213 5560 5720 5374 5353 5169 4895 5588 5470 5504 5377 5185 5570 5177 5571 5504 5649 5088 5364 5292 5181 5186 5665 5337 5801 5302 5403 5259 5266 5407 4937 5500 5324 5096 5514 5355 5221 5241 5043 5327 5535 5250 5851 5231 5608 5286 5501 5096 5329 5541 5349 5594 5087 5084 5584 5442 5653 5609 5840 5120 5497 5199 5588 5528 5757 5397 5655 5314 5505 5595 4969 5470 5279 5339 5018 5322 4983 5389 5512 5248 5559 5228 5959 5199 5062 5637 5365 5583 5657 5134 5430 5489 5343 4705 4873 5451 5423 5185 5539 4960 5331 5164 5478 5455 5696 5191 5129 5244 5317 5253 4998 5869 4941 5305 5604 5290 5107 5397 5426 5369 5303 5773 5493 5439 5264 5528 5094 5427 5665 5199 5416 5665 5585 5746 5472 5663 5329 5901 5142 5243 5231 5388 5258 5184 5070 5677 5468 5324 5373 5152 5425 5325 6039 
4546 4081 4678 4535 4312 4404 4435 4577 4506 4565 5023 4356 4515 4384 4724 4204 4412 4540 4760 4375 4345 4464 4610 3890 4765 4639 4820 4355 4506 4622 4607 4001 4726 4714 4322 3898 4264 4771 4712 3830 4610 4502 4415 4232 4400 4524 4539 4737 4374 4610 3988 4576 4506 4471 4070 4517 4188 4360 4099 4627 4745 4606 4629 4219 4515 4490 4616 4261 4532 4397 4385 4559 4712 4378 4434 4188 4243 4775 4291 4712 4563 4216 4508 4285 4260 4483 4577 4422 4348 4379 4634 4568 4636 4490 4450 4399 4583 4251 4282 4842 4521 4266 4281 4383 4604 4344 4524 4512 4383 4940 4452 4648 4356 4652 4240 4240 4010 4399 4214 4677 4444 4732 4334 4647 4364 4614 4376 3957 4497 4426 4137 4785 4489 4486 4606 4336 4490 4792 4165 4680 4805 4549 4346 4484 4260 4484 4330 4312 4783 4218 4302 4322 4604 4587 4648 4544 4243 4594 4279 4569 4627 4616 4558 4692 4353 4706 4545 3927 4524 4510 4220 4169 4601 4028 4607 4777 4749 4263 4315 4802 4471 4382 4762 4690 4895 4811 4484 4741 4685 4465 4059 4020 4626 4539 4208 4529 4340 4434 4254 4561 4657 4626 4359 4356 4273 4538 4830 4223 4938 4398 4850 4607 4601 3992 4372 4452 4439 4194 4596 4772 4665 4757 4736 4361 4363 4755 4391 4694 4978 4800 4795 4750 4880 4398 4906 4060 4671 4466 4511 4271 4480 4291 4504 4413 4335 4748 4307 3944 4308 4762 
5494 4924 5387 5277 5062 5145 4717 5334 5229 5212 5242 4913 5301 5082 5362 5214 5101 5338 5392 5022 4923 5176 5338 4760 5533 5405 5192 4961 5152 5376 5196 5085 5478 4982 5180 4671 4826 5541 5270 4632 5243 4871 5103 5065 5224 5324 5482 5339 5096 5329 4701 5302 5473 5443 4933 5581 4801 5199 5014 5633 5533 5480 5394 5369 5259 5302 5242 4942 5276 5229 5035 5421 5014 5300 5402 5041 5112 5867 4823 5459 5212 5196 5063 5100 4911 5172 5163 4882 5273 5190 5526 4964 5575 5405 5222 5470 5302 4824 4977 5357 5186 5175 4957 5145 5259 5300 5331 5334 5055 5492 4845 5566 5323 5633 5308 4918 5025 5296 4903 5584 5235 5605 5043 5474 4757 5122 5344 4803 4976 5218 4750 5231 5235 5106 5185 4750 5029 5492 4887 5684 5080 5161 4608 5289 5327 5214 5414 5047 5589 5131 4952 5416 5268 5279 5388 5374 5091 5249 5025 5439 5070 5577 5369 5280 5318 5239 5293 4340 5289 5228 5220 4998 5184 4825 5236 5408 5011 5394 5095 5598 4982 4975 5251 5354 5344 5559 4981 5309 5620 5213 4854 4773 5239 5295 5135 5299 4874 5267 4813 5526 5160 5422 5127 4878 5307 5442 5149 4879 5705 4680 5305 5183 5280 4703 5365 5420 5370 4753 5752 5386 5334 5214 5678 4895 5173 5635 5001 5330 5590 5431 5211 5508 5758 5112 5840 4989 5256 5090 5157 4971 4780 5050 5342 5485 5030 5089 5023 4878 5099 5691 
5455 4737 5485 5126 5204 5418 4985 5378 5491 4949 5581 5125 5231 5114 5664 5380 5017 5445 5597 5276 5231 5234 5202 4861 5515 5335 5280 4959 5441 5257 5391 4629 5475 5237 5133 4815 5060 5411 5530 4795 5394 5138 5366 5233 5106 5324 5539 5642 5146 5205 4767 5583 5277 5406 5023 5404 5076 5140 4899 5297 5405 5308 5402 5290 5377 5358 5238 4947 5546 5108 5301 5393 5361 5219 5195 5185 5189 5360 5151 5834 5207 5114 5410 5533 5006 5377 5200 5141 5256 5124 5193 5327 5324 5491 5204 5210 5004 4832 5096 5685 5054 5617 5109 4972 5252 5346 5159 5141 5139 5501 4935 5600 5425 5476 5192 5288 4906 5013 4895 5655 5268 5475 5020 5160 4963 5248 5144 4769 5043 5335 5083 5556 5317 5259 5418 5156 5028 5386 5080 5626 5486 5513 4870 5146 5019 5276 5283 5051 5188 5116 5098 5432 5438 5461 5668 5525 5346 5374 5229 5805 5612 5679 5276 5453 5077 5375 5219 4484 5430 5344 5101 5006 5202 4615 5381 5336 5321 5468 5107 5615 5302 5093 5315 5327 5711 5345 4756 5211 5311 5291 4647 5229 5236 5244 4836 5421 4815 5326 5295 5427 5428 5570 4954 5013 5161 5371 5128 5124 5565 4983 5386 5297 5473 4969 5052 5080 5309 4821 5532 5515 5263 5326 5615 5197 5159 5496 5177 5224 5893 5447 5474 5603 5783 5383 5769 4863 5383 4973 5214 5256 5068 4976 5401 5284 5188 5409 5091 4848 5215 5736 
5355 4545 5150 5072 4754 5087 4705 5067 4995 4951 5038 4561 4713 4759 4962 4952 4995 5094 5235 4920 4920 4812 5133 4411 5554 5223 5032 4865 4956 4998 4912 4636 5024 5026 4703 4432 4597 5072 5374 4489 5250 4933 4949 4580 4630 5079 5235 5027 5094 4964 4501 5124 4683 4981 4795 5198 4535 4615 4688 5026 5215 4984 5030 5050 4966 4927 4842 4579 4997 4686 5012 4981 5001 4805 4862 4763 4753 5272 4556 5261 4721 5094 4814 4936 4639 4768 5152 4622 4880 4909 5272 4658 4989 4942 4829 5072 4877 4539 4798 5020 4678 5019 4624 4722 5079 5035 4494 4907 4780 5292 4673 5225 5043 5161 4927 4911 4325 4847 4620 5007 4860 5333 4882 4759 4982 4784 4903 4517 4885 5016 4666 5060 5002 4937 5086 4767 4643 5223 4513 5017 4739 5085 4733 4993 4840 4713 4978 4650 5240 4664 4481 5129 4921 4838 4872 5265 4904 4961 4791 5138 5168 5376 4944 4920 4879 4928 4804 4278 5112 5074 5044 4482 4949 4547 5006 5187 4784 4941 4826 5247 4764 4566 5060 5027 5304 5237 4828 4773 5047 4818 4469 4824 5082 4773 4795 4986 4707 4640 4642 5203 5089 5346 4736 4574 4851 4773 4730 4665 5250 4790 4725 4755 4832 4734 4785 4829 5011 4670 5216 5210 4939 4944 5300 4764 4895 5307 4709 5045 5186 5118 5109 5254 5434 4882 5745 4634 4887 4736 4744 4913 4589 4630 5166 5014 4911 4995 4638 4699 5043 5571 
5060 4725 5311 5117 4925 5303 4729 5129 5406 4775 5044 4725 5239 4794 5119 5054 4689 5160 5376 4588 4762 4861 4969 4525 5334 5229 4788 4951 5028 4794 5080 4367 5192 4920 4850 4630 4556 5385 5245 4327 5171 4832 4829 4658 5028 5104 5195 5299 5012 5054 4449 5017 4999 5155 4696 5137 4878 4860 4719 5051 4984 5267 5177 5170 5138 4897 4931 4405 5061 4983 4855 5158 4864 4922 5025 4480 4635 5528 4648 5453 4819 5178 4865 5137 4715 4946 5284 4658 5056 4906 5161 5007 5354 5083 4980 5144 4839 4573 4474 4954 4834 5114 4783 4349 5154 5063 4850 4826 4878 5222 4724 5349 4960 5108 4869 4865 4494 4752 4651 5242 4892 5447 5078 4934 4762 4834 4938 4546 4985 5201 4769 4925 5059 4928 4927 4624 4595 5386 4821 5454 4872 5331 4608 5302 4898 5028 5274 4701 5371 4774 4938 5121 4744 4916 5072 5211 4644 5022 4768 5233 5166 5622 5081 5285 5193 5035 5011 4387 4854 5177 5043 4694 4715 4665 5146 5153 4725 5044 4523 5511 4930 4750 5217 5166 5160 5356 4450 5154 5107 5122 4436 4817 5156 4803 4953 5152 4599 5059 4726 5249 4905 5131 4773 5109 4719 5108 4942 4608 5348 4667 4878 4827 4759 4810 4952 4984 5087 4724 5087 5146 4780 5000 5097 4722 4853 5276 4859 4942 5448 5056 5058 5291 5465 5040 5698 4778 4898 4906 5175 4903 4483 4656 4999 5232 4644 4880 4798 4928 5043 5392 
5084 4751 5460 5257 4971 5423 4752 5194 5208 5109 5239 4827 5391 5108 5596 5053 4825 5057 5520 4884 5029 5004 5128 4420 5478 5381 5122 4901 5107 5021 5074 4662 5295 5169 4818 4572 4613 5396 5092 4446 5023 4836 5123 5054 4931 5412 4985 5179 4821 4974 4465 5140 5138 5342 4816 5188 4798 4609 4934 5330 5329 5182 5139 5400 5070 5227 5180 4732 5283 4971 5023 5343 5255 5212 5175 5057 4833 5471 5002 5460 5205 5153 4888 5107 4780 4825 5351 5049 5071 5176 5110 4974 5394 5419 5141 5205 5308 4876 4859 5254 4987 5134 5106 4686 5208 5242 5226 4799 4818 5252 4976 5591 5310 5410 4789 4836 4758 4881 4840 5224 4867 5424 4809 4970 5165 5175 5008 4874 4818 4797 4836 5494 5370 5012 5138 4827 5118 5528 4501 5360 5360 5514 4794 5258 5110 5284 5505 4607 5295 5217 4714 5158 4979 5102 5237 5347 4999 5077 4860 5554 5160 5258 5363 5413 4960 4724 5117 4476 5089 5167 4843 4791 5012 4732 5386 5396 5048 5142 5129 5592 4808 4877 5205 5232 5335 5593 4781 5162 5361 5016 4701 4858 5126 4951 4891 5137 4761 5064 4917 5250 5376 5080 4975 5116 5212 5062 4996 4926 5664 4714 5173 5020 5172 4867 5045 5244 5190 4634 5391 5302 4887 4752 5380 5102 4950 5614 4965 5359 5357 5251 5293 5596 5471 5292 5744 4815 5232 5038 5235 5123 4554 4787 5151 5333 5069 4999 5053 5006 5047 5593 
5436 4858 5574 5351 5004 5513 4906 5394 5285 5067 5183 5103 5324 5128 5642 5101 5004 5438 5214 5207 5287 5214 5472 4469 5695 5416 5184 5265 5043 5110 5512 4907 5444 5337 5231 4812 5118 5552 5317 4678 5480 4791 5433 4983 5013 5440 5475 5328 5394 5497 4678 5307 5245 5565 4892 5356 5042 5055 5247 5401 5318 5311 5569 5591 5115 5391 5303 4939 5320 4835 5297 5881 5563 5242 5214 5018 5020 5755 4833 5769 5234 5740 5130 5367 5021 5271 5332 5017 5132 5159 5488 5164 5480 5478 5313 5450 5075 4925 5044 5594 5099 5495 4639 4934 5264 5525 5190 5187 4657 5362 5133 5513 5239 5613 4938 5052 4834 4805 4905 5486 5137 5438 5178 5037 5012 4953 5169 4703 4999 5436 4819 5459 5468 5383 5189 5000 4940 5481 4875 5312 5069 5355 4973 5216 5245 5343 5324 4893 5478 4868 4984 5407 5369 5530 5492 5254 5023 5524 4883 5501 5378 5495 5239 5435 5198 5306 5459 4739 5088 5331 5358 4869 5331 4946 5343 5532 5067 5534 5058 5838 5139 4878 5265 5244 5469 5358 4950 5169 5364 5541 4859 4830 5180 4986 5000 5303 4932 5134 4809 5328 5348 5542 5013 4926 5467 5392 5120 5024 5587 4937 5415 5340 5445 4991 5276 4941 5278 4827 5483 5421 5342 5348 5787 5219 5372 5532 4832 5253 5881 5345 5336 5470 5691 5214 5698 5146 5486 5211 5441 5422 4805 4919 5311 5423 5113 5157 5370 4943 5154 5728 
4944 4267 4953 4981 4706 5014 4808 4888 5292 4805 5112 4840 4826 4860 5032 4585 4869 5048 5203 4565 4964 5152 4993 4227 4949 4871 4991 4599 4682 5011 4832 4608 5032 4607 4713 4424 4513 4782 4992 4293 4894 4825 4991 4700 4754 5116 4906 5194 4829 4826 4163 5088 4824 5097 4652 4885 4403 4514 4499 5339 5057 5060 5225 4697 4840 4877 5118 4575 4863 4668 4755 4962 4986 5152 4970 4531 4664 5046 4914 5139 4870 4983 4767 4730 4704 4926 4897 4764 4714 4874 5231 4730 5229 4943 5102 4945 4788 4461 4761 4967 4632 5033 4245 4531 4871 4834 4770 4639 4762 5321 4411 5072 4813 5101 5056 4795 4485 4804 4635 4950 4862 5348 4715 4860 4774 4951 5015 4442 4618 4423 4679 5162 4985 4828 4921 4574 4647 5104 4617 5059 5167 5089 4630 4818 4993 5019 4778 4560 5148 4596 4389 5046 4880 5162 4846 4961 4940 4976 4649 5097 5148 5029 4835 5082 4591 5080 5131 4494 4917 4681 4831 4539 4756 4502 4894 4804 4958 4836 4515 5196 4694 4454 5036 4966 5049 4992 4468 4927 4958 4734 4298 4655 4951 4671 4443 5023 4397 4904 4613 4881 5086 4916 4483 4578 4783 4934 4885 4848 5244 4448 4855 4803 4826 4653 4855 4869 4832 4586 5177 5196 4931 5057 5251 4617 4889 5141 4819 4893 5242 5189 4941 5165 4940 4694 5437 4497 4979 4856 4868 4650 4724 4452 4752 5159 4661 4923 4654 4397 4845 5377 
5501 4688 5611 5162 5292 5426 4833 5385 5493 5505 5110 4988 5460 5354 5412 5450 5299 5554 5759 5442 5200 5359 5196 4774 5544 5393 5241 5149 5257 5404 5381 4723 5432 5196 5193 4677 5077 5357 5608 4903 5279 5205 5341 5093 5197 5358 5560 5466 5421 5214 4879 5407 5356 5370 4940 5568 5128 5135 4867 5460 5558 5418 5248 5300 5237 5461 5488 4891 5484 4996 5627 5696 5438 5270 5181 5137 5231 5538 4756 5653 5282 5636 5017 5436 5123 5262 5255 5214 5214 5158 5589 5267 5724 5491 5195 5560 5224 4979 5220 5303 5253 5354 4846 4904 5389 5353 4992 5429 5252 5684 4704 5697 5363 5519 5278 5096 4685 5167 4951 5553 5047 5691 5188 5201 5266 5279 5320 4875 5162 5324 5020 5381 5598 5265 5078 5173 5042 5274 4906 5517 5384 5605 4943 5298 5458 5313 5362 5016 5652 4805 5183 5333 5210 5312 5511 5401 5150 5518 5217 5507 5432 5745 5426 5572 5351 5341 5391 4620 5506 5360 5078 5134 5219 5003 5362 5481 5336 5489 4780 5582 5435 5248 5273 5403 5517 5510 4824 5156 5293 5512 4766 5222 5103 5161 5175 5261 5134 5406 5184 5406 5419 5343 4928 5164 5162 5237 5215 5102 6120 5062 5118 5149 5046 4741 5082 5441 5180 5002 5489 5390 5563 5307 5552 5163 5264 5814 5342 5323 5822 5337 5434 5621 5684 5323 5861 5053 5270 5229 5523 5224 4968 4858 5431 5340 5348 5560 4837 4882 5407 5893 

Execution Time (Simple GEMM): 0.057000 seconds

Blocked GEMM Result
5581 4674 5544 5770 5001 5294 5162 5602 5504 5275 5390 5046 5295 5165 5721 5455 5223 5142 5575 5196 5183 5053 5292 4907 5806 5453 5460 4900 5114 5240 5542 5035 5403 5501 5004 4807 5068 5332 5229 4741 5621 5042 5535 5218 5258 5201 5665 5534 5397 5441 4821 5376 5313 5471 5193 5623 4943 4996 5014 5719 5548 5455 5527 5869 5130 5353 5550 4974 5360 5268 5305 5413 5520 5311 5204 5278 5334 5603 5219 5481 5275 5472 5095 5290 5326 5316 5366 5155 5267 5252 5334 5012 5625 5631 5418 5539 5232 5080 5345 5524 5329 5577 5108 5078 5390 5419 5258 5248 5131 5472 5096 5705 5261 5612 5009 5353 4972 5079 5244 5794 5359 5713 5154 5109 5521 5173 5116 5231 5279 5363 4860 5545 5376 5336 5415 4921 5266 5671 5048 5686 5395 5589 5065 5426 5505 4935 5492 5073 5633 5231 4992 5301 5420 5536 5404 5321 5249 5046 4981 5324 5508 5461 5043 5386 5351 5366 5489 4741 5421 5157 5641 5370 5179 5099 5737 5356 5165 5533 5143 5611 5244 4801 5284 5366 5471 5794 5003 5347 5625 5032 4709 5170 5475 5208 4870 5736 4923 5493 5046 5312 5380 5368 5244 4896 5420 5234 5117 4907 5819 5022 5345 5383 5308 4993 5218 5086 5375 4817 5951 5381 5511 5296 5661 5327 5356 5807 5610 5589 5894 5516 5520 5608 5578 5344 6023 5033 5424 5064 5422 5549 5179 5249 5231 5619 5222 5395 5186 5230 5174 5705 
5272 4671 5565 5319 4981 5428 4949 5433 5330 5304 5167 4893 5330 5269 5414 5297 5046 5365 5460 5135 5139 5332 5048 4549 5579 5541 5259 5065 5291 5248 5175 4723 5574 5410 5154 4910 4908 5469 5263 4684 5226 5128 5414 5101 4975 5153 5598 5297 5219 5187 4807 5317 5143 5338 4904 5344 5011 4988 4944 5465 5218 5501 5361 5402 5313 5402 5225 5277 5442 5074 5379 5647 5241 5295 5276 5041 5041 5519 4890 5165 5266 5323 5155 5005 5200 5337 5428 4905 5031 5275 5246 5291 5339 5300 5319 5282 5396 5029 4914 5284 5209 5004 4810 4744 5102 5361 5153 5201 5009 5492 5261 5523 5222 5472 5313 5188 4932 5042 4872 5473 4995 5409 5283 5085 5000 5101 5400 4894 4977 5268 4927 5331 5181 5234 5348 5121 4891 5175 5080 5593 5335 5485 4966 5181 5048 5092 5215 5063 5445 4976 4921 5327 5232 5268 5396 5348 5114 5333 5139 5396 5442 5645 5370 5109 5127 5037 5353 4482 5312 4944 5420 5000 5199 5042 5407 5243 5478 5334 5000 5629 5096 5107 5262 5534 5543 5346 4855 4871 5252 5362 4799 5150 5201 5006 5150 5175 4754 5314 5013 5475 5384 5268 4892 5189 5183 5329 5204 4718 5617 4660 5114 5420 5216 4963 4911 5196 5198 4756 5529 5587 5267 5356 5193 5133 5139 5560 5013 5188 5620 5464 5529 5646 5476 5265 5809 4646 5238 5297 5444 5128 4974 5082 5383 5402 5212 5447 4923 4861 5238 5582 
5261 4434 5575 4996 4996 5366 4875 5101 5384 5295 5187 4885 5254 4838 5185 5004 4831 5329 5305 4834 4824 5196 5094 4741 5426 5211 5317 4685 5241 5078 5314 4711 5316 5291 4966 4403 4433 5108 5243 4681 5099 4872 5162 5059 4931 5132 5493 5401 5076 5149 4727 5255 5110 5282 4901 5496 4963 4831 5040 5286 5344 5318 5220 5245 5089 5232 5462 4705 4945 5077 5204 5247 5532 5258 5199 5054 4979 5564 4653 5256 4949 5436 4970 4993 5124 4963 4958 4854 4901 5068 5243 4837 5417 5207 5255 5111 4913 4980 5056 5432 4978 5263 4575 5084 5133 5025 5112 5072 4940 5151 4849 5467 4963 5485 5017 5096 4612 4978 4749 5521 5079 5388 5026 5071 5329 5077 5268 4657 5082 5127 4744 5543 5295 5178 5180 5021 4997 5137 4658 5506 5079 5120 4898 4974 5095 4750 5088 4878 5239 4812 4897 4991 4824 5134 5251 5033 4895 5057 5012 4906 5069 5430 4838 5340 5023 5460 5331 4375 5140 5161 4921 4905 5090 5018 5297 5254 4952 5070 4998 5805 4899 4829 5423 5039 5218 5171 4864 4832 5203 5284 4755 4970 5084 4983 4922 5193 4938 5228 4814 5077 5192 5310 4914 4985 5020 5090 4918 4931 5457 4752 5059 5040 5152 4575 5146 4941 5102 4718 5590 5099 5257 5243 5413 4979 5021 5336 4976 5193 5878 5081 5310 5280 5229 5073 5687 4736 4962 4924 5141 5094 4789 4839 5162 5126 5179 5056 4846 4993 5090 5692 
5461 4471 5555 5217 5017 5382 4929 5217 5089 5249 5063 5067 5061 4797 5188 5259 4847 5121 5406 5149 5032 4916 4954 4602 5293 5289 5335 4923 5203 5343 5227 4804 5298 5280 4867 4743 4667 5441 5148 4526 5185 4886 5221 4816 5120 4818 5201 5374 4995 5305 4809 5118 5012 4985 5133 5548 4878 4858 5141 5088 5348 5256 5175 5516 5009 5346 5117 4735 5166 5106 5188 5241 5258 5323 5058 4920 5184 5342 4910 5287 5092 5051 4793 4888 4866 5315 4982 4866 5264 5009 5300 4633 5228 5283 5186 5208 5279 4834 5012 5324 5353 5265 4908 4821 5068 5282 4964 5166 5028 5481 4833 5348 5040 5454 5010 5050 4764 4885 4912 5201 5067 5602 4853 5012 4950 5052 4954 4628 4848 5041 4677 5207 5187 5223 5425 4823 5158 5553 4625 5366 5063 5110 5007 5000 5012 4977 5296 5004 5692 4951 4715 5263 5103 5301 5206 5271 5037 5081 4915 5189 5236 5399 5006 5441 5021 5273 5368 4749 5058 5169 5172 4816 5217 4731 5483 5325 5174 5166 4659 5620 5146 4880 5206 4946 5314 5430 4876 5185 5266 5090 4611 4906 5123 5094 4986 5218 4795 5210 4690 5255 5312 5242 4972 4880 4889 5176 5064 4619 5327 4796 5249 5093 5124 4941 5000 5122 5339 4746 5560 5300 5211 5032 5036 4943 4866 5270 4915 5321 5598 5254 5487 5345 5634 5238 5737 5085 5226 5226 5099 4971 4814 4943 5141 5131 4998 5068 4925 4668 4892 5581 
4855 4441 5171 4902 4769 4650 4629 4889 5109 4883 4989 4700 5183 4642 4902 4680 4903 4703 5157 4743 4813 4553 4706 4334 4913 5084 4642 4599 4778 4879 4793 4563 4914 5136 4427 4289 4742 5020 4798 4356 4926 4598 4899 4845 4764 4876 5055 5240 4768 4868 4506 4998 4973 4914 4494 5248 4540 4733 4733 5069 4754 4807 4855 4993 4692 4731 4917 4451 4875 4637 5101 5180 4947 5051 4708 4777 4815 5397 4552 5122 4836 4828 4704 4876 4482 4853 4783 4820 4776 4767 5003 4763 5294 4959 4674 5138 4915 4383 4665 5118 4570 4938 4843 4552 4843 5097 4648 4981 4629 5144 4564 5341 4794 4988 4809 4881 4448 4568 4416 5193 4723 5182 4583 4546 4575 4913 4989 4298 4790 4595 4364 5110 4918 5050 4733 4429 4613 5003 4723 5082 5054 5106 4564 4991 4922 4842 4956 4600 4987 4425 4829 4741 4723 4944 4915 4825 4807 4509 4939 5379 5158 4822 5019 4859 5004 4770 4859 4552 4828 4794 4810 4772 4765 4760 4837 4518 4973 4835 4698 5329 4721 4598 4990 4939 5253 4950 4481 5033 5052 4771 4421 4873 4638 4528 4663 4983 4579 4706 4254 4931 5045 4809 4607 4716 4928 4956 4758 4452 5040 4840 4837 4737 4644 4617 4503 4919 4793 4303 5083 4734 4880 4805 5197 5040 4865 5168 4748 5058 5187 5081 4979 5234 5045 4871 5563 4615 4862 4684 5080 4552 4447 4518 4891 5040 4772 4671 4690 4246 4605 5435 
4961 4272 4868 4933 4616 5055 4668 4859 4998 4903 5035 4593 4962 4686 4928 4923 4671 5091 5225 4920 4739 5061 4923 4472 5155 5044 5034 4371 4982 4949 4878 4441 5018 4907 4482 4365 4741 5092 4924 4396 4919 4868 4925 4528 4982 5006 5048 5162 4622 4904 4380 4888 4898 4749 4684 4996 4373 4885 4699 5018 5113 4958 4904 5039 4544 5148 5115 4558 4873 4750 4874 4833 4786 4857 4854 4826 4778 5045 4475 5024 4656 4746 4705 4824 4808 5081 4919 4789 4747 4653 4973 4477 5002 5169 4827 5058 4900 4677 4745 5033 4879 5017 4640 4498 4607 5085 4916 4761 4597 4935 4660 4968 4872 5136 4934 4812 4636 4740 4557 4746 4968 5210 4648 4564 4770 4582 5050 4508 4862 4932 4528 4966 4745 5040 4752 4506 4819 5025 4542 5398 5170 5099 4624 4833 4908 4769 5097 4580 5076 4795 4599 4918 4855 4846 4824 4804 4827 4979 4615 5163 4886 5145 4846 5212 4840 4921 4804 4458 4974 4813 5047 4678 4714 4716 4989 4907 4781 4983 4707 5226 4800 4878 4947 4862 5021 5238 4863 5031 5005 4499 4355 4540 4832 4741 4549 4933 4485 4701 4624 4836 4815 4979 4523 4517 4693 4757 4692 4623 5257 4636 4802 4843 4706 4616 4587 4835 5012 4360 5369 5218 4932 5153 5119 4794 4800 5163 4573 4823 5188 5031 5156 4879 5025 4719 5388 4660 4818 5024 4859 4666 4789 4597 4872 5096 4678 4791 4455 4630 4542 5360 
5182 4225 5141 5094 4814 5196 4649 5234 4984 5073 5095 4788 5257 4754 5612 5279 4789 4877 5480 4943 5053 5101 5190 4425 5334 5368 5164 4980 5012 5106 4909 4702 5157 5107 4747 4438 4862 5209 5120 4429 5244 5058 5290 4943 4952 5247 5103 5228 4960 5104 4373 5281 4981 5338 4513 5372 4812 4729 4756 5334 5071 5323 5111 5419 5049 4991 5140 4899 4819 4981 5023 5356 5260 5189 4981 5145 4988 5476 4746 5470 4953 4928 4877 5206 4895 4534 5060 4923 4983 4878 5167 4813 5317 5425 5242 5245 5194 5251 4860 5221 4901 5173 5026 4699 5197 5107 5030 4957 4963 5256 4822 5121 4981 4910 5042 5096 4653 4883 4704 5375 4979 5378 4672 4909 4973 4829 5345 4687 4904 4863 4916 5159 4608 5133 5056 4890 4726 5183 4908 5455 5125 5069 4568 5078 4998 4887 5051 4727 5195 4924 4851 5112 4976 5229 5026 5204 5012 5056 4685 5319 5389 5322 4930 5141 4834 5179 5180 4372 5100 5092 4924 4965 4994 4767 5111 5009 4963 5166 4939 5397 4915 4798 4904 5309 5306 5313 4787 5064 5140 4884 4457 4819 5125 4721 4953 5276 4843 4869 5035 4975 5086 5231 4800 4778 5023 4993 5037 4950 5538 4796 5091 5156 5255 4800 4789 5156 5213 4681 5274 5283 5160 4953 5575 4876 4998 5350 5179 4980 5619 5195 5398 5303 5312 5102 5510 4754 5037 4832 5162 4809 4870 4838 5088 5252 4974 4887 4574 4655 4830 5519 
4718 4197 4698 4375 4478 4861 4300 4750 4654 4647 4642 4487 4848 4466 4751 4775 4531 4650 5179 4307 4724 4463 4699 4146 5075 4790 4598 4570 4588 4701 4840 4378 4482 4830 4541 4383 4328 4845 4817 4033 4717 4598 4637 4115 4410 4483 4884 4860 4629 4906 4230 4521 4784 4766 4583 5010 4479 4406 4468 4723 4875 4687 4824 5049 4835 4708 4951 4358 4748 4572 4671 4732 4828 4737 4950 4701 4339 4921 4292 4934 4327 4777 4527 4812 4762 4614 4772 4590 4774 4734 4722 4538 4708 4818 4867 4492 4387 4460 4675 4719 4569 4722 4257 4456 4794 4712 4528 4704 4436 4703 4418 4800 4745 4722 4426 4595 4157 4493 4513 4955 4409 4943 4432 4627 4474 4571 4734 4323 4698 4813 4425 4730 4526 4552 4960 4628 4602 4747 4638 4874 4733 4755 4317 4477 4568 4655 4691 4516 5083 4420 4368 4859 4696 4638 4861 4799 4439 4482 4387 4940 4908 5057 4809 4586 4530 4633 4869 4260 4784 4640 4606 4613 4426 4195 4800 4877 4662 4865 4362 4988 4892 4402 4704 4624 4764 5141 4397 4726 4627 4722 4044 4210 4735 4492 4496 4769 4260 4689 4330 4881 4702 4773 4257 4516 4569 4688 4598 4449 4970 4273 4764 4468 4827 4394 4697 4763 4743 4563 5123 4869 4771 4631 4630 4631 4539 5123 4477 4716 5157 4759 4882 4982 5093 4593 5036 4544 4854 4676 4841 4671 4440 4434 4875 4768 4829 4778 4295 4312 4786 4989 
5133 4265 5097 5249 4773 5103 4910 5309 5380 5192 5047 4958 5116 5025 5227 5209 5031 5152 5639 4944 4931 5195 5139 4728 5543 5129 5393 4895 5273 5051 4936 4708 5275 5376 4707 4811 4835 5137 5204 4273 5287 4919 5386 4913 4995 5239 5378 5221 5078 5128 4468 5098 4885 5268 4891 5491 4498 4969 4649 5350 5252 5344 5346 5385 5230 5248 5559 4802 4970 4845 5264 5121 5137 5449 4956 5060 4793 5249 4945 5340 4998 4979 4824 5008 4910 5048 5038 5168 5185 5110 5237 4985 5321 5126 5111 5282 5166 5042 5058 5326 4936 5181 4706 4729 5016 5203 5262 4949 4956 5023 4690 5202 5161 5234 4932 5101 4475 4940 4827 5462 4939 5306 5043 5074 4935 5226 5106 4821 4958 4984 4965 5528 5186 5234 5136 4904 4892 5222 4822 5462 5161 5224 5122 5006 5124 4981 5156 5019 5177 5013 4923 5192 4889 5121 5112 5432 5163 5015 4732 5148 5292 5593 5127 5338 4930 5231 5322 4558 5313 5016 5137 4846 4989 4996 5335 5166 5047 5129 4759 5657 5019 4799 5244 5349 5235 5404 4957 4988 5208 5031 4638 5007 5139 5077 5028 5235 4838 5029 4712 4989 5305 5225 4728 4736 4865 5195 4856 4965 5584 4750 5079 5162 5148 4732 4981 5141 4978 4734 5621 5058 5255 4886 5425 5091 4742 5316 5063 5110 5413 5132 5398 5153 5327 4798 5714 4709 4993 4848 4892 4973 4825 4691 5155 5194 5234 4912 4719 4912 4949 5721 
5286 4545 5430 5116 4860 5069 4941 5158 5202 5050 5105 4707 5026 5024 5179 5119 4626 5258 5309 4956 4967 4782 4858 4586 5077 5091 4945 4653 5035 4891 5073 4840 5346 5097 4864 4438 4777 5051 5022 4303 4966 4687 5195 4817 4848 5001 5241 5315 5287 4907 4672 4913 5139 5205 4776 5159 4680 4628 4782 5199 5193 5256 5339 5045 4953 5203 5173 4569 5046 5080 5042 5174 5156 5205 4949 4764 4874 5328 4550 5285 4861 5077 4847 5000 4857 4804 4952 4842 5019 5139 5209 4980 5340 5040 4916 4973 5047 4861 4916 5143 4717 5061 4596 4812 4807 5237 4943 4928 4703 5366 4486 5205 5021 5184 4805 4949 4510 4764 4650 5109 4833 5248 4745 4907 4734 4965 5166 4816 4889 4871 4503 5283 5197 5188 4995 4762 4687 5094 4630 5327 4784 5291 4523 4825 5028 4678 5028 4714 5128 4522 4572 4850 4890 4929 5170 5151 4765 4746 5026 5351 5326 5226 5129 5003 5105 5316 5065 4356 5091 5021 4997 4634 5090 4633 5002 4874 4931 4931 4911 5408 4813 5087 5002 5117 5188 5296 4448 4874 5124 4925 4687 4869 4847 4731 4730 5195 4686 5089 4655 5147 5058 5199 4812 4868 4978 5208 4959 4711 5462 4523 4832 4636 4782 4732 4906 4925 4797 4561 5274 4876 5008 4822 5278 4767 4913 5051 4980 5444 5318 5113 5133 5046 5324 4797 5722 4506 4957 4748 5060 4834 4820 4515 5022 5216 4751 5040 4888 4842 4897 5575 
4955 4432 5219 4970 4858 5077 4795 5138 5056 4925 5053 4844 5115 4875 5244 4867 4708 5061 5478 4822 4859 5028 4975 4486 5419 5210 4928 4960 4852 4830 4804 4747 5039 5160 4869 4610 4680 4935 5176 4371 4673 5106 5048 4678 4914 5081 5052 5375 4665 5110 4664 5078 4949 5019 4829 5251 4905 4816 5006 4945 4927 5099 5075 4938 4813 5004 5198 4868 5121 4638 4913 4936 5133 4962 5288 4727 4716 5368 4722 5272 4813 5015 4796 4915 4883 4807 5016 4960 4883 5254 5140 4825 5248 5155 4788 5245 5078 4731 4940 4973 4788 4990 4708 4848 4867 5180 4985 4981 4966 5041 4576 5194 5023 5108 5098 5063 4602 4840 4522 5302 4883 5101 4892 4816 4852 4973 5117 4523 4879 4866 4607 5069 5023 4840 5167 4763 4885 5122 4630 5271 4946 5166 4722 5018 4806 4961 4985 4923 5326 4897 4683 5038 4800 5087 5061 5041 4924 4986 4893 5578 5389 5436 5052 5188 4924 4929 4961 4650 4989 4959 5102 4597 4907 4999 5232 5027 4832 5030 4800 5357 4703 4774 4843 4849 5062 5374 4842 5018 5061 4899 4465 4901 5058 4936 4821 4781 4723 4728 4775 5068 5037 5197 4972 4977 4863 5056 4764 4693 5484 4772 5024 4837 5006 4573 4716 4809 4919 4686 5300 5114 4921 5024 5210 4835 4759 5167 4962 5017 5313 4872 5292 5247 5427 5069 5461 4707 4972 4956 5129 5041 4522 4850 5432 5144 4891 4952 4701 4605 5029 5374 
5155 4581 5267 5133 4704 5042 4602 5251 4944 4963 4977 4717 5188 4648 5324 5062 5089 4956 5300 4810 4922 4865 5299 4559 5296 5156 5283 4881 4864 4831 4860 4905 5259 5074 4897 4802 4786 5055 5025 4170 5245 4769 5123 4702 4829 4973 5004 4952 5257 5075 4670 4956 4766 4999 4867 5292 4496 5026 4742 5209 5444 5163 5447 5110 4876 4838 5067 4506 4947 5285 5161 5041 5120 5198 5035 4722 4776 5035 4707 5382 4825 5052 4638 5020 4952 4981 4802 4827 4947 4834 5204 4770 5220 5052 5022 5284 4992 4632 4972 5239 4711 5051 4743 4690 5142 5075 4855 4806 4532 5185 4449 5111 5050 5271 4847 4937 4895 4868 4618 5029 4997 5369 4858 4813 4687 5058 5033 4554 4840 5014 4588 5113 4882 5058 5299 4542 4600 5300 4706 5321 4837 5153 4753 5091 5263 4865 5224 4699 5116 4854 4519 4932 4726 5324 5123 5106 5028 4719 4794 5239 5094 5345 4936 5269 4836 5126 4843 4420 5492 4888 5100 4726 4904 4696 5134 5040 4877 5337 4945 5127 4743 4634 5006 4950 5141 5532 4894 5282 5074 4970 4535 4691 5251 4650 4805 5198 4504 4955 4566 5058 4979 5216 4914 4673 5114 4863 4745 4671 5474 4812 4913 4967 4925 4742 4936 5175 4986 4733 5358 5206 5180 5098 5094 4703 5018 5393 4755 5054 5268 4965 5207 5267 5462 4955 5329 4791 5196 4795 5040 4984 5062 4844 5139 5266 4754 4850 4764 4692 4836 5569 
5739 5050 5664 5699 5130 5635 5297 5558 5739 5582 5926 5033 5659 5515 5688 5509 5495 5682 6039 5290 5346 5360 5559 5122 5978 5861 5770 5373 5343 5522 5690 4958 5527 5931 5375 5246 5359 5785 5590 4657 5824 5480 5727 5358 5645 5861 5626 5846 5347 5717 5066 5718 5425 5649 5330 5728 5015 5319 5313 5828 5720 5505 5739 5989 5564 5462 5477 5174 5567 5512 5834 5760 5955 5619 5461 5286 5313 5625 5270 5996 5376 5568 5530 5548 5535 5640 5441 5304 5584 5446 5967 5778 5733 5893 5471 5418 5740 5304 5428 5559 5223 5500 4981 5165 5370 5465 5300 5427 5330 5742 5270 5889 5427 5577 5350 5719 5069 5244 5318 5753 5189 5770 5497 5359 5224 5443 5591 4950 5595 5436 5021 5746 5569 5479 5790 4895 5219 6094 5254 5976 5569 5889 5516 5618 5466 5564 5559 5278 6088 5158 5157 5265 5338 5555 5701 5873 5361 5374 5565 5790 5883 5876 5611 5563 5642 5440 5654 5289 5595 5502 5584 5166 5492 5188 5626 5716 5487 5667 5444 6070 5579 4913 5884 5598 5804 5837 5168 5406 5935 5283 4832 5173 5598 5282 5218 5756 5119 5526 5014 5668 5714 5506 5246 5292 5621 5504 5589 5273 6043 5215 5539 5534 5483 5199 5483 5498 5604 5374 5689 5706 5622 5480 5803 5493 5395 5542 5467 5577 5606 6001 5785 5960 5903 5627 6394 5249 5620 5416 5628 5650 5244 5233 5549 5545 5392 5505 5296 5139 5585 6076 
5279 4667 5301 5259 4932 5373 4816 5152 5391 5088 5107 4981 5235 4994 5305 5065 5076 5473 5447 5090 5141 5234 5306 4829 5248 5517 5267 5105 5154 5191 5256 4926 5310 5110 5022 4826 4913 5472 5427 4565 5107 5234 5287 5031 5166 5360 5412 5409 5310 5374 4770 5294 5303 5130 4791 5416 5038 5024 5072 5486 5423 5497 5408 5424 5054 5368 5256 5020 5175 4949 5197 5530 5290 5390 5228 5035 5252 5508 4848 5617 5177 5213 5133 5153 4875 5054 5079 5042 4929 5095 5451 4922 5425 5377 5468 5230 5080 5097 5210 5390 4947 5396 4806 4887 5095 5397 5073 5143 4957 5415 5035 5410 5262 5446 5043 5081 5026 5138 4893 5377 5244 5394 5110 4877 4966 5119 5315 4816 5001 5268 4847 5527 5213 5255 5311 4893 4984 5423 4938 5629 5134 5306 4658 5020 5365 5116 5236 4741 5463 4910 4956 5188 5084 5201 5491 5403 5009 4951 5086 5387 5281 5449 5264 5363 4994 5139 5273 4434 4962 5181 5136 4925 5222 5101 5248 5236 5201 5250 4818 5416 5083 5010 5283 5239 5500 5711 4853 5187 5232 5247 4932 4913 5330 5104 5081 5229 4889 5115 4899 5236 5185 5705 4840 4925 5140 5416 4948 4908 5795 5023 4909 4886 5160 4798 5046 5254 5253 4849 5565 5225 5151 5265 5673 5077 5175 5316 5122 5159 5721 5239 5495 5645 5921 5152 5599 4922 5121 5020 5225 5089 4743 4860 5117 5296 5038 5105 4974 4894 5118 5731 
5253 5175 5581 5115 4979 5463 4837 5317 5222 5139 5570 4984 5250 5008 5276 5420 5069 5381 5415 5304 5010 5194 5407 4758 5708 5739 5387 4935 5329 5208 5345 5160 5392 5256 5312 4896 4866 5450 5205 4631 5319 5087 5200 5018 5043 5330 5477 5342 5298 5001 4960 5505 5220 5073 5178 5469 4934 5125 5130 5572 5696 5496 5316 5629 5314 5245 5442 4672 5148 5516 5333 5464 5654 5116 5247 5234 5268 5365 4970 5772 5122 5457 5180 5313 5303 5358 5234 4909 5241 5150 5302 5234 5514 5463 5399 5585 5321 4874 5275 5368 5109 5116 4777 5042 5035 5539 5222 5182 5230 5511 4877 5655 5321 5497 5214 5488 5134 5133 5138 5330 4850 5770 5026 5042 4912 5121 5210 4767 5374 5094 4820 5204 5283 5270 5520 4873 4784 5608 5087 5806 5277 5519 5219 5251 4828 5067 5319 4904 5669 4995 5012 5405 5096 5148 5453 5553 5190 5279 5164 5431 5693 5676 5436 5252 5089 5210 5494 4782 5183 5133 5018 4919 5258 4714 5631 5100 5086 5588 4986 5828 5174 4825 5350 5373 5293 5554 4859 5269 5482 5450 4759 5064 5380 5300 5155 5320 4847 5233 5265 5444 5312 5246 5074 5029 5155 5001 5089 4814 5606 5013 5343 4989 5336 5215 5121 5490 5173 5028 5352 5494 5266 5337 5435 5213 5151 5652 5106 5359 5518 5410 5291 5852 5769 5111 5843 5137 5505 5305 5336 5432 5211 5002 5467 5303 5067 5218 5112 5089 5132 5805 
4926 4620 4950 5018 4672 4866 4719 4912 4985 4911 4912 4635 4829 4704 4991 4742 4883 4885 5083 4518 4681 4592 4980 4379 5188 4999 4944 4666 4814 4848 5059 4572 4958 4879 4619 4372 4757 5008 4885 4290 5218 4928 4736 4822 4966 5037 4823 5173 4906 4994 4524 4955 4772 5070 4399 5072 4604 4729 4490 4925 5136 4953 4995 4929 4688 4787 5005 4330 4963 4832 4566 5052 5083 5045 4940 4459 4598 5161 4634 5436 4907 4795 4825 4711 4628 4803 4869 4636 4663 4681 4901 4578 4925 5027 5000 5007 5031 4519 4665 4863 4652 4849 4742 4481 4924 4980 4715 4839 4564 4916 4482 4878 4834 5305 4570 4870 4467 4806 4602 4929 4742 5148 4600 4795 4592 5075 4826 4564 4630 4957 4643 5038 5040 4815 4953 4630 4892 5249 4677 5122 4785 4895 4493 4855 4797 4759 4904 4685 5409 4612 4577 4869 4746 4975 4836 5042 4649 4998 4717 4975 4984 5259 4842 5225 4771 5037 4868 4559 5028 4835 4940 4863 4812 4672 5082 5087 4762 4781 4664 4915 4720 4347 4831 5177 5279 4877 4581 4930 4849 4801 4421 4632 5043 4816 4819 4886 4553 4789 4497 4947 5016 4830 4694 4530 4978 4863 4571 4278 5250 4375 4997 4770 5069 4480 4758 5072 4827 4426 5312 4991 5082 4983 5012 4667 4854 5261 4778 5031 5259 4839 4977 5196 5179 4638 5450 4687 5015 4865 4861 4857 4769 4395 5020 5021 4804 4660 4616 4580 4749 5413 
4955 4317 5095 4875 4594 4913 4781 4961 5138 4821 5018 4723 5029 4513 5356 4990 4839 5122 5177 4611 4812 4858 4803 4357 5230 5005 4605 4661 5027 4757 5160 4405 5209 4926 4864 4384 4717 5149 4966 4340 4878 4711 5248 4473 4666 4947 5248 5282 4620 4668 4489 4901 5085 5096 4881 5216 4851 4829 4724 5141 5102 4930 5103 5294 4786 4900 5157 4534 5107 4863 4813 5126 5269 5045 5066 4610 4725 5264 4595 5314 4863 5159 4561 4890 4970 4763 4857 4667 4476 4801 5057 4740 4845 5266 4991 4981 4823 4406 4472 4865 4819 5062 4724 4828 4905 5220 4697 4874 4651 4922 4745 5436 5116 5031 4832 4991 4729 4929 4515 5373 4802 5206 4569 5093 4825 5101 4875 4385 4900 4862 4552 5158 5260 4788 4871 4691 4907 5040 4427 5187 5053 5232 4822 4733 4960 4816 4807 4615 5158 4435 4924 5332 5040 4881 5026 5062 4680 4897 4597 4885 5156 5124 4921 5498 4906 5041 4948 4362 5153 4659 5040 4909 4879 4803 5284 5162 4815 5066 4763 5454 4923 4553 5096 4769 4966 5242 4819 4805 5064 4948 4500 4759 5198 4986 4522 5016 4708 5020 4802 5339 4923 4832 4625 4577 4943 4946 4775 4610 5258 4712 4950 4840 4587 4726 4681 4967 5077 4624 5135 5131 4909 5050 4942 5059 4911 5238 4736 5181 5420 5246 4897 5300 5108 5135 5500 4643 4971 4774 4938 5086 4677 4682 4999 4977 4884 5004 4633 4727 5046 5381 
4418 4315 4891 4924 4604 4750 4316 4958 4709 4592 4945 4598 4561 4436 4926 4667 4828 4815 5152 4490 4508 4842 4665 4155 4934 4660 4475 4410 4720 4795 4658 4628 4736 4811 4639 4429 4550 4845 4623 4120 4813 4656 5017 4565 4528 4660 4907 5153 4643 4698 4410 4958 4724 4822 4530 5001 4372 4628 4513 4980 4908 4694 4981 4769 4607 4505 4711 4436 4520 4628 4717 4814 4849 4642 4604 4381 4447 5082 4545 4948 4692 4742 4614 4732 4600 4774 4844 4540 4504 4750 4667 4751 5018 4952 4643 4958 4645 4336 4409 5001 4415 4739 4433 4588 4660 4708 4621 4792 4397 5019 4186 5120 4792 4920 4655 4614 4435 4656 4498 4969 4592 4962 4487 4636 4393 4857 4550 4316 4578 4578 4431 4756 4886 4866 4717 4608 4346 4916 4667 5008 4707 4960 4641 4808 4582 4782 4642 4545 4929 4500 4679 4543 4275 4886 4936 4929 4675 4627 4498 5011 4981 5099 4693 4868 4747 4929 4915 4206 4803 4294 4751 4378 4559 4516 5042 4771 4680 4783 4429 4882 4623 4426 4888 4871 4972 5277 4334 4584 4671 4632 4363 4795 4613 4666 4635 4858 4467 4822 4401 4821 4730 4821 4452 4867 4735 4613 4586 4352 5198 4558 4662 4610 4502 4418 4480 4843 4843 4393 4904 4857 4760 4783 4813 4400 4699 4942 4623 4623 4905 4905 4947 5181 4898 4693 5030 4469 4874 4706 5030 4683 4708 4571 4798 4736 4605 4716 4573 4407 4850 5097 
5003 4325 4893 4768 4540 5036 4281 4710 4560 4671 4885 4644 4850 4680 5123 4897 4620 4816 5082 4910 4740 4527 4672 4387 4873 5104 4517 4633 4659 4776 5118 4367 4866 5085 4600 4321 4626 4947 4736 4211 4821 4749 4918 4709 4387 5131 4634 4927 4600 4883 4214 4688 4661 4790 4636 4943 4382 4727 4496 4718 4963 4969 4659 4987 4771 4729 4845 4593 4779 4542 4645 4759 4870 4710 4802 4491 4764 5070 4415 5262 4639 4859 4560 4629 4392 4545 4846 4453 4631 4649 5054 4764 4945 5035 4790 4823 4783 4750 4715 5002 4523 4906 4691 4500 4416 4891 4660 4520 4249 5071 4567 4882 4850 4863 4685 4735 4328 4521 4546 4940 4722 5064 4410 4505 4677 4626 4839 4317 4524 4804 4167 5040 4854 4745 4732 4595 4467 5037 4313 5111 4917 4845 4421 4812 4753 4724 4866 4392 4921 4564 4437 4817 4834 4884 4867 5000 4571 4717 4571 4820 5033 4869 4655 4875 4766 5005 4850 4368 4828 4665 4806 4550 4908 4314 4936 4995 4729 4803 4527 4952 4558 4571 4953 4747 5169 5063 4442 4770 4876 4658 4478 4291 4743 4689 4580 4884 4731 5078 4333 4464 4760 4931 4555 4270 4574 4869 4544 4649 5270 4634 4794 4694 4818 4375 4605 4980 4790 4548 4923 5068 5069 4829 5197 4709 4912 4893 4747 4669 4990 4892 4958 5180 4988 4739 5596 4566 5049 4582 4776 4804 4523 4345 4450 4764 4675 4520 4279 4755 4614 5177 
4982 4489 5185 4978 4502 4939 4442 4901 5295 4872 4962 5031 5087 4670 5173 4899 4884 5020 5262 4793 5018 5081 5030 4405 5329 4983 4892 4829 4730 4931 4900 4810 4926 5294 4967 4411 4665 5276 5086 4421 4896 4677 5009 4794 4776 4905 5019 5166 4685 5147 4550 4962 5134 5141 4745 5003 4842 4865 4906 4953 5319 5079 5103 5187 4847 5014 5191 4721 4866 4929 4780 5087 5140 5035 5034 4658 4680 5331 4842 5303 4836 5189 4755 4815 4718 4796 4730 4989 4941 5061 5105 4644 5281 5277 5170 4977 5004 4929 4973 5193 4743 4882 4395 4572 5024 5026 4961 4935 4748 5021 4509 4949 5163 5061 4661 4764 4846 4993 4562 5218 4806 5280 4650 4836 4947 4756 4995 4563 4925 5052 4587 5182 4871 5019 4931 4994 4662 5212 4597 5316 4997 5189 4676 4771 4692 4844 4916 4605 5357 4630 4910 4978 5101 4863 5032 5308 4903 4783 4682 5092 5204 5233 5108 5325 4616 4894 5152 4399 4966 5074 4958 4706 4780 4708 5304 4986 5187 5189 4673 5395 4887 4706 4898 4884 5234 5218 4513 4928 4986 4905 4552 4748 4941 4769 4546 4871 4867 5020 4766 4945 5083 5039 4916 4997 4729 5185 4743 4743 5507 4626 5096 4798 4980 4690 4771 4994 4694 4604 5360 5289 4981 4994 5030 5063 4901 4975 4858 5056 5380 5121 5203 5048 5410 5066 5452 4645 4911 4886 5231 5081 4909 4664 5260 5020 4886 5156 4887 4809 4791 5251 
4758 3943 4993 4719 4815 5043 4510 4722 4892 4852 5232 4881 5142 4633 5226 4909 4519 5105 5351 4763 4973 4947 5081 4517 5104 5000 5011 4644 4873 4815 5181 4459 5168 4800 4614 4376 4601 4973 4968 4371 4910 4915 5044 4691 5108 5072 5136 5049 4730 4827 4309 5111 4780 4847 4784 5373 4520 4805 4587 4979 4958 5017 4834 5288 4876 5098 5044 4620 4889 4973 5087 5044 5027 5237 4933 4738 5036 5177 4690 5218 4857 5104 4776 4893 4827 4976 4826 4637 4712 4763 5057 4684 5113 5172 4846 4732 4799 4789 4935 5002 4812 5110 4719 4630 4954 4994 5114 4968 4787 4978 4431 5106 5043 5064 4743 4722 5012 4500 4718 4973 4867 5091 4716 4739 4779 4838 4944 4713 4817 4829 4439 5054 4913 5013 5018 4737 4721 5044 4614 5191 5051 4954 4614 4769 4916 4913 4894 4783 5122 4702 4585 5067 4786 5258 5064 4991 4930 4878 4590 4867 5098 5455 4598 5287 4820 5081 4975 4548 4997 4910 5064 4709 4732 4625 5170 5242 4840 5090 4813 5402 4744 4879 5024 4768 5068 5184 4627 4860 4993 5001 4509 4640 4930 4561 4542 5120 4561 4775 4763 4949 5063 5117 4628 4722 4664 4763 5034 4839 5328 4664 4813 4971 5037 4256 4837 4850 5081 4616 5487 4977 4890 5071 5292 4859 4766 5010 4949 4948 5343 4955 5041 5048 5133 4882 5374 4683 4934 4712 5103 4695 4538 4544 4732 5156 4769 4789 4813 4686 4985 5340 
4921 4521 5129 4949 4691 4877 4492 4872 4991 4894 4803 4604 5018 4715 4954 4823 4782 5133 5157 4729 4871 5094 4769 4492 5091 4970 4987 4969 4674 4880 4997 4522 5046 5074 4629 4422 4702 4835 5000 4283 4840 4692 4882 4901 4686 5098 5302 5199 4740 4840 4254 4976 4947 4979 4904 5011 4455 4684 4419 5272 4935 5118 5211 4899 4896 4865 5318 4515 4898 4809 5173 5080 5007 4909 4867 4725 4728 5114 4645 5191 4715 5049 4810 4708 4880 4872 4850 4823 4696 4776 5192 4817 5270 4956 4796 5075 4988 4664 4752 4969 4607 4950 4529 4356 4848 4891 4999 5066 4805 5169 4669 5037 5045 5100 4825 4926 4666 4717 4498 5022 4683 5358 4815 4779 4692 4951 5010 4728 4897 4624 4681 5089 4922 4863 4777 4593 4643 5136 4365 5161 5058 5060 4709 4893 4544 4819 5217 4641 5006 4598 4643 4604 4829 4949 5090 5016 5085 4823 4659 5069 5114 5129 5102 5191 4772 4978 4734 4305 5152 4917 4894 4585 4599 4764 4975 4830 4915 5058 4718 5406 4714 4823 4985 4868 5258 5169 4540 4563 4779 4784 4519 4515 4853 4722 4637 5141 4405 4759 4763 4987 5192 4982 4470 4757 4781 4945 4740 4770 5188 4415 4918 4653 4775 4530 4713 5026 4785 4564 5110 4930 4800 4928 4942 4674 4792 5035 4710 5102 5021 5133 5294 5197 5182 4720 5561 4706 4873 4680 5086 4719 4651 4390 5108 5130 4706 4807 4690 4639 4722 5650 
5067 4563 5149 5075 4731 5341 4658 5035 5189 4943 4814 4891 5120 4545 5227 5012 4906 5153 5331 4987 4992 5073 4938 4583 5283 4987 5144 4801 4784 4939 4957 4574 4934 5199 4909 4511 5078 5168 5403 4512 5086 5036 5063 4707 5111 5187 5082 5281 4915 5054 4657 5068 5032 4876 4826 5268 4590 4834 4781 5350 5145 4996 4911 5204 5032 5044 5164 4750 5135 4998 5242 5271 5070 5040 4901 4847 4864 5583 4809 5431 5043 4962 4749 5053 4769 4707 5012 4791 4676 5134 5161 4821 5205 5270 4859 5158 4998 4842 5075 5386 4692 5332 4553 4636 5004 4950 5088 4947 4872 5143 4645 5107 5075 5150 4823 4773 4827 4751 4820 5237 4953 5304 4875 5004 5241 5040 5080 4603 4980 4851 4799 5211 5158 4934 5146 4799 4751 5286 4851 5389 5114 5314 4585 5077 4996 5074 5057 4972 5267 4741 4684 5189 5080 5051 5031 4939 4800 4822 4642 5395 5176 5301 4983 5388 4838 5161 4909 4618 5215 5140 5045 4870 4933 4769 4938 5265 4845 5189 4936 5401 5006 4635 5151 4983 5111 5392 4571 4709 5020 5009 4615 4676 5030 4863 4819 4989 4886 5060 4702 5176 5149 5360 4979 4717 5082 5162 4871 4604 5455 4765 5087 4917 5049 4681 4831 5089 5205 4853 5545 5356 4960 5188 5307 4753 4819 5452 4957 5179 5265 5081 5239 5408 5289 5018 5657 4698 5123 4818 5118 5175 4757 4811 5103 4983 4972 5203 4876 4747 4874 5761 
5479 4764 5477 5176 5060 5306 4828 5325 5238 5193 5537 5018 4941 4854 5459 5503 5115 5447 5524 5118 4973 5157 5158 4789 5627 5426 5343 4799 5094 5583 5528 4660 5243 5272 5228 4492 5001 5385 5249 4597 5508 5040 5444 5081 4960 4918 5306 5004 5403 5327 4891 5152 5258 5270 5073 5706 4771 5076 4837 5444 5388 5358 5244 5597 4878 5387 5238 4904 5193 4984 5195 5391 5281 5203 5273 5035 5070 5685 4765 5461 4786 5344 4964 5392 4887 5031 5335 4997 5135 5113 5478 5134 5151 5542 5462 5352 5167 4937 4990 5367 5475 5286 4834 5146 5240 5318 5091 5286 5038 5512 5155 5514 5342 5520 5236 5156 5044 5206 5140 5325 5083 5628 4893 5128 5248 5006 5406 4771 5126 5242 4957 5207 4893 5128 5292 5161 5114 5381 5175 5793 5081 5386 4869 4984 5159 4989 5309 4885 5626 5183 5282 5329 5270 5401 5289 5209 5293 5370 4925 5482 5289 5759 5150 5163 5056 5325 5376 4705 5495 5470 5414 5043 5257 4781 5466 5533 5138 5269 4902 5664 5132 4931 5165 5311 5523 5574 4835 4996 5363 5054 4663 4840 5399 5215 5111 5259 4925 5295 5148 5481 5100 5675 4811 4766 5110 5046 5104 4697 5523 4820 5238 5240 5094 4905 5161 5164 5383 4844 5559 5303 5512 5256 5695 5200 5300 5694 5228 5304 5956 5425 5420 5384 5490 5285 5855 4947 5463 5331 5032 5280 4786 4996 5409 5455 5078 5263 5033 4928 5264 5757 
5573 4737 5480 5479 5139 5456 4991 5482 5695 5307 5312 5060 5325 4952 5647 5372 5303 5294 5650 5403 5250 5229 5261 4954 5501 5298 5356 5180 5090 5247 5420 4932 5604 5325 5245 5111 4943 5542 5261 4546 5204 5183 5422 5064 5557 5305 5402 5578 5209 5473 4875 5589 5336 5306 4960 5650 4769 5394 4859 5720 5391 5406 5660 5703 5185 5311 5324 5014 5201 4907 5530 5472 5287 5426 5610 5161 5138 5619 5178 5770 5137 5164 4956 5261 5042 5501 5302 5177 5127 5219 5419 5296 5505 5504 5376 5479 5185 4652 5296 5797 5135 5553 4946 4999 5215 5293 5297 5340 4929 5691 5077 5592 5186 5249 5185 5230 5114 5386 4803 5656 5308 5547 4964 5092 5189 5282 5103 5087 5042 4904 5050 5448 5159 5238 5309 4913 5314 5762 4842 5508 5432 5441 5040 5412 5274 5037 5588 5231 5689 5265 5163 5418 5324 5369 5492 5459 5257 5086 5036 5603 5667 5580 5119 5655 5100 5095 5448 4785 5366 5424 5365 4950 5184 4901 5630 5420 5290 5360 5152 5737 5345 5017 5389 5193 5291 5586 4920 5330 5479 4989 4794 5167 5190 5139 4916 5273 4917 5114 5208 5378 5321 5425 5049 4965 5209 5527 4941 5118 5834 5197 5458 5144 5229 4825 5133 5595 5351 5078 5431 5495 5302 5271 5439 5224 5142 5700 5121 5456 5531 5488 5704 5352 5680 5363 5741 4950 5356 4897 5287 5136 5048 5080 5191 5642 5096 5104 5168 4989 5184 5825 
5083 4516 5191 5049 4741 5057 4923 5037 5406 4723 4861 4693 5002 4737 5104 4972 4790 5004 5272 4892 4679 4826 4919 4252 5177 4916 4886 4930 5000 4854 4911 4639 5434 5095 4715 4498 4678 5140 5271 4403 5108 4899 5116 4881 5065 5112 4847 5180 4770 4822 4545 5098 5210 5134 4863 5099 4481 4586 4962 5177 5181 4989 5213 5213 5077 4858 5056 4479 5013 4997 4887 5354 4947 4826 5022 4597 4934 5163 4669 5140 4957 4908 4751 4732 4904 4912 5006 4525 4747 4909 5132 4804 5111 5059 5008 4953 4925 4796 5002 5158 4749 5112 4727 4625 5001 4873 4905 4733 4537 5194 4492 5376 4948 5456 4784 4891 4811 4719 4441 4978 4971 5093 4972 4745 4865 4799 4775 4719 4738 5156 4691 5231 4997 5009 5031 4480 4675 5416 4838 5308 4818 5205 4591 4712 4825 4727 4900 4814 5255 4484 4755 4965 4651 5274 4986 5171 4728 4783 4690 5282 5212 5339 4998 5277 4849 5150 5013 4224 4937 5289 4984 4584 4921 4679 4894 5104 4701 5019 4657 5292 4704 4757 5152 4885 5243 5253 4545 4782 5182 4697 4295 4798 4938 4803 4915 5068 4636 4713 4808 5094 5227 5173 4927 4786 4737 5023 4940 4664 5218 4775 4882 4783 5051 4546 4854 4758 5031 4749 5254 5145 5190 4736 5285 4534 4730 5141 4812 5055 5348 5230 4947 4935 5372 5067 5387 4636 5054 4794 5346 4845 4805 4439 5086 5121 4601 5080 5115 4802 5043 5182 
4928 4266 5163 5096 4731 5228 4613 4955 5100 5055 4833 4731 4951 4936 5253 5117 4938 5092 5096 4957 4978 4890 4898 4373 5041 5159 4925 4738 4716 4798 5180 4666 4946 5240 4805 4590 4954 5144 4920 4236 5003 4880 5125 4766 4870 4895 5129 5144 4882 5250 4351 4958 4767 5078 4833 5082 4627 4850 4802 5070 5212 5227 4862 5322 4964 5182 5175 4559 5016 4856 4974 5344 4931 5160 4762 4853 4783 5350 4598 5292 4858 4912 4582 4744 4926 5078 5073 4554 4811 4845 4884 4732 5334 5064 5016 5019 5150 5046 4769 5160 4582 4889 4543 4552 4682 5156 4862 4809 4643 5096 4591 4906 4642 5160 4845 4867 4575 4632 4591 4955 4718 5290 4752 4640 5056 4685 5075 4509 4723 5009 4470 5099 4955 5109 5104 4794 4778 5202 4571 5278 4720 5101 4591 4709 4704 4757 4835 4870 5157 4713 4559 4775 4670 4906 5049 5111 4730 4916 4445 5084 5204 5268 4986 5219 4962 5022 5031 4453 5132 4850 4981 4943 4950 4854 4854 4969 4747 5068 4669 5081 4969 4866 5033 4990 5195 5353 4674 4697 5016 4913 4611 4649 4939 4766 4706 5048 4721 4921 4676 4652 5052 5136 4903 4752 4850 4877 4776 4658 5598 4527 4962 4817 5129 4853 4926 4887 4919 4645 5398 4967 5082 4870 5055 4686 4798 5027 4807 4812 5260 5050 5080 5210 5346 4956 5521 4734 4911 4851 5220 4971 4803 4533 4785 5019 4900 4879 4493 4598 4917 5457 
5087 4561 5445 4988 4903 5312 4947 5410 5252 5059 5234 4918 5307 4940 5336 5096 5041 5185 5526 5085 5043 5148 5110 4568 5805 5431 5029 4964 5002 5282 5191 4748 5202 4998 4918 4702 4875 5770 5389 4537 5500 4998 5356 5012 5060 5130 5620 5110 5014 5406 4933 5161 5159 5400 4729 5671 5078 4956 4900 5352 5730 5164 5331 5486 5084 5261 5198 4745 4985 4939 4957 5349 5353 5175 5207 4999 4866 5556 4817 5555 4949 5403 5090 5168 4771 4907 4974 5232 4979 5272 5275 5116 5313 5563 5253 5219 5088 4946 4900 5591 4782 5116 5005 5016 5195 5342 5206 4868 4705 5046 4597 5322 5286 5400 4885 4957 4745 4866 4914 5598 5127 5537 4817 5138 5057 5058 5223 4595 4952 5197 4942 5272 5722 5332 5209 5175 4885 5241 4852 5451 4922 5523 4698 5163 5084 4882 5181 4804 5338 4905 4712 5204 5237 5219 5268 5164 5065 5182 4836 5460 5191 5362 5237 5299 5089 5231 5531 4458 5156 5296 5033 4943 4953 4896 5475 5447 5027 5183 4975 5579 5151 4922 5286 5187 5465 5576 4972 5083 5267 5190 4656 4862 5114 4915 5113 5234 4928 5043 5087 5072 5309 5334 5052 4939 5121 5479 5245 4717 5495 4933 5176 5142 5225 4866 5250 5253 5218 4772 5647 5264 5377 5290 5488 4949 5115 5278 5023 5226 5683 5262 5478 5276 5493 5146 5575 4884 5412 4913 5054 5329 4815 4780 5099 5181 4882 5210 4827 4901 5266 5603 
5444 4962 5287 5490 5191 5409 5003 5543 5454 5238 5261 4974 5538 5107 5322 5288 4973 5294 5508 5103 5091 5384 5273 4761 5568 5590 4980 5173 5077 4977 5299 4995 5659 5309 4881 4723 5062 5552 5231 4724 5271 5133 5420 5214 5221 5446 5501 5656 5268 5319 4886 5641 5341 5491 4913 5391 4817 5147 4695 5426 5279 5149 5416 5405 5262 5357 5488 4851 5310 5196 5531 5537 5296 5396 5416 5171 5075 5593 4977 5366 5241 5331 5127 5491 5098 5421 5297 5233 5049 5220 5653 5369 5590 5513 5301 5497 5279 4882 5134 5399 5169 5300 4982 5015 5306 5578 5187 5449 5299 5402 4754 5569 5138 5590 4980 5290 4892 5238 4768 5320 5081 5501 4950 4912 4935 5314 5457 4778 5037 5105 4940 5456 5363 5099 5270 5027 4931 5573 4908 5635 5416 5574 5046 5150 5254 5179 5486 4964 5682 5162 5234 5255 5175 5230 5371 5447 5198 5240 5174 5729 5638 5489 5355 5389 5212 5187 5323 4770 5336 5277 5343 4904 4998 5027 5376 5405 5519 5591 4978 5507 5352 5145 5275 5430 5374 5556 4990 5352 5366 5267 4734 5267 5324 4999 5179 5245 4958 5170 4975 5351 5724 5162 4955 5069 5243 5667 5103 5031 5619 4984 5594 5242 5392 4839 5070 5306 5379 5137 5578 5494 5284 5312 5630 5138 5236 5622 5176 5357 5599 5328 5530 5489 5531 5318 5805 4946 5553 5360 5416 5256 4915 4975 5449 5338 4997 5146 5077 5062 5394 5762 
5765 4901 5820 5888 5390 5605 5294 5878 5886 5505 5527 5323 5672 5120 5982 5891 5194 5663 5961 5606 5334 5610 5327 5259 5964 5813 5791 5447 5566 5714 5760 5259 5594 5716 5383 5175 5526 5696 5626 5158 5488 5126 5854 5434 5501 5426 5719 6030 5487 5593 5200 5841 5414 5637 5332 5939 5176 5329 5339 5752 5828 5819 5506 5985 5471 5715 5759 5222 5475 5548 5703 5840 5966 5646 5329 5712 5515 6028 5423 5956 5244 5544 5385 5608 5480 5472 5516 5476 5685 5444 5866 5328 5988 5852 5661 5832 5694 5776 5466 5842 5325 5453 5322 5199 5457 5755 5510 5549 5484 5832 5230 5946 5386 5752 5384 5799 5050 5085 5339 5961 5436 6068 5458 5297 5489 5188 5501 5223 5620 5333 5112 5892 5712 5838 5680 5370 5211 5894 5158 5940 5573 5799 5418 5547 5461 5476 5937 5314 5576 5396 5237 5603 5526 5693 5769 5928 5541 5750 5205 5650 5786 5868 5534 5713 5625 5760 5680 5005 5619 5476 5457 5159 5599 5200 5834 5677 5471 5734 5343 6223 5485 5254 5651 5482 5973 5857 5340 5420 5743 5567 4993 5386 5632 5515 5442 5685 5285 5609 5219 5641 5627 5677 5147 5469 5332 5441 5364 5434 6250 5378 5458 5575 5556 5285 5409 5718 5800 5162 5926 5579 5683 5317 5658 5622 5367 6018 5369 5549 5925 5772 5955 5762 5990 5601 5901 5233 5181 5587 5872 5494 5346 5416 5719 5711 5427 5359 5420 5304 5216 6119 
4885 4575 5193 5115 4801 5235 4636 5190 5223 4777 5029 5005 5020 4720 5265 5248 4671 5208 5465 5267 5111 4980 4917 4736 5573 5167 5132 4940 4867 5038 5258 4678 5320 5070 5101 4779 4980 5460 5057 4398 5222 5025 5408 4991 5076 5056 5368 5260 5101 5183 4640 5051 5102 5117 4979 5421 4718 4968 4886 5321 5158 5160 5271 5365 5053 5235 5212 4695 4876 5071 5078 5310 5114 5405 5036 4933 4953 5627 4722 5337 4960 5085 4987 5262 4919 4955 4934 4970 5196 5005 5260 4888 5386 5086 5272 5228 5057 5167 5055 5196 5093 5188 4740 4974 5028 5145 5020 5112 4909 5316 4925 5353 5014 4992 4967 5082 4604 5007 4835 5340 5036 5422 4906 4934 5037 5108 5153 4687 4999 5033 4718 5105 4881 4947 5242 4813 4784 5234 4924 5501 5180 5364 5060 5093 4907 4788 5211 4977 5287 5022 4924 5214 5005 5434 5359 5322 5004 5368 5052 5291 5392 5528 5424 5096 5151 5074 5333 4528 5183 5039 5146 4874 5047 5013 5158 5085 5148 5061 4642 5496 5194 5087 5242 5306 5322 5540 4754 5083 5068 5109 4540 4814 5272 5033 5111 5141 4859 4853 4696 5044 5181 5196 4552 4958 4766 5202 4968 4858 5433 4609 5030 5161 5301 4656 4905 5172 5142 4632 5401 5428 5261 5051 5409 5019 5091 5383 5000 5250 5447 5238 5404 5331 5541 5088 5631 4934 5229 5094 5174 4963 4799 4771 5367 5315 4917 5062 4903 5128 4937 5393 
4556 3897 4838 4579 4322 4448 4165 4603 4576 4534 4470 4221 4589 4493 4726 4700 4248 4768 4946 4491 4622 4332 4689 4034 4843 4990 4616 4488 4436 4378 4615 4333 4591 4649 4452 4221 4391 4787 4769 4161 4673 4362 4585 4427 4431 4640 4767 4712 4473 4651 4085 4722 4543 4509 4462 4949 4228 4379 4347 4657 4590 4540 4482 4755 4660 4559 4689 4105 4574 4481 4709 4918 4699 4492 4493 4438 4409 4906 4190 4836 4446 4652 4445 4735 4324 4362 4426 4262 4511 4312 4850 4375 4675 4699 4704 4863 4788 4308 4439 4649 4658 4757 4256 4228 4355 4754 4666 4466 4674 4716 4425 4825 4522 4639 4172 4609 4161 4391 4174 4847 4241 4936 4460 4495 4376 4409 4713 4390 4525 4480 4483 4733 4571 4693 4666 4357 4470 4762 4468 4825 4702 4826 4417 4404 4386 4204 4662 4516 5032 4510 4568 4558 4371 4493 4707 4671 4510 4465 4321 4835 4792 5132 4355 4715 4502 4663 4565 4182 4789 4758 4377 4343 4600 4138 4650 4665 4653 4655 4244 5052 4591 4575 4556 4739 4562 4786 4124 4380 4399 4545 4021 4256 4632 4421 4474 4497 4508 4599 4529 4647 4522 4648 4315 4332 4532 4661 4701 4386 4958 4350 4762 4607 4572 4160 4397 4562 4631 4402 4756 4636 4590 4573 4751 4551 4658 5027 4296 4684 4941 4617 4662 4837 4889 4506 5168 4362 4792 4640 4728 4586 4296 4293 4504 4536 4620 4631 4266 4086 4148 5014 
5245 4948 5524 5259 5048 5274 5092 5605 5626 5331 5100 4939 5316 4992 5655 5422 5335 5259 5436 5056 5065 5511 5278 4757 5673 5462 5374 5060 5106 5328 5483 5097 5418 5453 5190 4856 4894 5664 5385 4903 5407 5059 5560 5150 5182 5141 5422 5625 4960 5220 4945 5357 5281 5365 5275 5619 4895 5427 5003 5687 5532 5557 5393 5436 5320 5413 5443 5261 5374 5362 5297 5600 5541 5391 5114 5124 5431 5663 4854 5300 5124 5430 5230 5371 5004 5477 5356 5033 5267 5138 5705 4997 5507 5461 5491 5551 5417 5123 5062 5683 5080 5451 4889 5129 5331 5312 5345 5104 5107 5439 4997 5718 5370 5577 5395 5371 5357 5389 4921 5483 5282 5862 5287 5219 5190 5162 5314 4899 5179 5372 4841 5739 5267 5491 5502 4995 5221 5523 5167 5805 5553 5542 4947 5074 5217 4989 5395 5110 5483 5076 5085 5431 5223 5409 5414 5555 5246 5149 5217 5510 5347 5510 5260 5456 5136 5155 5572 4603 5210 5112 5492 5026 5302 5096 5450 5240 5199 5436 4849 5865 5132 5107 5745 5221 5545 5611 5066 5469 5566 5212 4673 5077 5169 5244 5012 5124 4929 5204 5005 5206 5427 5449 5022 5311 5129 5383 5149 5124 5823 5087 5107 5524 5390 4709 5143 5416 5354 5035 5699 5472 5459 5490 5571 5231 5380 5610 5033 5344 5588 5346 5522 5581 5620 5333 5766 4801 5538 5389 5492 5195 4993 5037 5382 5528 5159 5331 5044 5027 5317 5579 
4936 4250 4819 4893 4557 4990 4663 4920 5211 4709 4838 4475 4973 4605 4879 4988 4859 4794 5042 4616 4423 4788 4901 4154 4911 4800 4796 4699 4703 4905 4753 4322 4755 4936 4562 4297 4294 4922 4737 4195 5069 4822 4787 4576 4853 4686 4664 4965 4820 4963 4657 4709 4670 4877 4658 5062 4537 4756 4515 5169 5179 5097 5038 4819 4819 4716 4912 4592 4902 4650 4691 4782 4840 4842 4822 4626 4771 4999 4487 4986 4763 4810 4568 4897 4931 4756 4819 4671 4879 4764 5074 4808 4996 5073 5040 4963 4727 4501 5026 4983 4834 4829 4545 4492 4643 5099 4614 4720 4633 4873 4463 5076 4795 4914 4647 4885 4493 4604 4578 5115 4685 4914 4691 4390 4491 4504 4878 4511 4739 4806 4349 4785 4630 4768 4826 4634 4575 4906 4826 5404 4948 4851 4495 4516 4762 4679 4670 4430 4942 4486 4828 4712 4698 4959 4781 4977 4839 4865 4602 5031 4995 5032 4766 4754 4889 5043 4834 4282 4919 4852 5015 4312 4956 4501 4818 4820 4827 4997 4414 5298 4798 4749 5053 4950 4774 5033 4364 4827 4967 4600 4154 4633 4741 4783 4699 4797 4791 4661 4609 4675 4778 4664 4449 4604 4648 4655 4720 4475 5366 4747 4676 4627 4725 4532 4456 4879 5040 4474 4999 4641 4946 4891 5135 4845 5010 5089 4876 4876 5217 4873 4884 5270 5258 4815 5343 4554 4821 4846 4790 4928 4422 4657 4921 5075 4749 4743 4684 4616 4578 5293 
5209 4584 5254 4834 4693 5082 4590 5224 5152 4898 4880 4661 5106 4784 5226 4894 5043 5016 5322 4717 4852 4916 5185 4344 5510 5270 5036 4715 4642 4771 4977 4601 4922 5394 4778 4494 4756 5045 5344 4316 5097 4772 5030 4621 4838 5019 5183 5135 4871 4803 4675 4965 4866 4865 4826 5311 4799 4715 4634 5000 5181 4927 5212 5066 4893 5080 5104 4796 5097 4827 4928 5045 5099 5140 4904 4711 4879 5067 4637 5614 4579 5015 4756 4954 4549 4985 4870 4894 4744 4808 5371 4726 5015 5091 4987 5065 4953 4929 4937 5291 4954 5077 4546 4740 4882 4961 4712 4820 4736 4848 4535 5230 5092 5058 4617 4717 4584 4910 4799 5319 4928 5238 4906 4855 4759 4810 4717 4712 4953 5068 4509 5311 5184 5036 5300 4755 4690 5051 4595 5181 4976 5153 4606 4875 4934 4865 5026 4508 5318 4695 4663 5054 4887 4972 4617 5203 4980 4916 4713 5347 5118 5159 5188 5189 4970 4850 5170 4423 4940 5063 5048 4820 4806 4696 5052 5156 4996 5018 4734 5274 4992 4703 4854 4994 5100 5291 4719 4997 4972 4959 4252 4928 4947 5004 4869 5051 4662 4704 4520 4975 5107 4992 4791 4766 5006 5204 4743 5013 5357 4753 5172 4827 4976 4694 5071 5143 4890 4572 5458 5184 5163 5005 5060 4793 4685 5051 4709 5044 5229 4954 5039 5171 5719 4988 5356 4577 4903 4749 5057 5061 4681 4566 5336 4898 4692 5012 4660 4686 4724 5470 
4723 4121 5063 5217 4799 4946 4606 5049 4971 4890 4592 4804 4826 4712 5074 4976 4729 4776 5478 4915 4727 4859 4843 4555 5067 4949 4717 4417 4586 4713 4918 4452 5065 4962 4743 4430 4745 5165 4732 4362 4944 4993 5161 4905 4563 4970 4847 4960 4588 4783 4327 5095 4612 4837 4589 5446 4673 4819 4735 4852 5322 5025 5176 5112 4805 4898 5014 4322 5191 4817 4901 5052 4767 5141 4820 4527 4930 5126 4636 5358 4576 5018 4508 4641 4748 4815 4745 4627 4907 5014 5092 4789 5261 4838 5062 4866 4653 4816 4779 4865 4600 4826 4742 4507 4840 4738 4977 4633 4540 5237 4495 5006 4891 5366 4874 4778 4446 4492 4637 4841 4708 4924 4730 4548 4789 4854 4832 4377 4679 4764 4524 4964 5035 5153 5003 4755 4654 5160 4600 5162 4943 4976 4558 4847 4909 4751 4873 4760 5105 4758 4869 5072 4731 5088 4940 5323 4664 4916 4570 5144 5162 5288 4895 5185 4675 4866 4935 4386 4962 4737 4890 4332 4851 4533 4878 5165 4885 4823 4498 5205 4704 4439 4992 4828 5258 5020 4523 5014 5112 4705 4275 4496 4691 4801 4599 4978 4659 4767 4588 4624 5087 5139 4792 4743 4848 4847 4764 4530 5358 4436 4789 4635 4770 4454 4664 4951 4942 4407 5166 4816 5032 4747 5174 4726 4904 5214 4846 4836 5262 5250 5131 5082 5180 4901 5337 4633 4926 4891 5092 4706 4688 4546 4972 5142 4629 4715 4645 4521 4757 5419 
5194 4436 5260 5065 4875 5066 4802 5381 5456 5299 5186 4709 5147 4872 5182 4969 4870 5165 5216 4978 4960 5147 4917 4434 5321 4972 5073 4878 4877 4929 5142 4538 5233 5216 4997 4455 4608 5227 5179 4248 5330 4838 5234 4640 5203 5113 5004 5272 5041 5310 4810 5191 5076 5098 5082 5357 4718 4814 4740 5519 5182 5161 5137 5316 4890 5094 5168 4929 5088 4904 4993 5000 5092 5238 5093 4907 5264 5266 4755 5170 5117 5014 4924 4782 4813 5007 5197 4863 4949 4951 5264 5267 5126 5238 5002 5138 4976 4903 5101 5086 5064 5087 4684 4812 4897 5191 4866 5117 5060 5453 4706 5219 5045 5343 4895 4964 4857 4856 4898 5204 5251 5408 4750 5020 4862 5230 5041 4642 4915 5104 4817 5056 5008 5101 4904 4833 4952 5250 4707 5194 5090 5257 4565 4746 4850 4854 4951 4930 5596 4908 4753 5117 5023 5136 5087 4906 5008 4959 4766 5320 5261 5271 5098 5297 5040 4973 5069 4522 5260 4977 5013 4563 4970 4811 5146 5273 4852 5120 4933 5406 5153 4681 5291 5118 5095 5547 4720 4873 5127 5037 4539 4692 5082 4930 4564 5086 4587 5216 4636 5286 5092 5358 4730 4664 4779 5371 5052 4707 5357 4878 4987 4885 4968 4541 5036 4881 5023 4575 5402 5120 4988 5068 5425 4872 4922 5519 5109 5307 5348 5147 5165 5259 5494 4860 5657 4722 5117 4703 4986 5056 4811 4658 5155 5122 4874 5159 4832 4853 5016 5500 
5209 4694 5409 5261 4978 5288 4780 5227 5357 5254 5013 5050 5485 4811 5369 5680 4941 5232 5786 5066 5079 5008 5069 4827 5402 5427 5242 4835 5005 5071 5209 4780 5478 5292 5131 4717 4996 5481 5090 4686 5300 4957 5173 5155 4885 5173 5339 5452 4993 5231 4481 5074 5151 5355 4831 5327 4873 4963 5106 5574 5129 5118 5257 5369 5448 5329 5188 4953 5306 5162 5317 5576 5292 5279 5197 5025 4851 5703 4753 5440 5162 5171 4801 5217 4996 4821 5109 5226 5108 5110 5121 5048 5479 5569 5156 5110 5163 4935 5088 5386 4985 5362 4924 4776 5232 5023 5165 5134 4892 5428 4929 5403 5143 5323 4990 4994 4685 4856 4720 5232 4903 5595 5161 5078 5081 5140 5224 4785 5203 5188 4936 5509 5282 5365 5135 5085 4968 5354 4794 5609 5351 5523 4962 5238 5235 5107 5339 4749 5295 4998 4827 5140 4991 5399 5307 5304 4851 4962 4954 5419 5126 5595 5263 5449 5005 5136 5180 4690 5270 5161 4982 5116 5121 4676 5399 5347 5151 5177 5058 5806 5203 4902 5463 5107 5332 5372 4700 4961 5298 5008 4666 4649 5105 4905 5312 5151 5186 5087 4875 5172 5227 5111 4890 5235 4975 5278 5007 4877 5585 4653 5202 5113 5176 4790 4899 5289 5122 4776 5645 5343 5228 5045 5569 4777 4771 5561 4837 5312 5574 5278 5278 5307 5208 5276 5633 4716 5359 5108 5249 5089 4854 4827 5189 5134 5204 5268 4963 4767 5204 5716 
4810 4238 5083 4969 4688 4787 4677 5277 5110 5121 4779 4860 5075 4783 5086 4880 4858 4962 5281 4664 4899 5073 4938 4106 5233 5003 4948 4961 4998 4960 4990 4545 4827 5041 4657 4535 4461 5003 4997 4464 5203 4736 5080 4763 5038 5036 5060 5067 4587 5265 4507 4875 4985 4957 4712 5245 4588 4900 4580 4855 5242 5027 5040 5052 4939 5116 4979 4518 4936 4886 4829 5047 4957 4920 5121 4806 4802 5239 4586 5186 4811 4870 5040 4881 4553 4913 5055 5019 4926 4890 4957 4551 5087 5148 4860 5290 4991 4700 4528 5148 4857 4994 4836 4338 4721 5109 4872 5029 4835 5093 4513 5106 4918 5102 4835 4883 4566 4786 4693 5111 4985 5407 4612 4926 4687 4871 5012 4751 4829 4982 4820 4980 4761 4931 4918 4864 5008 5353 4672 5113 5150 5227 4604 5106 4734 4824 5116 4813 5259 4879 4630 5029 5010 4912 5151 5194 5019 4839 4622 5262 5029 5313 5007 5138 5192 5134 4900 4396 5019 4865 5110 4750 4625 4596 5137 5263 4798 5006 4757 5203 4882 4576 5048 5139 4981 5047 4857 5193 4859 4955 4411 4634 5034 4604 4734 5029 4575 4931 4831 5045 5253 5033 4769 4963 4661 4974 5106 4665 5623 4804 5099 4924 4907 4631 4967 4885 4816 4847 5554 5078 5012 5140 4927 5013 4878 5046 5001 5007 5455 4974 5159 5294 5080 4862 5682 4732 4931 4766 5153 4749 4650 4766 4925 5242 4954 5016 4586 4672 4790 5441 
5345 4745 5775 5394 5099 5193 4730 5471 5331 5222 5275 5276 5326 5237 5484 5145 5354 5094 5549 4980 5025 5384 5406 4590 5583 5645 5139 4810 4992 5166 5313 5305 5314 5388 5207 4864 4995 5539 5462 4696 5654 5046 5579 5059 5359 5477 5520 5534 5423 5242 4909 5256 5111 5514 5031 5612 5055 5159 4880 5516 5570 5502 5386 5481 4899 5424 5437 4879 5437 5459 5396 5548 5319 5371 5142 5059 5215 5511 4984 5684 5083 5335 5201 5416 5004 5355 5148 4978 5303 5367 5436 5075 5425 5416 5253 5572 5113 5190 5227 5678 5411 5363 4755 5040 5534 5523 5122 5143 4966 5459 4943 5562 5298 5553 5172 5394 4970 5083 5028 5523 5183 5464 5229 5155 5098 5347 5189 4797 4996 5313 4850 5332 5193 5280 5488 5053 5089 5346 5078 5750 5285 5499 4933 5366 5190 5074 5274 5164 5756 4967 5179 5296 5128 5290 5268 5499 5416 5356 5181 5460 5319 5813 5037 5611 5227 5239 5374 4647 5343 5230 5433 4895 5112 5037 5525 5379 5130 5476 4917 5724 5121 5088 5372 5373 5377 5630 4983 5387 5437 5255 4750 5036 5211 5192 5226 4995 5030 5256 5055 5385 5125 5460 5246 5007 5248 5269 5233 4886 5861 4923 5206 5316 5053 4989 4854 5431 5416 4859 5488 5382 5452 5395 5671 5198 5228 5458 5194 5219 5722 5304 5646 5523 5668 5165 5787 4975 5457 5260 5595 5378 4943 5033 5422 5399 5299 5107 5131 4961 5083 5631 
4865 4339 4980 4915 4430 4989 4593 4906 5022 5032 4791 4556 4943 4554 4926 4781 4652 4804 5071 4732 4798 4778 4722 4185 5162 4835 4733 4583 5018 4587 4963 4341 4646 5018 4774 4195 4303 4917 4848 4419 4712 4441 4925 4714 4492 4843 5296 5149 4687 4809 4200 4869 4611 4989 4793 4831 4458 4399 4634 4879 4972 4809 4645 5174 4686 4791 4936 4499 4885 4663 4909 5068 5084 4794 4835 4515 4652 4959 4470 5135 4663 4904 4851 4906 4892 4674 4693 4805 4842 4671 4922 4759 5032 4917 4663 4811 4697 4526 4715 4973 4594 4925 4441 4235 4828 4760 5015 4760 4879 4775 4511 5232 4852 5068 4616 4647 4370 4674 4426 5052 4639 5158 4701 4796 4727 4734 4767 4425 4564 4855 4542 5260 5030 4820 4788 4360 4585 5108 4324 4895 4905 5093 4395 4532 4621 4654 4862 4593 4957 4493 4368 5014 4878 4769 4850 4878 4754 4847 4525 4950 4820 4992 4779 4979 4475 4804 4814 4369 4849 4761 4924 4565 4905 4281 5075 5039 4837 4979 4680 5218 4683 4398 5062 4889 4897 5002 4664 4599 5005 5109 4561 4585 4807 4572 4390 4892 4352 4889 4538 4944 5027 4835 4771 4827 4716 4834 4690 4716 4998 4572 4797 4876 4979 4445 4776 4685 4853 4752 5166 5065 4870 4818 4929 4968 4777 5025 4673 5297 5174 4919 4888 5054 5057 4652 5359 4533 4859 4796 4914 4802 4565 4635 4987 4806 4875 4839 4489 4507 4808 5216 
5179 4392 5088 4865 4757 4764 4655 4788 5272 4777 5047 4625 5080 4710 4933 5101 4936 5191 5241 4663 4964 4829 4925 4423 4967 4744 4962 4685 5065 5045 5146 4715 4981 5014 4742 4247 4609 5070 5057 4425 5129 4940 5132 4693 5220 5134 5192 5232 4759 5070 4724 4904 4846 4931 4559 5334 4940 4878 4597 4871 5189 5131 5002 5366 4939 5044 4919 4602 5063 4955 4871 4850 4795 4982 4970 4653 4845 5507 4792 5247 4852 4953 4615 4850 4508 4927 4993 4678 4766 4933 5400 4878 5226 5236 4958 5061 4955 4712 4827 5074 4817 5030 4695 4525 4843 5041 4759 5034 4970 5209 4531 5107 4968 5185 4896 5050 4360 4734 4575 5165 4843 5411 4683 4864 4950 4837 5051 4562 4883 4915 4544 4890 4939 4748 4866 4684 4940 5285 4764 4948 5132 5084 4637 5100 5031 4857 4836 4527 5412 4871 4953 4826 5042 4789 5060 5146 4840 4812 4709 4956 5185 5234 4948 5125 4999 5019 4792 4312 4916 4918 5043 4643 4866 4791 4858 5168 5006 4887 4950 5353 4482 4713 5097 4904 5199 5307 4529 5048 5041 4872 4469 4780 4894 5086 4601 5002 4721 4957 4770 5241 5248 4936 4704 4605 4990 4762 5019 4656 5537 4535 5037 4535 4904 4683 4901 4880 4743 4447 4960 5192 5101 4875 5116 4822 4889 5186 4808 4906 5279 4952 5000 5354 5246 4868 5476 4667 4944 4756 5358 4639 4667 4923 4955 5198 4568 4851 4789 4714 4887 5563 
5150 4794 5504 5369 5075 5057 4951 5484 5336 5223 5122 4957 5324 5141 5240 5163 5094 5011 5586 5194 5107 5247 5421 4801 5625 5644 5244 4970 5041 5202 5195 4855 5172 5394 5186 5161 4777 5341 5308 4515 5485 5195 5609 5380 5290 5417 5326 5322 5176 5181 4591 5430 5229 5514 4957 5583 4870 5149 5071 5566 5739 5433 5382 5521 5255 5016 5302 4902 5268 5379 5262 5340 5621 5356 5115 5122 5147 5647 4973 5555 5255 5501 5005 5416 5057 5138 5289 5105 5382 5264 5764 5216 5612 5439 5265 5457 5397 4902 5105 5549 5089 5494 4912 4677 5162 5215 5171 5180 5287 5384 4909 5618 5319 5290 5091 4975 5153 4895 4865 5704 5282 5420 5198 5238 5094 5057 5289 4802 5459 5225 4929 5446 5234 5394 5332 4753 4889 5485 5097 5728 5343 5300 5099 5420 5123 4987 5496 4807 5521 4972 5104 5243 5299 5357 5280 5530 5392 5281 5216 5658 5400 5554 5344 5208 5187 5111 5444 4528 5277 5226 5365 4897 5042 4787 5376 5427 5207 5280 5061 5819 4849 4823 5476 5304 5187 5717 4984 5291 5617 5234 4557 4921 5201 5163 5095 5585 4998 5092 5158 5123 5462 5358 5211 5164 5245 5409 5107 4944 5793 5073 5279 5270 5144 4902 5126 5330 5419 5057 5588 5591 5373 5453 5894 5178 5244 5507 5328 5477 5762 5577 5388 5696 5653 5579 6086 4874 5547 4897 5119 5261 4997 5210 5373 5313 5180 5343 5085 4915 5065 5930 
5146 4675 5288 5116 4852 5261 4854 5080 5388 4916 4976 4937 5154 4689 5431 5343 4969 5129 5479 5085 5107 5036 5058 4319 5359 5202 5102 5011 5091 4972 5176 4801 5274 5388 4835 4458 4692 4933 5056 4554 5086 4786 5194 4921 5026 5414 5014 5304 5116 5080 4664 5018 5118 5195 4927 5207 4561 4779 4676 4959 5058 5113 4873 5483 4892 5332 5116 4671 4800 4895 4937 5173 5252 5260 4968 5054 5038 5466 4699 5469 4818 5019 4900 5339 4821 4841 5177 4864 5087 5040 5254 4762 5373 5443 5150 5129 4889 4880 4902 5275 4829 5095 4672 4844 4996 5287 4815 4976 4949 5297 4721 5334 5217 5267 4649 5053 4534 4993 4617 5236 5006 5298 4879 4764 4942 5010 5145 5087 5112 5134 4812 5186 5157 4854 5026 4871 5054 5226 4418 5318 5107 5494 4791 5012 5025 4676 5455 4739 5260 4798 4802 5325 5211 5020 5200 5327 4920 4911 4937 5066 5434 5312 4821 5180 5076 5097 5068 4515 5026 5146 5100 4818 5040 4491 5177 5305 4963 5141 5024 5126 5076 4882 5027 5124 5002 5548 4731 5042 5099 5083 4556 4811 4986 4822 4728 4865 4753 5092 4722 5044 4904 5160 4751 4810 4729 5071 4892 4983 5850 4751 4760 4924 5205 4776 4717 5097 5058 4804 5207 5305 5056 4964 5283 5173 5205 5472 5134 5160 5621 4877 5111 5163 5411 4955 5631 4824 4940 4991 5285 5183 4829 5130 5156 5093 5296 5071 4709 4915 4922 5163 
5592 4855 5807 5619 5300 5470 5104 5729 5614 5543 5623 5427 5520 5514 5706 5459 5315 5616 5839 4929 5294 5630 5511 4934 5756 5486 5629 5039 5502 5275 5468 5082 5819 5311 5297 4878 5048 5951 5685 4919 5522 5259 5569 5447 5365 5610 5479 5778 5279 5524 4872 5576 5432 5465 5473 5776 5147 5518 5363 5692 5819 5911 5643 5764 5580 5568 5656 5159 5605 5459 5295 5672 5609 5575 5403 5336 5437 5849 5215 5806 5441 5634 5241 5430 5326 5509 5649 5309 5257 5507 5686 5423 5925 5623 5231 5775 5387 5457 5328 5646 5414 5516 5134 5354 5696 5474 5496 5480 5432 5894 5348 5901 5660 5651 5379 5434 5046 5348 5129 5654 5277 5997 5436 5451 5295 5586 5403 4999 5275 5583 5108 5593 5516 5317 5380 4813 5551 5953 5097 6002 5673 5835 5121 5321 5114 5538 5615 5375 6061 5259 5251 5582 5326 5529 5557 5678 5289 5505 5214 5368 5781 5984 5508 5855 5467 5449 5697 4871 5560 5384 5545 5214 5408 5224 5671 5668 5267 5353 5109 5999 5255 5190 5638 5641 5606 5963 5218 5516 5797 5075 4887 5079 5570 5374 5169 5347 4931 5408 5270 5553 5691 5697 5390 5208 5425 5516 5178 5165 6130 5145 5657 5553 5245 5117 5366 5378 5435 5105 5689 5684 5791 5325 5665 5525 5401 5982 5449 5441 5892 5758 5753 5692 6051 5365 6201 5156 5671 5493 5785 5355 5237 5136 5916 5954 5449 5631 5234 5273 5407 5762 
5179 4582 5211 5287 5010 5158 4896 5075 5179 5043 5452 4693 5136 5065 5256 5048 4937 5260 5595 4697 5115 5369 5142 4722 5468 5237 5115 4814 5092 5208 5247 4600 5552 5236 5006 4693 4635 5104 5171 4388 5248 4996 5413 5038 5079 5313 5382 5536 4962 5324 4693 5136 5094 5534 4934 5329 4868 4853 4944 5373 5279 5278 5282 5359 5206 5166 5126 4711 5163 4957 5043 5096 5307 5227 5109 4942 4960 5404 4772 5453 5000 5084 5153 5217 5045 5170 5088 5119 5200 5236 5032 5253 5558 5478 5275 4955 4963 4631 4707 5296 5032 5124 4752 4796 5351 5196 5078 5102 5159 5276 4813 5404 5280 5279 5032 4832 4796 4905 4782 5239 4993 5304 5118 5125 5054 5106 5107 4832 5025 5155 4878 5295 5125 5390 5103 5036 5021 5346 4715 5659 5403 5371 5001 5075 5065 5072 5173 4761 5577 4983 4778 5148 5026 5210 5392 5304 5084 4874 4944 5221 5501 5481 5250 5311 5096 5367 5208 4710 5135 5086 4934 4644 5372 4756 5253 5518 4997 5328 4964 5494 4981 4840 5303 5120 5313 5420 4824 5058 5301 4966 4691 4651 5224 4990 4988 5341 4564 5105 4831 5109 5101 5298 4802 5190 5093 4893 5003 4742 5685 4921 5121 5062 4976 4887 4896 5099 5145 4877 5100 5320 5197 5258 5641 5050 5068 5506 5090 5237 5482 5383 5345 5272 5660 4856 5926 4848 5228 5093 5154 5299 4835 4954 5233 5366 5307 4958 4906 4972 5118 5660 
4931 4333 5243 4897 4754 5140 4653 4793 5065 4901 5175 4785 4976 4948 4985 4869 4714 5073 5368 4754 4760 4931 4974 4313 5091 5369 4942 4636 4942 4911 5067 4470 5007 5037 4673 4542 4913 5111 5136 4324 4854 4940 4805 5036 4710 5087 5103 4983 4680 4979 4193 4937 4847 5110 4607 4945 4575 5034 4809 5155 5079 5004 5105 5024 4833 5104 5180 4617 5014 4700 4884 5014 4845 4923 4982 4772 4796 5106 4434 5214 4688 4987 4684 4741 4620 4973 4849 4834 4847 4628 4921 4830 5251 4878 4943 4872 4818 4757 4987 4689 4736 4806 4677 4543 5019 5042 5043 4812 4717 4894 4440 5191 4976 5290 4963 4608 4378 4954 4478 5105 4649 5343 4791 4735 4598 4738 4945 4461 4804 4967 4512 5027 5056 5054 4926 4625 4589 5031 4704 5344 5089 5120 4460 5019 4625 4808 4834 4520 5161 4659 4724 4870 4905 4870 4844 5250 4896 4953 4761 4974 5096 5128 5107 4980 4759 5017 5000 4336 5004 4898 5178 4692 4937 4886 5135 5072 4936 4957 4745 5305 4982 4839 5002 5031 5488 5120 4619 4864 4965 4876 4578 4705 5086 4841 5036 4962 4777 4505 4544 4750 4813 5116 4680 4678 4879 4845 5031 4554 5620 4838 5105 4842 4980 4522 4648 5031 4720 4486 5401 5113 5064 4793 5088 4820 4592 4900 4760 5032 5382 5081 4881 4986 5345 4610 5448 4658 4929 4916 4920 4698 4379 4492 4711 5320 4565 5006 4491 4395 4876 5392 
5619 4890 5458 5448 5182 5592 4978 5497 5371 5224 5550 5393 5440 5111 5597 5239 5369 5403 5821 5328 5697 5386 5449 4967 5730 5663 5587 5253 5369 5483 5142 4962 5379 5451 5300 5078 5008 5666 5426 4802 5366 5415 5582 5156 5337 5580 5591 5461 5158 5744 4907 5510 5536 5443 5042 5752 5121 4899 5090 5540 5900 5659 5597 5857 5245 5491 5797 5011 5539 5261 5348 5692 5562 5503 5476 5380 5137 5715 5042 5800 5040 5364 5220 5346 5394 5258 5197 5357 5206 5232 5460 5329 5693 5564 5518 5532 5235 5249 5226 5641 5394 5439 5036 5066 5347 5575 5738 5604 5191 5881 5306 5590 5223 5492 5434 5229 4979 5363 5142 5653 5444 5538 5100 5553 5482 5380 5544 5120 5170 5322 5075 5764 5223 5264 5358 5186 5117 5665 5110 5791 5499 5362 5132 5365 5520 5442 5484 5055 5773 5009 4955 5702 5402 5619 5735 5672 5360 5393 5349 5697 5918 5699 5367 5357 5347 5520 5669 4964 5459 5306 5448 5313 5241 5135 5513 5451 5374 5660 5089 5859 5167 5090 5282 5278 5589 5823 5258 5419 5525 5330 4904 5294 5179 5165 5064 5330 5061 5628 4851 5579 5592 5624 5117 5025 5323 5455 5395 5073 5874 4917 5438 5410 5372 5036 5225 5757 5436 4995 5851 5709 5584 5244 5735 5341 5469 5805 5352 5585 5867 5812 5563 5465 5784 5394 6038 4929 5504 5161 5528 5335 5251 4960 5626 5934 5494 5273 5189 5109 5303 6050 
5234 5008 5748 5399 5099 5675 5260 5454 5503 5516 5675 5169 5601 5061 5451 5558 5087 5669 5703 5267 5453 5331 5296 4858 5619 5764 5402 5117 5453 5440 5605 4956 5480 5492 5273 4945 5065 5549 5475 4668 5359 5128 5577 5088 5358 5529 5722 5714 5284 5452 4798 5393 5567 5596 5208 5581 4906 5113 5376 5846 5431 5517 5472 5628 5292 5589 5399 5087 5432 5345 5568 5506 5580 5337 5386 5244 5309 5721 5241 5732 5254 5341 5048 5497 5338 5193 5482 5359 5225 5162 5577 5216 5677 5638 5351 5493 5357 4942 5031 5387 5273 5466 5105 4900 5372 5480 5263 5158 5156 5652 5103 5919 5398 5706 5234 5104 5017 5164 4799 5628 5297 5613 5480 5189 5188 5042 5436 5054 5289 5132 4853 5641 5499 5212 5552 5000 5078 5711 4914 5679 5660 5742 5076 5423 5170 5352 5660 5157 5813 5108 4826 5653 5410 5394 5474 5302 5319 5450 5287 5940 5459 5755 5342 5685 5282 5201 5290 4575 5341 5416 5242 5134 5161 4906 5813 5320 5308 5516 5499 5822 5552 5109 5812 5305 5582 5533 5054 5283 5628 5264 4809 5134 5390 5312 5361 5252 5077 5259 5136 5599 5534 5630 5146 5136 5180 5526 5433 5016 5630 5230 5370 5521 5424 4827 5006 5536 5591 4998 5735 5785 5356 5374 5584 5217 5384 5666 5010 5542 5517 5578 5444 5491 5947 5485 5835 5031 5566 5389 5391 5335 5195 5179 5448 5578 5057 5323 5213 4945 5145 5692 
5020 4500 5158 4908 4655 4945 4736 4952 5291 5005 5034 4877 5059 4674 5077 4997 4735 5090 5400 4875 5160 4902 4948 4505 5338 5158 5082 4710 5059 5128 4882 4438 5032 5224 4890 4311 4848 5326 4982 4302 4983 4776 4926 4978 4910 5357 4974 5027 5009 5114 4460 5010 4722 5012 4580 5364 4759 4927 4906 5281 5073 4976 4825 5252 4911 5057 5183 4582 4970 4714 5176 5055 4770 5030 4757 5089 5014 5174 4561 5577 4736 5102 4991 4820 4640 4979 5110 4942 5184 5045 5158 4661 5222 5128 4845 5141 4851 4823 4979 4945 4724 5112 4603 4289 4786 4975 5347 4783 4868 5298 4589 4979 5053 5277 4898 4940 4483 4760 4392 5107 4762 5452 4816 4871 4698 4666 5087 4659 4926 4998 4842 5318 4961 5135 5028 4706 4896 5214 4569 5019 5147 5077 4600 4803 4904 4708 5098 4664 5198 4827 4702 5116 4990 5052 5114 5188 4851 4989 4785 5226 5126 5444 4623 5158 5015 4955 5101 4489 5015 5262 4904 4755 4864 4300 5085 4952 4960 4984 4770 5447 5107 4734 4990 4872 5114 5280 4444 5030 5285 4869 4368 4527 4940 4929 4476 5028 4669 5049 4674 5035 4892 5315 4708 4672 4900 4997 4995 4575 5411 4542 5069 4813 4881 4376 4869 4960 5008 4461 5321 5220 5448 4812 5151 4716 4986 5240 4937 4846 5557 5198 4978 5046 5037 4954 5719 4684 5034 4919 5064 4837 4690 4568 4841 5363 4996 5086 4734 4452 4756 5487 
5318 4542 5457 5267 4726 5329 4857 5488 5401 5113 5293 4999 5352 5016 5531 5261 4974 5222 5648 5030 5067 5324 5336 4829 5430 5623 5138 5065 5079 5224 4826 4809 5290 5538 4956 4755 4716 5509 5338 4483 5164 5254 5088 4769 5068 5380 5034 5462 4910 5373 4752 5186 5099 5327 5116 5338 4880 5132 5029 5308 5435 5330 5567 5338 5222 5309 5448 4879 5121 4978 5024 5423 5257 5269 5155 5231 5117 5642 4730 5368 4854 5172 5045 5207 4997 5403 5244 5094 5373 4944 5203 5081 5810 5118 5154 5209 5045 5188 5084 5485 4991 5154 4860 4865 5173 5153 5382 5107 5084 5425 4939 5134 5074 5263 4900 5024 4651 4756 4695 5375 5188 5639 4836 4967 4798 4943 5043 4826 5116 5285 4824 5667 5189 5465 5379 5104 4951 5748 4809 5633 5365 5209 4835 5318 5118 4993 5287 5052 5299 4743 4803 5377 5046 5197 5161 5374 5022 5090 4955 5540 5315 5579 5125 5343 5259 5337 5283 4569 5131 5127 5182 4659 5297 4819 5371 5538 4848 5182 5188 5847 4988 5030 5430 5509 5464 5474 4925 5432 5397 5375 4595 4996 5333 4959 4929 5353 4716 5087 4795 5062 5125 5311 4882 5152 5044 5226 5081 4961 5911 4973 5199 5103 5237 4980 5013 5110 5129 4816 5360 5421 4933 5239 5715 5026 4962 5521 4847 5436 5772 5348 5488 5363 5799 5085 5512 4858 5258 5066 5180 5054 5330 4818 5008 5511 5248 5138 4720 4958 5188 5867 
5317 4932 5380 5307 4927 5380 4921 5322 5399 4927 5423 4946 5306 5141 5465 5357 5173 5108 5576 4932 5270 5193 5434 4834 5507 5589 5221 4982 4982 5399 5290 4840 5355 5500 5005 4829 4826 5399 5325 4725 5299 5152 5332 5220 5146 5169 5299 5462 5090 5508 4727 5477 5033 5408 5030 5373 4970 5250 4809 5681 5459 5340 5556 5445 5407 5322 5225 4864 5202 4949 5331 5365 5153 5398 5028 5255 5156 5654 4936 5389 5124 5330 5069 5504 5165 5161 5189 5188 5240 5135 5520 4952 5746 5245 5219 5496 5125 4819 5128 5528 5287 5374 4879 4748 5360 5410 5305 5139 5178 5204 4737 5628 5105 5458 5137 5173 4954 5318 4728 5336 5172 5413 5188 5063 4768 5029 5127 5059 5151 5358 5059 5549 4833 5202 5225 5103 4873 5386 5158 5865 5208 5336 4878 5343 5118 4846 5464 5138 5464 5161 5074 5345 5101 5305 5187 5503 5191 4932 5141 5402 5510 5687 5481 5314 5106 5176 5208 4705 5098 5192 5439 4830 5157 5001 5345 5139 5153 5542 4945 5727 4901 4885 5235 5409 5236 5692 4770 5385 5527 5061 4668 4985 5286 5161 5169 5396 4693 5137 4992 5043 5469 5452 5308 5208 5263 5198 4916 4982 5473 4894 5280 5222 5215 4947 5095 5253 5245 4911 5478 5507 5401 5558 5424 5096 5194 5343 5203 5253 5574 5281 5509 5519 5480 5258 5896 4897 5213 5227 5291 5143 4911 5162 5173 5464 5205 5241 4976 5033 5138 5716 
4936 4481 5300 5205 4836 5198 4720 5253 5126 4888 5043 4983 5265 4699 5296 5155 4733 5042 5276 4943 4913 5064 4916 4465 5432 5031 5207 4918 4873 5377 5095 4609 5389 5045 4751 4665 4912 5526 4950 4321 5144 4908 5361 5068 5245 5092 5402 5289 4986 5180 4485 4940 5162 5194 4819 5191 4592 4791 4648 5280 5040 4955 5117 5426 5022 5165 5267 4685 5098 4860 5082 5050 5131 5273 5023 5091 4971 5292 4973 5291 4995 5298 4804 5215 5057 5092 4780 4975 4909 5253 5261 4962 5187 4969 5201 5177 4878 4837 4982 5191 4962 5189 5067 4639 5067 5194 4990 4887 4924 5232 4757 5402 4873 5274 4736 4914 4582 4775 4781 5465 5046 5081 5031 4763 4963 4960 4983 4698 4888 5033 4904 5360 5082 4749 4994 4398 5017 5238 4800 5409 5161 5177 4645 5067 5234 4756 5494 4761 5236 4939 4866 5153 5063 5276 5262 5293 4927 5053 4978 5152 5176 5149 4960 5146 5005 5351 5043 4406 5301 4997 5294 4885 4686 4713 5249 5180 5059 5099 4920 5597 4746 4795 5272 5196 5057 5360 4855 5051 5263 4750 4385 4707 5098 5139 4869 5090 4755 4763 4930 5167 5163 5142 4752 4700 4959 5243 4977 4805 5501 4746 4928 4972 4878 4670 4898 5112 5108 4614 5345 5211 5191 5004 5361 4788 4966 5246 5053 5205 5566 5225 5294 5147 5367 5144 5134 4674 5100 4978 5103 4973 4769 4934 5093 5216 4744 5006 4829 4926 4940 5474 
4997 4307 4926 5075 4671 4960 4500 4992 4912 4895 4972 4509 4927 4727 4850 4947 4770 4786 5192 4508 4896 4873 4814 4470 4972 4986 4993 4426 4962 4921 5021 4481 4996 5032 4794 4230 4627 5032 4763 4396 4991 4829 4968 4604 4697 4750 4898 5128 4768 4824 4179 4969 4887 4624 4478 5132 4502 4836 4857 5217 4918 4900 4792 5039 4738 4925 4760 4777 4713 4604 4934 4879 5019 4998 5009 4809 4726 4934 4663 4991 4941 5025 4721 4904 4704 4666 4724 4555 4747 4717 5022 4726 4999 5073 4622 4800 4856 4578 4740 4905 4802 4811 4604 4560 4904 4846 4556 4706 4697 4964 4584 5134 4801 5084 4708 4786 4313 4672 4464 5143 4601 5193 4777 4470 4562 4663 4991 4442 4573 4629 4273 5042 4913 5078 4803 4438 4488 5063 4512 5289 5027 4927 4629 4818 4916 4665 4812 4542 5327 4581 4607 4973 4741 4705 4771 5056 4685 4724 4628 4753 5050 5185 4890 4927 4663 4625 4989 4124 4701 4723 4640 4556 4681 4477 5202 4843 4938 4954 4732 5275 4715 4605 4854 4860 5282 4870 4324 4633 5108 4573 4585 4676 4690 4611 4687 5016 4547 4646 4582 4761 5047 5076 4701 4591 4734 4681 4834 4475 5296 4538 4923 5068 4692 4460 4681 4842 4636 4372 5074 5150 4970 4897 4984 4759 4656 5134 4646 4878 5176 5132 4857 5185 4976 4802 5458 4440 4985 4923 5222 4587 4497 4632 4602 5046 4781 4700 4793 4464 4777 5157 
5306 4662 5056 5217 5058 5237 4979 5598 5090 5160 5391 4960 5351 5168 5614 5253 5019 5308 5630 5007 5219 5192 5124 4813 5640 5652 5241 5108 5155 5286 5510 4826 5395 5314 5176 4700 5185 5609 5443 4668 5267 5041 5364 5049 5224 5366 5431 5478 5228 5271 4584 5405 5509 5297 5068 5764 5053 5054 4932 5753 5483 5426 5310 5450 5406 5406 5380 4736 5205 5321 5450 5604 5192 5392 5183 5164 5066 5616 5008 5441 5252 5329 5202 5240 5232 4963 5166 5098 5379 5314 5343 5289 5550 5600 5114 5293 5426 5033 5075 5654 4963 5288 5086 4973 5228 5283 5422 5428 5210 5650 5034 5379 5309 5502 5277 5313 4827 5036 5241 5618 5212 5597 4775 5192 5196 5515 5160 4803 5098 5182 4902 5644 5373 5209 5409 5155 4931 5434 5048 5591 5262 5273 4659 5077 5276 5053 5139 4872 5738 4872 4867 5322 5189 5166 5633 5325 5162 5056 4929 5576 5547 5813 5343 5561 5270 5264 5341 4494 5515 5206 5208 4993 5277 4869 5346 5485 5322 5281 5068 5573 5265 4892 5282 5421 5453 5534 4813 5142 5393 5172 4782 4911 5253 5097 5080 5361 4788 5228 5053 5388 5244 5229 4927 5057 5189 5220 5239 4920 5580 4888 5402 5172 5039 4675 5284 5101 5169 4949 5644 5300 5287 5292 5485 5027 5294 5744 5079 5551 5430 5470 5384 5621 5639 5011 5969 5093 5442 4852 5563 5216 4890 4985 5406 5585 5289 5494 5164 5035 5205 5710 
4739 4376 4946 4941 4398 4711 4426 4848 4980 4670 4930 4488 5032 4522 4865 4767 4487 4760 5075 4500 4614 4614 4655 4293 4931 4937 4779 4689 4714 4693 4931 4339 4878 4862 4201 4298 4338 4813 4664 4157 4820 4624 4875 4534 4933 4953 4973 4889 4699 4872 4375 4921 4743 4943 4549 4943 4315 4366 4577 5019 4800 4777 4606 4976 4806 4843 4940 4244 4910 4651 4911 5036 4573 4378 4544 4757 4659 5308 4233 5129 4711 4462 4637 4722 4452 4573 4773 4465 5099 4629 4866 4664 5002 4979 4925 5072 4802 4374 4697 4868 4512 4533 4438 4653 4768 5005 4688 4680 4878 4886 4203 5099 4671 4937 4767 4712 4394 4734 4301 5084 4777 4974 4537 4796 4609 4544 4473 4519 4822 4545 4350 5016 4781 4640 4859 4618 4371 5193 4579 4980 4684 4824 4418 4811 4573 4515 4685 4538 5041 4563 4654 4911 4841 4712 4754 4819 4780 4303 4519 5298 4823 5020 4562 4662 4887 4630 4434 4220 4813 4801 4905 4714 4620 4216 4437 4888 4458 4780 4724 4924 4522 4494 4766 4855 4887 5007 4338 4739 4988 4654 3927 4440 4907 4831 4526 4675 4492 4794 4309 4966 4916 4983 4392 4534 4567 4890 4974 4446 5123 4563 4707 4811 4798 4466 4531 4621 4852 4451 5067 4997 4644 4703 5045 4587 4772 5136 4597 4877 4984 4724 4618 5026 5087 4786 5156 4713 4778 4391 4697 4723 4513 4745 5013 4943 4737 4658 4739 4380 4498 5175 
5338 4644 5428 5177 5030 5304 4822 5288 5331 5137 5154 4958 5186 5194 5438 5169 5164 5193 5286 5175 5118 5348 5257 4712 5393 5402 5097 5072 4721 5324 5129 4860 5396 5305 4961 4667 5080 5510 5356 4529 5337 5021 5466 4897 5148 5269 5297 5293 5113 5373 4567 5107 5316 5300 4895 5377 4685 4904 4743 5516 5528 5291 5409 5450 4887 5103 5279 5033 5197 5015 5126 5253 5166 5236 5158 5161 4999 5412 4803 5509 5102 5308 5155 5259 4909 5246 5082 4790 5301 4924 5273 5300 5579 5439 5470 5339 5115 4903 4930 5491 5138 5265 4649 4915 5311 5270 4802 5224 5120 5616 4810 5183 5015 5390 5161 5014 4996 5181 4894 5121 5371 5619 4914 5361 4948 4941 5317 4798 5074 5178 4893 5361 5191 5312 5103 4923 4886 5547 4768 5499 5265 5260 4933 5121 5185 4995 5300 4840 5405 4691 4840 5116 5134 5267 5300 5228 5087 4988 5149 5303 5328 5671 5040 5434 4948 5245 5329 4491 5244 4967 5070 4803 5342 4853 5387 5228 5150 5366 4650 5789 5144 4971 5531 5314 5295 5400 4867 5323 5444 4976 4716 4764 5239 5080 4905 5182 4746 5171 4893 5196 4932 5431 4840 4875 4801 5332 5175 4860 5668 4979 5176 5109 4834 4769 4899 5229 4828 4785 5382 5348 5329 5232 5550 5153 4977 5753 5242 5402 5643 5525 5251 5273 5785 5195 5554 4951 5299 5084 5187 4977 4963 4577 4881 5201 5129 5180 4846 4882 5047 5589 
5126 4849 5024 5208 4888 5431 4778 5326 5145 4929 5009 4868 5089 4965 5128 5146 5111 5187 5495 4955 4996 5057 4970 4603 5385 5052 5190 5152 5199 5071 5068 4634 5312 4923 4955 4554 4865 5403 5376 4348 5211 4833 4978 4909 5303 5088 5073 5193 5109 4983 4327 5437 5208 5219 4800 5287 4579 4890 4772 5240 5176 5183 4967 5103 5025 5005 5193 4824 4985 5070 5204 5454 5105 5000 5095 4944 5081 5348 4943 5348 5086 5265 4890 5219 4873 5020 5099 4844 5064 5181 5213 4878 5286 5189 4994 5051 5087 4855 5141 5298 5015 5191 4979 4789 4954 5072 5029 5140 5058 5427 4733 5564 5170 5358 4835 4995 4744 4888 4770 5043 4950 5412 4541 5129 4924 5226 5243 4502 4835 5171 4770 5226 5290 4804 5095 4671 4716 5484 4656 5483 5053 5190 4656 4892 5013 5088 5304 4969 5480 4744 4761 5261 5194 5186 5318 5122 5011 5130 4787 5366 5435 5620 5066 5162 5196 5253 4931 4441 5357 5089 5245 5009 5002 4719 5222 5284 5000 5345 4652 5357 4960 4707 5005 5380 5257 5212 4932 4878 5350 5128 4332 4788 5180 5062 4876 4828 4747 5109 4979 5328 5029 5188 4931 4682 4854 5368 5009 4813 5543 4807 5094 4886 5026 4702 4938 5158 5135 4857 5365 5266 5381 5038 5327 4651 5218 5442 4923 5291 5332 5266 5187 5403 5438 5220 5566 4773 5334 5065 4998 4891 4829 4872 5188 5281 4940 5159 4835 4935 4940 5523 
4991 4579 4819 4906 4390 4872 4563 4789 4888 4880 4858 4562 4816 4696 5061 5109 4731 4772 5081 4628 4826 4628 4666 4408 5192 4920 4754 4769 4872 4690 4835 4401 4926 4730 4841 4480 4395 5203 4895 4233 4868 4881 4799 4498 4823 4904 4855 5026 4468 4775 4351 4749 5059 4910 4704 5213 4526 4768 4704 5088 5172 4903 4945 5090 4805 4865 4905 4528 4951 4962 4759 4889 4858 4779 5041 4737 4895 5339 4586 5054 4801 4961 4644 4702 4628 4635 5062 4652 4671 4984 4798 4677 4993 5087 4838 4861 4835 4580 4993 5109 4731 4894 4605 4516 4595 4837 4632 4730 4686 4886 4880 5089 4973 4673 4831 4929 4643 4688 4534 5092 4800 5002 4409 4726 4629 4680 4793 4415 4813 4647 4619 4644 4954 4769 4749 4644 4850 5014 4660 5244 5092 4960 4644 4873 4755 4684 4927 4542 5244 4609 4786 5067 5031 4688 4749 5008 4819 4846 4536 5055 5155 5206 4907 4955 4788 4870 4843 4319 4895 4866 5042 4794 4573 4470 4999 5028 4538 4876 4642 5319 4736 4706 4995 4747 5105 5083 4619 4748 4998 4738 4394 4637 5094 4836 4437 4967 4519 4752 4894 4878 4880 5118 4706 4531 4681 4977 4926 4670 5348 4606 4897 4751 4869 4494 4806 4856 4773 4748 5149 5242 4737 4884 5139 4684 4923 5077 4520 5166 5178 4876 4967 5343 5164 4847 5597 4501 4823 4719 5147 4792 4467 4654 4902 4894 4919 4918 4714 4824 4943 5447 
5509 4815 5559 5379 5094 5470 5256 5479 5614 5371 5682 5062 5358 5393 5837 5357 5496 5514 5657 5194 5636 5495 5511 4743 5627 5651 5451 5182 5388 5351 5635 4822 5472 5541 5285 4879 5073 5696 5553 5003 5545 5462 5592 5410 5312 5439 5511 5528 5135 5302 4631 5356 5507 5528 5396 5603 5042 5299 4995 5495 5531 5653 5482 5697 5301 5481 5372 4743 5376 5503 5445 5423 5296 5701 5257 5454 5254 5488 4972 5466 5725 5386 5318 5654 5214 5186 5451 5122 5427 5176 5686 5280 5400 5810 5482 5616 5603 4889 4981 5699 5180 5345 5173 5209 5316 5804 5308 5357 5503 5590 5199 5884 5249 5680 5256 5402 4911 5426 5177 5673 5176 5900 5015 5405 5351 5369 5433 5064 5210 5254 5203 5866 5396 5189 5543 5295 4999 5559 5074 6010 5640 5755 5259 5602 5359 5023 5359 4981 5702 5186 5493 5670 5560 5477 5716 5591 5629 5117 5282 5518 5727 5821 5533 5378 5209 5199 5667 4697 5395 5270 5348 5069 5450 4965 5301 5454 5471 5494 5132 5658 5435 5206 5533 5385 5708 5747 5021 5398 5654 5251 4840 5153 5401 5182 5236 5488 4774 5494 4999 5472 5416 5614 5163 5075 5159 5419 5455 5065 5924 5093 5355 5583 5507 5141 5123 5487 5558 4988 5551 5478 5467 5441 5712 5552 5427 5716 5314 5339 5825 5548 5647 5628 5616 5321 6002 5192 5562 5343 5384 5388 4953 5365 5570 5664 5401 5381 4982 5065 5306 5848 
5248 4715 5481 5190 4888 5291 4789 5265 5380 5136 5267 5065 5523 5250 5152 5190 4878 5207 5411 4951 4886 5286 5254 4506 5486 5382 4934 5074 5025 5233 5342 4601 5315 5421 5115 4646 4911 5369 5219 4572 5349 5017 5387 5018 5049 5170 5460 5318 5036 5215 4931 5222 5130 5453 4762 5509 4994 5001 4853 5421 5471 5417 5200 5361 5230 5259 5587 4823 5419 5022 5254 5604 5226 5249 5214 4915 4916 5644 4619 5679 4888 5299 5315 5248 4996 5152 5352 5051 5016 5119 5358 4991 5565 5400 5346 5474 5144 4924 4888 5326 4949 5200 4892 4777 5310 5164 5214 5172 4922 5100 4773 5319 5243 5309 4980 5286 4868 4964 5070 5246 5017 5527 4985 5002 5213 4947 5205 4831 5138 5394 4845 5307 5120 5244 5367 4969 4892 5454 4815 5522 5270 5375 4936 5220 5103 5045 5261 5012 5344 4954 4885 5198 5104 5278 5161 5408 5027 5387 4652 5381 5357 5709 5211 5288 5177 5265 5248 4568 4979 5146 5233 4773 5309 4946 5525 5326 5040 5242 4700 5750 5042 4928 5175 5259 5381 5463 4840 5301 5155 5372 4743 4852 5221 4975 5266 5185 4829 5262 4970 5347 5149 5228 5011 5333 5024 5177 5275 4907 5672 4846 5063 5204 5066 5024 5073 5111 5211 4905 5687 5320 5344 5428 5464 5180 5064 5598 5278 5281 5708 5231 5124 5703 5566 5186 5837 4783 5258 5301 5509 5214 4868 4825 5356 5484 5240 5311 4959 4959 5007 5882 
5047 4531 5386 5225 4969 5217 4702 5159 5401 5079 5266 4825 5156 4904 5290 4880 4670 5036 5277 4916 4809 5267 4932 4615 5290 5089 5196 4933 5043 5200 5270 4573 5424 5208 4814 4807 4607 5553 5130 4601 5279 4846 5343 5365 5134 4951 5118 5270 5124 5055 4951 5378 5048 5105 5042 5485 4867 5151 4881 5223 5516 5428 5313 5410 5081 5035 5144 4695 5144 4970 5150 5107 5262 5127 5090 5167 5131 5433 5035 5447 5029 5201 5171 5139 4828 5101 5163 4715 5014 5043 5417 4964 5489 5369 5200 5648 5135 4834 4951 5616 4914 5157 4883 4838 5285 4958 5271 5015 5222 5438 4712 5309 5232 5318 5026 5112 4896 4698 4722 5365 4952 5613 4853 5018 4963 5125 5020 4655 4904 5044 4548 5173 5260 5173 5115 4838 5179 5645 4665 5595 5185 5011 4823 5082 4938 4777 5400 4983 5266 5084 5005 5284 5287 5128 5259 5322 5142 5062 4885 5167 5228 5412 5037 5335 4713 5183 5512 4206 4967 4996 5166 4864 4991 4826 5271 5294 5112 5077 4901 5701 4971 4814 5113 5143 5226 5350 4798 5167 5415 5138 4657 4802 5132 4900 5045 5309 4459 5018 4927 5068 5207 5423 4823 4810 5221 5075 5010 4713 5790 4698 5004 4931 5024 4717 5008 5082 5260 4734 5456 5338 5198 5149 5386 5064 5084 5484 5088 5212 5291 5115 5247 5391 5536 5071 5725 4777 5332 5037 5300 5139 4851 4906 5239 5320 4991 5095 5096 5002 5138 5421 
5300 5082 5520 5447 5319 5509 5085 5466 5623 5292 5303 5370 5250 5249 5341 5503 5210 5434 5891 5304 5324 5305 5063 4965 5775 5516 5421 5148 5320 5376 5414 5128 5457 5595 5117 4999 5177 5608 5508 4707 5370 5361 5449 5270 5511 5607 5591 5315 5362 5639 4863 5407 5544 5501 5108 5747 4948 5301 4930 5656 5322 5519 5438 5764 5191 5413 5412 4860 5307 5347 5286 5601 5347 5410 5421 5511 5361 5932 5288 5793 5335 5547 5165 5647 5196 5291 5353 5312 5358 5316 5458 5284 5526 5629 5520 5492 5330 5361 5316 5632 5122 5112 4969 4903 5281 5545 5436 5485 5129 5592 5119 5364 5270 5710 5353 5185 4897 5376 4887 5554 5434 5692 5207 5346 5473 5365 5370 4832 5101 5300 5073 5736 5470 5107 5510 5135 5285 5742 5091 5680 5202 5724 5160 5441 5392 5407 5305 4972 5957 5266 5177 5490 5324 5547 5618 5674 5632 5319 5216 5664 5636 5923 5438 5481 5218 5368 5485 4945 5303 5389 5382 5079 5148 5002 5477 5482 5300 5586 5389 5790 5287 5015 5456 5627 5477 5708 4978 5514 5696 5485 4708 5078 5316 5097 5100 5463 4947 5424 5093 5503 5429 5511 5033 5085 5139 5464 5178 4856 5759 5095 5409 5383 5289 5043 5296 5496 5327 5055 5581 5500 5339 5441 5666 5300 5404 5782 5395 5317 5824 5333 5685 5542 5696 5364 5886 5255 5471 5191 5501 5401 5081 5056 5433 5691 5158 5461 4968 5261 5522 5859 
5157 4677 5385 5002 4731 5361 4714 5282 5485 5098 5258 5155 5381 4794 5327 4983 4970 5202 5388 4953 4964 5178 5425 4579 5605 5427 5273 4874 4979 5278 5263 4593 5247 5375 5040 4629 4750 5685 5459 4574 5154 5075 5224 4921 4923 5251 5486 5170 5186 5234 4647 5219 5035 5109 5026 5343 4845 4846 4987 5541 5468 5289 5271 5097 5145 5303 5374 4660 4933 5138 5275 5196 5338 5119 5047 4820 5042 5438 4758 5588 5024 5406 5113 5136 4709 5024 5176 4818 5140 4977 5320 4954 5485 5393 5055 5404 5151 5083 4920 5283 5159 5145 4569 4656 5403 5199 5142 4934 5173 5382 4740 5302 5211 5509 4911 5374 4710 5010 4851 5273 5057 5668 5132 5027 5018 5089 5261 4719 5107 5138 4951 5497 5135 5113 5285 5031 5020 5355 4952 5461 5224 5355 4744 5167 5122 4863 5171 4720 5447 5032 4884 5256 5237 5320 5288 5262 5101 5113 4668 5411 5347 5480 4901 5476 4941 5238 5240 4675 4899 5452 4911 4987 5104 4833 5407 5159 5182 5247 4760 5672 4997 4675 5192 4968 5440 5428 4884 5190 5376 5224 4685 4817 5116 4953 4799 5190 4847 4874 4819 5104 5074 5264 4766 4947 4796 5249 5173 4920 5599 4945 5369 5314 4987 4831 4886 5057 5092 4713 5454 5607 5240 5219 5366 5020 5029 5519 4824 5172 5537 5140 5272 5319 5557 5065 5514 5128 5144 5195 5320 5102 5004 4786 5275 5238 5045 5304 5045 4980 4992 5621 
4749 4083 4824 4764 4595 4436 4484 4897 4910 4804 4679 4577 4878 4596 5064 4522 4499 4852 5289 4834 4560 4867 4739 4304 5245 4855 4563 4438 4694 4709 4765 4372 4936 5042 4544 4318 4660 5105 4733 4209 4700 4688 5023 4495 4910 4968 4775 5130 4890 4913 4478 4927 4844 4999 4549 4932 4503 4757 4544 5132 4928 4822 5112 4998 4569 4659 4739 4664 4657 4557 5111 5180 4774 5070 4794 4642 4786 5066 4591 5171 4531 4699 4728 4702 4451 4896 4965 4572 4668 4723 5024 4696 5072 4949 4637 5010 4898 4816 4614 5044 4669 4892 4317 4226 4615 4659 4684 4715 4645 5124 4477 4918 4627 4886 4789 4788 4670 4434 4199 4982 4819 5023 4465 4641 4564 4583 4969 4479 4883 4698 4579 4505 4754 4802 4658 4704 4734 5019 4686 5127 4740 4899 4477 4935 4940 4723 4965 4492 5321 4541 4686 4818 4871 4797 4965 5035 4802 4792 4591 5100 4712 4983 4727 4995 4807 4886 4880 4273 4807 4920 5041 4636 4608 4547 4825 4685 4781 4708 4665 5045 4735 4523 4740 4867 5028 5226 4564 4732 4808 4713 4354 4542 4740 4575 4574 5167 4489 4815 4770 4953 4885 5127 4580 4609 4922 4991 4918 4223 5378 4578 4668 4679 4480 4375 4708 4890 4902 4608 5154 5066 4872 4958 5118 4548 4896 5046 4650 4379 5260 5008 5055 4829 5189 4728 5235 4678 4935 4549 5065 4605 4703 4369 4691 4941 4616 4958 4663 4491 4768 5167 
4962 4473 5407 5321 4937 5011 4887 5158 5295 5088 5228 4881 5148 4917 5523 5194 4816 5038 5447 5001 5232 5058 5269 4687 5484 5168 5091 4916 5014 5102 5011 4708 5090 5352 5154 4668 4735 5056 5111 4409 5166 4805 5447 4994 5178 5210 5260 5240 4867 5192 4528 5194 4931 5209 4876 5203 4676 4995 4901 5341 5336 5124 5209 5386 4982 5091 5218 4788 5126 4935 5317 5161 5382 5527 5037 4850 4823 5616 4839 5435 4994 5195 4857 5361 5007 5161 4753 5161 4840 4939 5166 4743 5429 5202 5093 4953 4769 4989 4937 5343 4931 5225 4848 4589 5120 5269 5305 5007 4881 5266 4774 5334 4906 5319 4754 5085 4793 4862 4842 4965 4926 5117 5075 4738 4985 5099 5066 4683 4962 5153 4669 5227 4809 5157 5288 4774 4815 5279 4892 5393 5187 5387 4888 5150 5056 4927 5368 4928 5135 4800 4568 5217 4999 5287 5070 5228 5033 4950 4790 5223 5442 5344 5033 5161 5009 5165 5051 4484 4906 4922 5237 4660 4994 4870 5234 5365 5231 5089 4910 5426 4802 4816 5097 5035 5263 5469 4746 5003 5112 4817 4746 4585 5067 4816 4862 5142 4795 4940 4741 4901 5162 5468 4949 5018 5172 4972 4757 4671 5634 4702 5222 5084 4974 4908 4749 5138 5212 4339 5426 5182 5142 5382 5365 5243 4900 5210 4963 5141 5551 5353 5443 5223 5422 5048 5594 4909 5110 4896 5226 5186 5111 4752 5066 5259 5032 5053 4823 4454 5024 5865 
5250 4566 5075 5229 5008 5253 4787 5297 5357 4922 5181 5200 5348 4774 5410 5226 5011 5128 5592 5031 5136 5166 5243 4692 5589 5362 5150 4799 5228 5049 5310 4912 5346 5322 4846 4754 4908 5438 5197 4560 5401 5020 5244 5013 5044 5127 5392 5219 5035 5262 4564 5379 5103 5348 5054 5554 5055 5007 5096 5452 5493 5252 5212 5435 5382 5232 5548 4748 5218 4933 5207 5311 5205 5394 5126 5166 5126 5327 4875 5729 4972 5363 4814 5210 5215 5308 5084 5042 5266 4964 5396 4960 5506 5528 5230 5186 4809 5169 5293 5224 5035 5465 4783 4888 5250 5216 5314 5083 4989 5510 4682 5550 5307 5384 5142 5085 4829 4871 5042 5384 5192 5254 4939 5015 4830 4870 5163 4456 5130 5502 4981 5355 4788 5205 5237 4920 4836 5309 5244 5640 5198 5309 4746 4971 4842 5204 5013 5098 5318 4866 4966 5313 5189 5138 5331 5534 5053 4906 4973 5412 5498 5530 5098 5183 5282 5084 5075 4475 5224 5094 5258 4987 5049 4813 5492 5226 5411 5328 4941 5546 5054 4986 5147 4997 5283 5603 4896 5002 5571 5075 4462 4769 5207 5149 5013 5190 4993 5312 5042 5306 5246 5376 5172 5038 5098 5136 4808 4797 5723 4806 5332 4870 5094 4866 5087 5037 5259 4685 5746 5283 5555 5111 5552 5286 5226 5668 5228 5168 5506 5549 5081 5439 5667 5331 5568 4947 5541 4905 5217 5144 4944 5102 5025 5300 4997 5246 5207 4903 4944 5728 
5425 4768 5397 5369 5001 5281 4894 5214 5564 5300 5494 4938 5744 5437 5314 5439 5156 5430 5731 5048 5177 5285 5422 4609 5312 5314 5284 5305 5448 5330 5488 5010 5524 5358 5278 4868 4812 5642 5356 4618 5623 4963 5416 5103 5331 5290 5408 5575 5082 5325 4759 5419 5413 5316 5141 5659 4886 5293 5061 5648 5543 5581 5420 5310 5296 5416 5281 4913 5397 5213 5386 5546 5338 5356 5223 5142 5174 5767 4885 5640 5180 5285 5165 5033 5042 5270 5856 5091 5276 5174 5526 5090 5580 5620 5341 5449 5560 5053 5108 5675 5284 5493 4945 5019 5225 5154 5247 5140 5056 5623 5222 5659 5215 5344 5242 5250 4981 5200 4839 5565 5152 5810 5028 5415 5016 5410 5021 4845 5175 5198 4823 5367 5300 5202 5275 5183 5175 5497 4796 5715 5642 5613 4938 5222 5292 5379 5428 4939 5737 5247 5140 5273 5295 5390 5620 5607 5063 5229 5073 5467 5460 5670 5455 5612 5657 5332 5663 4351 4966 5330 5377 5108 5258 5098 5342 5533 5514 5220 4937 5822 5256 5074 5373 5362 5452 5631 4965 5411 5409 5157 4793 4996 5135 5130 5256 5065 5019 5451 5069 5331 5317 5463 4841 5135 4909 5245 5306 5034 5814 4812 5357 5307 5222 4930 5241 5459 5561 4871 5677 5340 5397 5194 5740 5331 5178 5468 5121 5373 5836 5264 5378 5903 5779 5276 5910 5147 5494 5169 5696 5129 4977 5167 5325 5541 5446 5320 5256 4848 5075 5849 
5143 4732 5370 5247 5063 5250 4882 5438 5317 5259 5111 4725 5149 4709 5382 5350 4792 5299 5229 5110 4977 5141 4933 4455 5302 5453 5222 4905 5112 5000 5140 4948 5210 5105 5099 4908 4882 5260 4988 4397 5006 5094 5221 4974 4869 5285 5036 5399 5038 5087 4802 5261 4934 5149 4840 5593 4796 5013 4903 5625 5143 5453 5101 5222 4975 5456 5104 4884 5126 5214 5012 5226 5144 4992 5128 4976 4920 5328 4828 5488 5094 5263 4967 5103 4745 4987 5353 4975 5225 5137 5145 4926 5191 5444 5216 5570 5096 4827 4882 5515 5094 5334 4826 4774 4943 5149 5343 4956 5148 5392 4931 5420 5165 5407 4883 4888 4829 4867 4728 5326 5125 5599 5054 5020 5078 5230 5216 4824 4842 5147 4745 5218 5206 5169 5386 4862 5150 5214 4546 5543 5154 5447 4835 5246 5079 4900 5373 4818 5311 5328 4601 5175 4812 5178 5083 4965 5088 4953 4776 5287 5412 5460 4919 5438 4963 5075 5145 4437 5204 5146 5248 4974 5216 4767 5481 5264 5260 5229 5057 5474 5130 4698 5097 5364 5199 5702 4593 4945 5108 5014 4353 4848 4959 5005 5062 5365 4671 4892 4795 5180 5141 5157 4795 4945 5055 5333 4952 4589 5708 4687 5046 5357 4957 4822 4974 5399 5266 4581 5395 5441 5297 5227 5206 4774 4849 5541 5217 5244 5433 5388 5399 5426 5412 5234 5692 4823 5160 4939 5173 5053 4910 4941 5356 5541 4850 4999 4986 4664 5021 5429 
5144 4767 5540 5086 5146 5196 4635 5168 5133 5230 5315 5062 5050 4640 5437 5290 4941 5344 5543 4844 5128 4897 5215 4647 5333 5385 4892 4703 5005 4872 5290 4926 5101 5247 5394 4709 5077 5299 4921 4477 5172 4807 5210 5065 5166 5194 5100 5287 5134 5077 4668 5182 4997 5264 4628 5363 4906 5073 4918 5494 5382 5333 5241 5684 5137 5087 5158 4849 5140 5171 5234 5353 5288 5489 4826 4951 5014 5493 4658 5449 5014 5420 4981 5264 5105 5076 5130 4850 5160 5002 5289 4713 5337 5138 4943 4942 4958 4920 5125 4944 4978 5233 4742 4790 5230 5380 5238 4991 4606 5622 4802 5427 4957 5402 5045 5220 5041 4897 4782 5174 5112 5326 5063 4794 4940 4910 5125 4851 4822 5170 4690 5189 4813 5170 5202 4708 4984 5185 4892 5419 4966 5240 4704 5096 4978 4997 5204 5007 5613 5075 4709 5143 5049 5108 5375 5172 4926 5118 4854 5076 5344 5513 5046 5372 4978 5068 4997 4791 5082 5040 5155 4604 4893 4922 5251 4957 4888 5254 4869 5336 4974 4764 5153 5024 5335 5366 5010 5062 5359 5096 4617 4775 5201 4939 4700 5140 4874 5366 4992 5281 4986 5304 5085 4760 5068 5102 4938 4785 5340 4841 4989 5209 4929 4957 5041 4937 5372 4747 5555 5332 5354 5094 5395 5241 5149 5662 5064 4860 5679 5254 5292 5091 5459 5281 5457 4942 5033 4903 5240 5387 4878 4566 5185 5338 5133 5054 5035 4979 4961 5491 
5084 4135 5085 4880 4693 5212 4369 4807 4969 5069 5134 4706 5166 4753 4964 4894 4693 4967 5312 4849 4790 5031 4816 4311 5121 5099 4634 4518 4825 4744 5013 4633 5154 4939 4628 4511 4584 5176 5063 4292 5201 4866 5012 4826 4726 4959 5017 5181 4755 5058 4354 5078 4878 4895 4733 5186 4570 4864 4444 5207 5377 5100 5011 5306 4680 5099 4990 4741 4841 4584 4768 5130 4989 5046 4650 4887 4758 5256 4370 5284 4846 5202 4737 4686 4570 4886 4991 4532 4719 4973 5118 4960 4989 5197 5039 4912 4794 4781 5081 5254 4693 5074 4633 4787 4897 5078 4620 4721 4606 5098 4762 5203 4824 5116 4739 4798 4397 4839 4638 5121 4702 5270 4686 4662 4912 4845 5189 4486 4831 4861 4566 5142 4848 4841 4931 4895 4676 4961 4563 5380 4900 5072 4734 4852 4853 4571 4988 4576 5284 4751 4611 4881 4876 5069 4882 5106 4983 4835 4675 5018 5092 5345 5033 5135 4787 4859 5097 4211 5007 4840 4811 4582 4662 4533 5047 5131 5035 4969 4428 5271 5015 4917 4750 5071 5099 5081 4531 4574 5102 4692 4298 4571 4747 4753 4781 4879 4602 4843 4888 4860 5144 5126 4789 4709 4629 4672 4710 4666 5353 4624 4853 4903 4680 4708 4870 4940 4917 4645 5186 5099 4875 5131 5150 4916 4831 5453 5039 5101 5390 4958 5038 5251 5206 4844 5348 4585 5066 4719 5148 4795 4462 4602 5070 4964 5088 4950 4651 4761 4974 5406 
5311 4585 5356 5305 5161 5576 5006 5548 5603 5248 5156 4812 5266 5209 5685 5653 5062 5479 5724 5222 5201 5470 5145 4798 5654 5509 5167 4956 5307 5269 5276 4970 5526 5403 5281 4776 5028 5581 5299 4878 5460 5242 5586 5047 5155 5382 5268 5816 5241 5348 5021 5630 5373 5412 5054 5726 4844 5167 5111 5544 5712 5679 5581 5708 5659 5508 5358 4940 5247 5295 5409 5504 5530 5359 5442 5146 5292 5674 4944 5541 5130 5357 5125 5359 5250 5406 5387 5223 5257 5158 5398 5358 5671 5728 5493 5232 5535 5137 5153 5449 5192 5431 4982 5017 5385 5337 4877 5192 4891 5642 4952 5511 5408 5694 5121 5334 5028 4983 5072 5566 4961 5567 5272 5044 5080 5349 5257 5146 4959 5363 4966 5235 5449 5611 5474 5078 5180 5613 5100 5723 5494 5532 4976 5001 5369 5131 5469 4965 5587 5143 4989 5442 5148 5152 5753 5660 5096 5226 5196 5630 5412 5606 5339 5617 5286 5405 5386 4718 5311 5350 5356 5116 5486 4782 5661 5626 5333 5309 5325 5755 5208 5138 5554 5209 5509 5588 4954 5096 5266 5139 4836 5215 5159 5100 5209 5298 4915 5230 5245 5357 5479 5421 5199 5196 5309 5336 4991 4925 6081 5012 5128 5232 5297 4927 5133 5226 5499 5030 5626 5537 5443 5127 5393 5283 5227 5617 5237 5260 6008 5669 5527 5822 5862 5360 5919 5175 5196 5157 5578 5421 5157 5128 5408 5409 5389 5107 5078 5187 5316 5718 
5536 4981 5383 5562 5313 5490 4916 5369 5473 5296 5329 5107 5317 5215 5528 5321 5102 5113 5272 5256 5050 5347 5374 4896 5755 5452 5303 5027 5125 5437 5278 5056 5641 5518 5225 4824 4880 5706 5303 5089 5499 5056 5396 5351 5310 5358 5140 5213 5237 5406 4917 5252 5205 5391 5060 5584 5141 5156 4945 5587 5496 5735 5473 5672 5179 5640 5226 5098 5477 5171 5170 5455 5518 5340 5238 5314 5384 5864 4925 5609 5473 5417 5061 5307 5045 5284 5405 4976 5211 5288 5509 5061 5457 5498 5440 5519 5179 5160 5305 5641 5314 5345 4976 5330 5290 5606 5077 5254 4995 5425 5118 5499 5364 5784 5358 5261 5202 5418 5131 5386 5297 5512 5225 5120 5038 5131 5386 5047 5184 5594 4706 5418 5394 5274 5240 5122 5257 5615 4930 5666 5457 5316 4962 5274 5234 5192 5507 5003 5654 5288 5097 5258 5374 5402 5000 5632 5178 5284 5243 5522 5344 5535 5325 5316 5361 5209 5415 4552 4947 5420 5470 5037 5248 4872 5413 5607 5160 5435 4907 5814 5067 5196 5298 5252 5666 5628 4927 5308 5753 5164 4678 4736 5430 5220 5130 5301 5040 5115 4738 5485 5325 5493 5091 4938 5173 5223 5175 4906 5742 4946 5466 5431 5348 4745 5324 5016 5295 4908 5699 5485 5452 5260 5859 5355 5436 5795 5417 5478 5696 5365 5579 5456 5742 5378 6124 5027 5455 5560 5235 5174 4913 4950 5614 5545 5380 5171 5132 5217 5187 5741 
5067 4727 5223 5253 4900 5152 4820 5228 5159 4835 5305 4914 5426 4761 5342 4996 5111 5030 5252 4832 4986 5047 5200 4479 5559 5487 5281 4894 5046 5187 5170 4954 5182 5080 4770 4669 4980 5165 5176 4848 5232 4939 4938 5014 5126 4979 5387 5247 5003 5355 4692 5062 5272 5301 4935 5325 4758 5044 4875 5630 5245 5359 5360 5345 5025 5344 5246 5087 5207 4974 5155 5249 5035 5087 5033 4860 5020 5525 4497 5245 5091 4938 4820 4852 5114 5140 4949 4814 4941 4965 5349 5122 5513 5373 4925 5452 5010 4840 4891 5258 4864 4906 4801 4923 5043 5185 5123 5341 4908 5336 4773 5419 5021 5468 5268 5055 4926 5203 4807 5299 5159 5383 5114 5103 4629 5024 4905 4565 5287 5058 4810 5175 5017 5072 5074 4793 4575 5165 5126 5630 5247 5333 4541 5144 5036 5086 5333 4863 5091 4705 4767 5018 5240 5339 5216 5389 4819 5246 5062 5583 5304 5331 5262 5256 5015 4974 5181 4595 4914 5051 5092 5036 4998 4558 5256 5193 4960 5299 4775 5515 5080 4927 5238 5047 5173 5304 4755 5202 5386 4755 4520 4757 5113 5072 4826 5168 4642 5084 4863 5045 5370 5193 4804 4907 5133 5332 5044 4983 5717 4747 5293 5204 5282 4835 4933 5290 5207 4664 5576 5273 5031 5294 5254 5034 5155 5367 5016 5268 5424 5503 5332 5558 5488 5017 5430 5075 5106 4951 5156 4870 5125 4884 5235 5229 4884 5115 5007 4887 5162 5666 
5257 4903 5558 5223 5165 5588 4980 5360 5333 5361 5424 5090 5281 4936 5450 5430 5179 5320 5479 5212 5299 5155 5356 4898 5615 5225 5252 5128 5356 5356 5467 4700 5344 5375 5022 4856 4846 5546 5429 4613 5261 5074 5393 5030 5048 5176 5566 5493 5276 5313 4712 5407 5161 5438 5079 5330 5108 5128 4983 5691 5340 5451 5418 5521 5211 5239 5450 4907 5201 5007 5314 5565 5621 5107 5255 5057 4949 5759 5017 5679 5271 5361 5147 5254 5331 5238 5204 5148 5309 5195 5457 5251 5610 5343 5584 5229 5271 4737 4967 5691 4965 5201 5094 4717 5267 5557 5234 5082 5260 5387 4842 5641 5288 5559 5121 4986 4992 5237 5044 5505 5088 5450 5130 5141 5062 4955 5327 4804 5070 5213 4919 5524 5272 5154 5510 5080 5051 5566 5130 5737 5314 5217 4895 5338 5128 5217 5428 4910 5630 4940 5026 5315 5339 5489 5429 5293 5261 5298 5121 5567 5488 5652 5165 5310 5154 5416 5254 4513 5200 5293 5292 4991 5197 4810 5401 5373 5264 5459 4842 5708 5264 5079 5236 5399 5693 5378 4939 5228 5485 5369 4896 4851 5166 5419 5016 5498 4981 5248 4948 5345 5299 5365 5055 5139 5185 5399 5371 4848 5465 5045 5315 5343 5335 5161 5174 5250 5302 4906 5549 5505 5200 5613 5248 5008 5284 5480 5034 5400 5790 5291 5531 5780 5621 5411 5834 5024 5193 5124 5383 5193 5121 5115 5324 5434 5296 5445 5150 4771 5073 5680 
5581 4831 5740 5300 5140 5449 5257 5525 5397 5504 5331 4969 5523 5240 5651 5357 5342 5217 5597 5320 5089 5508 5228 4726 5500 5544 5363 5117 5327 5353 5407 4921 5360 5522 5420 5051 5215 5702 5528 4713 5569 5087 5450 5147 5269 5253 5538 5625 5144 5217 4804 5510 5381 5389 5094 5459 5011 5220 5108 5743 5482 5628 5490 5980 5241 5273 5286 5054 5245 5101 5480 5377 5810 5572 5321 5136 5122 5790 5151 5706 5171 5450 5069 5696 5081 4977 5472 5064 5054 5250 5863 5252 5650 5678 5336 5521 5288 5257 5433 5784 5306 5614 4959 5048 5237 5535 5270 5191 5204 5366 4996 5616 5231 5369 4972 5126 4968 5235 5002 5736 5231 5633 5090 5152 5366 5291 5371 4875 5110 5204 5098 5592 5471 5474 5448 4933 5091 5543 4929 5658 5516 5170 5009 5246 5162 5346 5361 5063 5851 5001 5051 5573 5232 5316 5354 5429 5226 5129 5013 5731 5536 5595 5432 5802 5215 5343 5509 4759 5434 5088 5328 5103 5134 5209 5323 5427 5416 5334 5145 5651 5321 5086 5371 5101 5625 5817 5247 5186 5564 5274 5003 5202 5281 5323 5182 5565 5246 5497 5157 5397 5274 5451 5358 5121 5429 5458 5122 5029 5743 5131 5543 5415 5370 5192 5155 5507 5493 5045 5801 5495 5650 5453 5744 5052 5350 5646 5207 5506 5810 5559 5661 5445 5679 5376 5827 5010 5366 5281 5590 5485 4881 5416 5626 5303 5176 5505 5062 4921 5125 5950 
4664 4296 4869 4954 4541 4885 4343 4818 4684 4758 4714 4313 4835 4502 5009 4675 4456 4741 4926 4411 4281 4592 4367 3944 5068 4930 4554 4536 4600 4824 4531 4128 4606 4726 4382 4236 4349 4573 4603 4165 4979 4592 4762 4591 4856 4588 4608 4913 4493 4710 4339 4874 4697 4791 4216 4824 4336 4176 4400 5062 4657 4731 4603 5036 4637 4636 4662 4399 4753 4524 4637 4826 5027 4772 4576 4342 4511 5064 4301 4645 4660 4461 4474 4759 4762 4449 4578 4322 4698 4686 4743 4595 4928 4935 4668 4698 4677 4251 4428 4902 4648 4807 4642 4246 4488 4612 4444 4513 4644 4863 4563 5031 4768 4542 4372 4497 4301 4289 4521 4912 4485 4748 4550 4500 4683 4612 4722 4469 4632 4651 4357 4644 4703 4559 4730 4322 4583 4774 4425 5089 4654 4875 4095 4709 4609 4610 4708 4363 4986 4466 4591 4575 4677 4918 4605 4556 4460 4603 4400 5048 4958 5017 4793 4678 4801 4823 4538 4148 4670 4583 4714 4803 4575 4262 4734 4735 4436 4844 4522 4910 4409 4476 4596 4653 4800 4792 4164 4437 4927 4404 4350 4382 4421 4516 4465 4833 4364 4658 4578 4993 4885 4532 4567 4371 4706 4581 4678 4452 4959 4307 4509 4580 4691 4537 4221 4849 4580 4340 4700 4991 4659 4635 4926 4634 4525 4963 4560 4773 5037 4981 4775 5167 5003 4735 5118 4371 4487 4246 4791 4781 4560 4645 4982 4631 4433 4620 4612 4314 4836 4920 
5378 4694 5575 5284 5019 5819 5109 5333 5612 5352 5272 5197 5490 4981 5564 5323 4937 5623 5665 5155 5202 5401 5417 4938 5560 5463 5540 5111 5502 5365 5172 4980 5553 5410 5065 4884 4949 5584 5465 4507 5447 5248 5492 5041 5429 5532 5594 5548 5398 5139 4918 5597 5391 5418 4951 5481 5172 5241 5013 5469 5530 5627 5501 5791 5270 5392 5567 4701 5422 5336 5345 5579 5750 5206 5222 5188 5483 5611 4955 5789 5298 5337 5237 5336 5074 5110 5329 5195 5281 5174 5450 5178 5608 5533 5192 5617 5562 5144 5187 5637 5029 5558 4899 4885 5585 5621 5443 5015 4994 5579 5035 5661 5499 5555 5332 5217 5343 5075 4839 5480 5272 5515 5077 5395 5423 5468 5279 5015 5246 5260 5094 5642 5262 5342 5334 5080 5487 5761 5094 5818 5427 5375 4924 5400 5177 5174 5252 4998 5709 5075 5128 5438 5265 5567 5442 5565 5214 5138 5143 5460 5533 5803 5300 5704 5288 5307 5387 4672 5433 5419 5526 5185 5110 4825 5803 5335 5376 5486 5291 5782 5185 5160 5758 5383 5532 5548 4841 5369 5536 5234 4981 5086 5431 5247 5307 5319 4958 5322 5234 5446 5300 5722 5015 5182 5092 5576 5128 4933 6038 5338 5185 5389 5297 4993 5052 5527 5491 4957 5690 5619 5308 5615 5749 5147 5279 5594 4996 5419 5691 5161 5696 5677 5756 5422 5980 5125 5252 5158 5206 5275 5242 5165 5553 5478 5387 5255 5250 5298 5258 5934 
4976 4491 5473 5178 5040 5335 4796 5148 5161 5235 5236 5147 5086 4959 5371 5035 4695 5165 5348 4914 4891 4971 4959 4409 5433 5202 5119 4750 5135 5063 4994 4641 5468 5121 4933 4563 4727 5221 5140 4318 5080 4933 5063 4894 5034 5236 5116 5443 4861 5000 4545 5061 5153 5160 4935 5363 4816 4820 4725 5278 5542 5200 5200 5552 5062 4958 5300 4658 4989 4881 5256 5278 5276 5407 4874 5161 4907 5668 4798 5514 4988 5195 4722 5187 4791 4918 5175 4757 4924 5196 5475 4876 5282 5294 4966 5071 5000 4968 5072 5186 4813 4942 4849 4708 4982 5256 5335 5129 4996 5151 4665 5461 5172 5206 4809 4881 4729 4927 4988 5434 4919 5457 5066 4928 5002 4911 5228 4930 5254 4967 4950 5396 4972 5242 5097 4863 5035 5118 4720 5368 5130 5059 5004 5108 4883 4965 5235 4841 5150 4823 4718 5221 4980 5019 5255 5245 4903 4868 4752 5392 5335 5582 5046 5310 4952 5219 5427 4684 4895 5076 4998 4709 4904 4841 5225 5123 4783 5210 4951 5526 4835 4887 5177 5094 5147 5464 4697 4880 5358 5042 4861 4820 5184 4963 4753 5254 4773 5063 4701 5323 5005 5150 4860 4981 4857 5065 5021 4872 5444 4865 5081 4863 5004 4963 4943 5111 5256 4748 5396 5373 4888 4923 5395 5002 5239 5515 4917 5109 5626 5254 5213 5204 5249 5108 5395 4980 5101 4941 5298 5197 4666 4838 5443 5163 4974 5109 5071 4802 5136 5632 
5009 4399 4891 5246 4740 4871 4323 4789 4828 4806 4962 4521 5186 4482 5063 4810 4718 4994 5304 4494 4763 4739 4913 4499 5175 5169 5072 4651 4619 5057 4964 4709 5188 5068 4822 4561 4543 4836 4806 4383 4861 4717 5084 4681 5061 4837 4944 5158 4711 5261 4467 5076 5023 5101 4449 5271 4585 4678 4632 5427 5058 5231 5126 5115 4604 4961 4915 4510 4660 4654 4817 5053 5018 4855 4938 4532 4643 5354 4716 5113 4679 4833 4657 4427 4686 4840 5029 4825 4542 4912 5160 4659 5134 5131 4987 5012 4847 4613 4526 5278 4693 4946 4648 4430 4793 5053 4757 4752 4522 5153 4735 4903 4884 5056 4727 4860 4561 4761 4456 5147 5044 5183 4737 4796 4702 4824 4833 4507 4808 4616 4541 4765 4823 4906 4817 4440 4727 5095 4387 5303 4701 4950 4403 4976 4912 4759 5014 4693 4926 4874 4747 4934 4693 4865 5054 4983 4605 4958 4354 5042 4966 5091 4760 5408 4932 4922 4878 4328 4891 5045 4794 4571 4816 4614 4956 5058 4565 4933 4909 5227 4730 4376 4781 4773 5123 5043 4457 4852 5154 4635 4396 4419 4806 4669 4544 4895 4601 4631 4670 4954 4912 4977 4809 4599 4586 4785 4750 4535 5293 4508 4744 4894 4642 4307 4994 4894 4855 4646 4952 4934 4714 4772 4885 4831 4908 5171 4865 4981 5139 4992 5097 5066 5127 4664 5637 4703 4743 4511 5196 4510 4632 4645 4898 4966 4726 4619 4733 4605 4912 5332 
4960 4533 5191 4949 4681 5014 4696 5019 4888 4945 5001 4815 4880 4545 5221 4730 4912 4914 5540 4853 4922 4770 4763 4341 5492 4954 5084 4742 4810 4927 5089 4617 5179 4938 4774 4327 4772 5193 4911 4301 5246 4747 4812 4554 4912 4989 4833 4996 4717 5115 4370 4979 4876 4936 4619 5346 4582 4704 4756 5144 5161 4976 4989 5058 4981 4836 4977 4582 4875 4818 4969 5111 4797 5080 4779 4668 4794 5023 4590 5213 4960 4843 4796 4702 4764 4965 4971 4598 4821 4823 5030 4808 5029 5023 4788 4875 5030 4706 4610 4864 4800 4925 4674 4990 4703 4887 4901 4875 4611 5135 4798 5265 4806 5017 4689 4942 4549 4661 4931 4997 4979 5036 4674 4792 4457 4858 4768 4584 4836 4761 4621 5157 4825 5002 4962 4749 4629 5082 4653 5171 4789 4952 4675 4846 4938 4870 4943 4676 5055 4853 4549 4773 5059 4933 4993 5052 4885 5040 4652 5050 5162 5209 4774 4942 5138 5058 5040 4373 4748 4872 4681 4684 4844 4493 4979 5060 4791 5043 4739 5093 4585 4840 4804 4993 4896 4875 4480 4696 5022 4746 4162 4425 4730 4742 4430 4880 4818 4995 4698 4822 4885 4885 4903 4565 4418 4817 4979 4835 5341 4376 4957 4887 4897 4647 5055 5004 4906 4547 5075 4786 5054 4669 4962 4872 4829 5218 4704 5124 5235 5042 4892 5220 5221 5070 5256 4613 5209 4843 5044 4797 4309 4817 4846 4955 4916 5034 4895 4438 4644 5498 
5477 4770 5606 5290 5056 5373 5059 5400 5688 5299 5299 4874 5483 4985 5603 5593 5069 5449 5526 5058 5096 5230 5293 4685 5430 5231 5358 4863 5333 5369 5490 4891 5092 5259 5225 4957 5085 5193 5219 4596 5481 4891 5629 5132 4963 5322 5499 5503 5427 5338 4923 5485 5089 5605 5007 5421 4804 5158 4789 5340 5321 5341 5412 5616 5320 5342 5194 4946 5425 5149 5385 5498 5353 5418 5242 5092 5030 5641 5165 5646 5144 5394 5136 5327 4977 5081 5315 5251 5537 5342 5493 5309 5427 5498 5527 5426 5176 5229 5050 5556 5115 5368 4953 4588 5222 5394 5366 5164 5049 5463 4757 5548 5348 5294 5321 5257 4791 4983 4964 5297 5223 5688 5127 5132 5145 4816 5265 4809 5037 5300 5139 5420 4934 5466 5379 4852 5034 5422 4903 5698 5314 5641 4866 5143 5043 5109 5197 4967 5478 5221 5052 5288 5097 5405 5244 5418 5190 5218 5070 5423 5544 5772 5212 5274 5102 5342 5393 4718 5412 5164 5223 4894 5557 4657 5521 5357 5332 5405 5076 5789 5143 4845 5275 5513 5500 5541 4815 5136 5462 5152 4856 4963 5352 5197 5192 5493 4949 5403 5077 5429 5123 5334 5117 5071 5209 5363 5076 5034 5718 5195 5195 5020 5074 5052 4952 5219 5202 4958 5516 5499 5595 5321 5490 5097 5261 5758 5049 5119 5761 5464 5595 5723 5855 5163 5831 4826 5276 5166 5311 5330 5230 5111 5433 5587 5031 5130 5088 4934 5214 5745 
4830 4210 4861 4647 4579 4886 4529 4820 4860 4541 4629 4666 4811 4485 4695 4814 4607 4916 5176 4719 4508 4585 4668 4231 4853 4930 4907 4533 4799 4605 4821 4418 4971 4993 4468 4134 4164 4876 4730 3925 4707 4562 4784 4703 4546 5000 4945 5051 4567 4856 4339 5057 4836 4834 4717 5001 4369 4782 4736 4892 5125 4955 4946 4798 4726 4725 4911 4330 4651 4760 4849 4933 5073 4790 4528 4558 4417 5174 4426 5219 4580 4630 4559 4680 4472 4805 4560 4481 4742 4472 4899 4469 5187 4813 4821 4995 4632 4509 4757 4973 4645 4901 4501 4399 4964 4740 4788 4483 4686 4909 4473 4808 4816 4870 4558 4764 4556 4473 4164 4888 4843 4842 4701 4496 4770 4683 4936 4273 4500 4657 4436 4996 4723 4836 4937 4668 4541 4669 4296 5196 4803 4817 4546 4710 4648 4485 4826 4448 5115 4609 4602 4808 4784 4929 4707 4719 4731 4585 4524 5103 4759 5166 4666 4963 4589 4837 4875 4040 4803 4748 4972 4476 4652 4530 4930 4677 4703 4874 4506 5266 4473 4613 4946 4838 4954 5053 4659 4861 4880 4849 4249 4517 4817 4775 4634 4881 4595 4720 4588 4786 5115 4953 4693 4761 4741 4879 4587 4443 5104 4575 4565 4803 4739 4601 4555 4848 4917 4407 5014 4819 4761 5077 4950 4769 4588 5117 4295 4864 5344 4836 5019 5017 5036 4854 5190 4702 4817 4463 4790 4625 4528 4430 4832 4942 4780 4606 4654 4321 4694 5369 
5029 4715 5187 4855 5029 5188 4927 5100 5140 4802 5082 4754 4705 4835 5315 5077 4709 5042 5331 5135 5076 4926 4858 4606 5143 5221 4861 4875 4866 5048 5123 4514 5128 5119 4684 4521 4948 5312 5029 4338 5191 5005 4979 4683 4959 5253 5194 5385 4938 4927 4512 5125 4912 5052 4738 5069 4641 4926 4693 5169 5187 5036 5073 5304 4745 4955 5123 4785 4909 4948 5225 5152 5086 4953 4954 5020 4966 5357 4657 5177 5107 4957 4934 5046 4902 4739 4987 4619 4977 4795 5182 4970 5245 5113 4939 5160 4985 4700 4625 5085 4965 5001 4793 4729 5307 5190 4845 4937 4924 5033 4686 5172 4910 5017 4958 5036 4680 4653 4541 5376 5111 5306 4830 4910 4792 4854 5039 4714 4720 4971 4563 5021 4970 5012 4957 4964 4807 5223 4814 4969 5108 5167 4785 5049 4977 4811 5194 4697 5196 4739 4908 5138 5141 4982 5151 5044 4979 4949 4651 5276 5411 5452 4953 5190 4901 5108 5080 4765 5120 4849 4996 4721 5095 4728 5365 5182 4903 4992 4719 5416 5071 4904 4940 5090 5112 5360 4532 5094 5242 5041 4445 4864 4926 4749 4759 5299 4437 4783 4739 4982 4769 5130 4976 4870 5113 4926 4673 4703 5423 4643 5186 5070 4856 4618 5027 5075 5094 4536 5125 5482 5040 5007 5151 4972 5069 5309 4796 4926 5308 4978 4955 5229 5085 4968 5537 4799 5003 5075 4903 5093 4502 4808 4885 5171 4811 4976 4703 4778 4766 5438 
5424 4628 5560 5618 5170 5610 5029 5323 5475 5243 5424 5193 5509 5030 5529 5259 4930 5422 5600 5340 5086 5026 5396 4718 5669 5657 5317 5219 5124 5351 5438 4891 5492 5591 5167 4912 5018 5499 5321 4595 5339 5062 5561 5301 5405 5287 5408 5504 5257 5387 5091 5543 5353 5276 5070 5553 4910 5129 5009 5636 5551 5419 5397 5590 5233 5435 5338 4928 5368 5169 5517 5552 5535 5304 5275 4920 5118 5802 5000 5681 5187 5394 5153 5186 5063 5342 5296 5106 5300 5244 5494 5357 5746 5444 5411 5384 5375 5095 5158 5586 5278 5282 5122 4844 5343 5583 5318 4912 5281 5499 5046 5669 5308 5429 5186 5247 4887 5008 5052 5710 5158 5664 5175 4983 5218 5216 5455 4810 5441 5118 4918 5437 5465 5371 5416 5190 5024 5457 5151 5656 5253 5744 5243 5430 5163 5239 5401 5059 5657 4991 5149 5377 5105 5660 5322 5437 5239 5456 4955 5713 5481 5575 5439 5369 5370 5232 5435 4590 5272 5370 5287 5001 5194 5161 5408 5296 5497 5400 5220 5653 5380 5055 5367 5325 5617 5488 4943 5335 5397 5341 4886 5282 5414 5387 5228 5226 5109 5214 4900 5518 5523 5554 4918 5046 5391 5292 5413 4990 5789 5226 5511 5413 5407 4968 5201 5477 5561 4958 5636 5531 5152 5445 5611 5343 5165 5458 5007 5412 5706 5557 5557 5335 5744 5395 5768 5166 5340 5221 5420 5461 4791 5079 5298 5503 4986 5363 5309 4946 5177 5872 
5529 4969 5451 5484 5281 5536 5153 5239 5594 5266 5405 5261 5424 5120 5716 5188 5171 5666 5794 5243 5429 5449 5275 4723 5640 5544 5487 5222 5678 5226 5394 4937 5509 5247 5186 4967 5125 5561 5541 4829 5689 5205 5594 5030 5282 5392 5577 5793 5242 5530 5032 5392 5266 5401 5110 5678 5093 5303 5171 5582 5614 5511 5686 5687 5240 5577 5531 5090 5362 5199 5505 5680 5321 5624 5345 5162 5390 5590 5278 5904 5363 5507 5477 5469 5237 5315 5537 5213 5522 5530 5690 5219 5423 5550 5553 5529 5381 5108 5519 5807 5519 5782 5153 5190 5357 5604 5434 5516 5195 5622 5172 5897 5453 5560 5450 5296 5069 5108 5163 5709 5476 5801 5099 5260 5346 5452 5365 5048 5219 5334 4975 5764 5578 5462 5539 5211 5213 5660 5057 5826 5494 5521 5275 5395 5298 5309 5330 5239 5787 5140 5169 5642 5432 5477 5715 5478 5312 5230 5258 5587 5801 5588 5340 5540 5411 5413 5848 5067 5273 5281 5487 5196 5333 5116 5660 5510 5527 5620 5127 5833 5154 4992 5407 5163 5726 5789 5078 5388 5474 5422 4990 5343 5357 5236 5129 5341 5064 5507 5093 5535 5456 5672 5098 5249 5124 5477 5343 5178 5858 5123 5583 5409 5550 5059 5379 5290 5619 5025 5758 5740 5502 5434 5659 5208 5373 5743 5134 5358 5717 5548 5469 5804 5770 5475 5903 5235 5728 5438 5537 5450 4984 5189 5471 5667 5447 5251 5651 5263 5320 5835 
4672 4181 4994 4872 4465 5018 4637 5095 4587 4623 4967 4871 4758 4501 4839 4735 4535 4992 5279 4504 4698 5017 4590 4479 4986 4894 4754 4383 4828 4486 4812 4662 4985 4941 4888 4459 4669 5120 4679 4082 4727 4603 4856 4647 4727 4729 4829 5005 4560 4730 4083 4856 4756 4890 4553 4992 4672 4468 4611 5000 4911 5042 4696 4959 4547 4645 4816 4719 4728 4702 4818 4916 4963 4883 4619 4670 4670 4862 4398 4957 4614 5037 4608 4895 4499 4651 4717 4474 4558 4671 4822 4378 4941 4968 4687 4911 4719 4560 4602 4925 4703 4960 4452 4555 4740 4638 4972 4511 4636 4994 4431 4989 4588 4844 4758 4742 4659 4496 4264 5025 4639 4779 4640 4520 4378 4825 4757 4408 4501 4769 4336 4876 4748 4998 4853 4369 4662 4959 4466 5060 4860 4945 4397 4846 4571 4589 4691 4673 5299 4554 4377 4641 4774 4523 4845 4829 4760 4580 4411 4995 4989 5071 4648 5248 4607 4850 4987 4093 4819 4501 4840 4441 4483 4638 5366 4824 4781 4758 4387 4984 4677 4713 5021 4957 4833 5263 4408 4444 4872 4776 4192 4511 4808 4515 4847 4758 4436 4710 4784 4999 4951 4900 4706 4802 4614 4765 4722 4299 5097 4553 4832 4777 4613 4560 4861 4654 4781 4693 5233 4832 4930 4771 4962 4716 4556 4973 4663 4713 5024 4710 4947 4848 4842 4740 5255 4580 5085 4519 4941 4756 4249 4626 4660 5020 4666 4868 4842 4667 4824 5098 
5280 4732 5387 5232 5151 5412 5142 5462 5376 5386 5188 5000 5404 5165 5342 5255 5057 5189 5508 5062 5015 5418 5453 4665 5501 5545 5207 5170 5185 5495 5084 4946 5228 5259 5294 4664 4730 5512 5339 4510 5306 5294 5328 4758 5219 5268 5333 5450 5124 5335 4898 5362 5320 5208 4906 5329 4892 4999 4948 5448 5439 5214 5368 5381 5023 5463 5350 4927 5254 5074 5112 5467 5350 5142 5536 5076 5170 5643 4997 5485 5001 5252 5304 5534 5128 5216 5335 5083 5245 5111 5328 5029 5567 5287 5477 5207 4972 4867 5217 5657 5334 5561 4760 4795 5234 5303 5175 5063 4984 5513 5104 5498 5287 5405 5006 5038 4800 5124 4830 5532 5340 5442 5057 5104 5163 5121 5486 4851 5055 5347 4962 5315 5173 5086 5586 4947 5204 5534 5008 5741 5475 5298 4756 5029 5148 5281 5297 4874 5517 4904 4960 5445 5144 5465 5309 5333 5087 5111 4875 5697 5560 5592 5212 5219 5251 5152 5452 4616 5178 5160 5368 4965 5001 4974 5242 5381 5325 5437 4962 5653 5102 4895 5334 5351 5460 5439 4899 5321 5318 5158 4696 4991 5141 5221 5051 5283 4923 5258 5032 5479 5329 5381 4778 4943 4942 5448 5207 5111 5784 4920 5131 5212 5014 4970 5079 5455 5392 4963 5659 5531 5485 5341 5447 5242 5308 5620 5173 5135 5898 5473 5455 5444 5774 5553 5705 4886 5290 5143 5465 5274 4994 5056 5309 5484 5213 5332 5046 4798 5181 5620 
4559 3927 4787 4896 4419 4843 4093 4650 4691 4625 4701 4316 5103 4466 4630 4665 4336 4618 4980 4456 4552 4787 4891 3929 4667 4877 4782 4412 4512 4681 4687 4048 4751 4748 4325 4144 4135 4733 4689 4028 4720 4503 4808 4717 4538 4634 4717 4663 4627 4796 4168 4758 4656 4883 4295 4749 4420 4367 4246 5083 4888 4753 4707 4666 4627 4935 4605 4433 4601 4312 4733 4884 4774 4884 4483 4506 4438 4862 4327 4874 4644 4914 4616 4567 4405 4621 4717 4233 4738 4747 4813 4718 5077 4797 4643 4778 4491 4411 4607 4818 4651 4696 4453 4194 4916 4408 4642 4538 4529 4962 4152 4892 4450 4979 4640 4525 4455 4489 4133 4760 4367 4923 4355 4457 4504 4709 4742 4375 4475 4592 4341 4836 4839 4616 4727 4305 4617 4660 4342 4934 4570 4895 4359 4528 4511 4563 4585 4308 4940 4377 4240 4571 4470 4850 4947 4778 4617 4396 4470 4869 4668 4940 4603 4675 4489 4504 4785 4346 4737 4721 4550 4355 4679 4389 4873 4818 4684 4669 4458 5186 4445 4223 4819 4825 4487 4689 4259 4556 4747 4499 4164 4144 4459 4454 4352 4805 4333 4813 4455 4577 4813 4682 4573 4509 4726 4890 4366 4268 5134 4277 4607 4713 4448 4192 4503 4541 4491 4268 5014 4899 4679 4816 4856 4503 4774 5005 4672 4449 4804 4760 4725 4918 4643 4447 5216 4654 4593 4480 4711 4336 4357 4541 4437 4627 4664 4667 4591 4406 4648 5038 
5354 4779 5292 5245 4863 5179 4819 5231 5253 5065 5215 4862 5252 4787 5632 5105 4954 5150 5338 4863 5092 5138 5065 4581 5396 5144 5095 5141 5026 5007 5248 4981 5368 5071 4764 4558 5112 5246 5043 4513 5344 4923 5254 4984 5048 5602 4912 5373 4920 5278 4553 5191 5102 5455 4734 5437 4793 4853 4642 5204 5199 5078 5163 5219 4960 5028 5084 4735 5146 5117 4924 5253 4979 5223 4962 4974 5257 5296 4865 5512 5077 5197 4897 5050 4844 5182 5294 5006 4943 4912 5534 4978 5249 5280 5285 5264 5177 5042 4964 5456 5010 5170 5121 4823 5056 5266 4848 5222 4830 5312 4842 5402 5224 5255 5082 5066 4637 4839 4649 5166 5072 5571 4934 4979 4875 4900 4921 4641 5049 5158 4779 5116 5221 4968 5082 4852 4938 5408 4653 5494 4929 5345 4849 5192 5130 4961 5313 4922 5588 4890 4974 5096 5033 4978 4980 5321 4793 5158 4845 5284 5510 5249 5071 5549 5138 5266 5140 4439 5009 5112 5225 4965 5034 4800 5031 5323 5091 5246 5029 5575 4787 4831 5195 5153 5462 5493 4832 4918 5331 4986 4313 4899 5073 5005 5008 5220 4925 4979 4945 5350 5357 5315 4918 4863 5100 5015 5212 4549 5590 4769 5323 4986 5025 4703 5209 5136 5143 4595 5304 5316 5305 4991 5771 4898 4876 5537 5047 5165 5857 5290 5461 5349 5554 5039 5739 4883 5097 4884 5324 4957 4707 4725 5140 5435 4884 4969 4927 4804 4972 5436 
4708 4114 4936 4575 4790 4677 4441 4948 4880 4721 4847 4540 4830 4549 4938 4770 4221 4519 5109 4602 4571 4802 4654 4301 5340 4976 4376 4692 4604 4562 4675 4458 4728 4961 4766 4267 4330 5043 4686 4054 4894 4449 4993 4932 4737 5049 4749 4819 4563 4896 4251 4953 4686 4689 4491 5101 4391 4608 4654 4754 4918 4798 4765 5049 4754 4863 4790 4594 4688 4786 4535 4966 4926 4795 4688 4508 4721 5408 4264 5032 4653 4743 4474 4817 4671 4816 4815 4582 4665 4522 4753 4734 4954 5143 4708 4863 4741 4594 4742 5016 4576 4875 4369 4363 4597 5001 4736 4588 4776 5063 4309 5114 4742 4993 4543 4551 4452 4670 4466 5084 4495 5143 4367 4519 4552 4782 4800 4097 4562 4750 4144 4727 4823 4733 4861 4441 4804 4966 4516 4937 4659 4842 4365 4619 4637 4376 4945 4401 5104 4484 4525 4604 4615 4765 4801 4947 4693 4798 4361 4815 4906 4888 4423 4802 4741 4908 4921 4199 4806 4744 4849 4376 4581 4407 4992 4911 4664 4869 4317 5086 4632 4337 4609 4564 4813 5175 4423 4639 4894 4546 4303 4479 4464 4656 4401 4718 4510 4798 4597 4538 4601 4759 4369 4541 4764 4704 4540 4430 5218 4609 4822 4633 4631 4397 4810 4674 4717 4482 4752 4833 5038 4920 4722 4593 4625 4951 4828 4613 5213 5183 4771 4842 4861 4967 5487 4575 4942 4729 4662 4733 4431 4665 5125 4793 4553 4881 4250 4551 4525 5192 
5317 4736 5601 5497 5421 5344 4821 5494 5297 5510 5284 5079 5203 5271 5288 5327 5264 5445 5604 5263 5122 5312 5189 4910 5453 5497 5270 4946 5307 5279 5393 4860 5355 5431 5229 4843 4837 5522 5214 4716 5496 5374 5162 5245 5137 5036 5518 5312 5248 5251 4763 5418 5208 5381 5010 5362 5100 5133 4855 5453 5501 5354 5198 5506 5181 5603 5438 4927 5277 5122 5363 5317 5441 5512 5285 4942 5196 5365 4814 5639 5161 5245 4983 5334 5140 5210 5285 5102 5217 5307 5586 5279 5585 5517 5070 5394 5218 4983 5183 5470 5021 5344 4998 5025 5368 5294 5341 5254 5292 5495 5050 5342 5235 5252 5154 5052 4699 5145 5118 5464 5259 5425 5133 5280 5368 5222 5269 4837 5070 5381 5182 5607 5199 5424 5204 5275 5023 5362 5154 5667 5270 5429 4994 5244 5026 5074 5184 5032 5532 5172 5174 5305 5200 5258 5420 5414 5259 5269 5095 5620 5387 5873 5447 5494 4882 5174 5504 4564 5406 5298 5305 4924 5105 5009 5516 5532 5271 5306 5049 5770 5179 4898 5275 5397 5700 5731 4816 5068 5415 4925 4870 4778 5355 5064 5355 5413 4982 5332 5129 5130 5251 5702 5217 5039 5273 5328 5156 4974 5550 4808 5165 5190 5255 5043 5217 5196 5227 5094 5698 5525 5316 5284 5721 5208 5129 5478 5134 5369 5818 5357 5435 5462 5454 5272 5576 4935 5376 5098 5268 5293 4970 5234 5500 5295 5067 5426 5027 5021 5171 5952 
5075 4592 5119 4831 4645 5389 4665 5357 5058 5007 4943 4700 5281 4912 5072 5305 4636 5288 5389 4884 5037 5054 4990 4412 5120 5214 5054 5155 5078 5087 5195 4571 5094 5107 4867 4569 4904 5282 5078 4326 4805 4858 5238 5177 4794 5105 5272 5216 5060 5067 4520 5255 5097 5079 4749 5220 4772 4570 4961 5259 5229 5344 5042 5094 5263 5248 5160 4648 5187 5211 5239 5302 5165 5250 4933 4962 4858 5439 4706 5284 4861 5110 5095 4957 4994 5002 5118 4868 5048 4907 5223 4872 5603 5272 4976 4981 5165 4971 4885 5164 5035 5260 4749 4422 5115 4887 4972 5033 4772 5351 4789 5229 5014 5237 5204 4903 4795 4802 4675 5208 4813 5391 4780 4882 4946 4863 5250 4822 4852 5146 4720 5279 5008 4948 5121 4816 5006 5209 4594 5450 5082 5222 4628 4924 4985 4988 5152 4881 5421 4854 4641 5078 5051 5219 5484 5269 4910 4799 4910 5146 5486 5465 5129 5102 5184 5099 4996 4533 5281 5080 5100 4726 5235 4958 5285 5162 5244 5133 4746 5391 4874 4803 5391 5160 5249 5131 4899 5044 5377 4998 4466 4609 5044 5097 4940 5044 4996 5128 4807 5280 5123 5148 4894 5030 4902 5247 4876 4732 5607 4638 4979 5062 4797 4870 4813 5062 5048 4601 5308 5449 5204 4856 5309 4915 5109 5486 5069 5067 5457 5153 5353 5262 5550 5014 5630 4914 4736 4826 5271 5074 4789 4618 5101 5493 4962 4982 4888 4950 4857 5503 
5389 4537 5404 4840 4786 5284 4636 5164 5396 4864 5192 5118 5197 5008 5159 4918 4752 5172 5259 5001 5265 5037 5249 4562 5207 5240 5102 4660 4927 5291 5202 4663 5410 5119 4644 4593 4781 5154 5371 4604 5155 4904 5202 4881 5228 5071 5247 5296 4819 5235 4624 5163 4824 5187 4916 5179 4754 4904 4711 5130 5301 5173 5203 5382 4799 5320 5139 4765 4807 4690 5107 5068 4937 5308 5005 4886 5237 5217 4732 5064 4835 5080 4786 5109 4886 5041 4912 5057 5044 4816 5337 4893 5337 5372 5247 5339 5134 4961 5049 5522 4948 5132 4648 4874 5029 5392 5138 4958 5110 5297 4739 5497 5118 5283 4810 4948 4741 4948 4952 5238 5004 5470 4726 5035 5088 4948 4959 4619 4749 4798 4656 5279 4882 5156 5131 4954 4889 5279 4863 5300 5101 5241 4713 5013 5116 4796 4993 4567 5296 4763 4705 5267 5096 5191 5117 5348 4916 5027 4749 5197 5247 5344 4926 5314 4961 5199 5180 4302 4995 5214 5227 4660 5045 4707 5142 5166 5132 5167 4809 5479 5100 4798 5276 4984 5309 5620 4764 5136 5356 4922 4782 4711 5081 4859 4719 4996 4536 4942 4753 4821 5034 5320 4555 4759 4855 5058 5017 4905 5602 4908 5014 5002 5226 4818 4924 5127 5302 4622 5303 5455 5073 5108 5491 4939 5084 5265 4962 5142 5282 5138 5283 5122 5531 5269 5197 4605 5290 4973 4876 5092 4912 4856 5015 5423 4911 5129 4896 4980 5057 5470 
5212 4638 5490 5353 4970 5434 4877 5512 5502 5010 5327 4954 5734 5122 5321 5157 5073 5279 5696 5166 5206 5575 5462 4687 5344 5500 5477 4964 5249 5324 5200 4917 5428 5640 4908 4998 5077 5509 5571 4698 5271 5397 5520 5108 5437 5420 5393 5707 5137 5519 4906 5661 5205 5373 4977 5582 4959 5206 4968 5611 5221 5470 5228 5670 5238 5349 5347 5016 5221 5047 5248 5491 5183 5399 5299 5302 5233 5718 5025 5564 5302 5203 5440 5545 5176 5284 5325 5226 5419 5066 5617 5239 5671 5386 5423 5471 5406 5335 5180 5858 5020 5255 5018 4855 5311 5578 5287 5184 5399 5419 4686 5513 5094 5534 5038 5213 4626 4896 4819 5329 5124 5829 4802 4986 4966 5072 5218 4913 5474 5084 5035 5633 5303 5388 5273 4973 4931 5827 4806 5657 5320 5509 4980 5411 5278 5061 5497 5049 5581 5032 4943 5437 5063 5453 5636 5349 5165 5092 4958 5584 5491 5499 5328 5685 5326 5267 5120 4599 5316 5398 5184 4762 5336 5167 5159 5428 5281 5355 5131 5539 5292 5030 5401 5715 5329 5473 4952 5397 5448 5491 4856 5171 5222 5023 5085 5353 4795 5153 5197 5194 5314 5598 5121 5295 5128 5377 5268 4960 6044 5344 5321 5202 5195 5082 5099 5431 5282 5070 5565 5484 5192 5442 5542 5145 5210 5613 5131 5236 5645 5389 5449 5605 5582 5047 5704 5070 5371 5105 5548 5140 5110 4961 5035 5575 5343 5348 4937 5198 5200 5932 
5369 4967 5456 5216 5230 5602 4915 5338 5685 5160 5373 4927 5472 5049 5343 5334 5012 5365 5629 5146 5375 5320 5256 4808 5634 5510 5137 5005 5219 5302 5349 4983 5362 5338 5195 4828 4914 5463 5390 4815 5159 5176 5502 5179 5141 5565 5563 5637 5441 5324 4944 5221 5347 5369 4905 5640 4967 4888 5014 5537 5456 5601 5698 5344 5201 5445 5341 5135 5464 5256 5217 5444 5506 5357 5436 5231 5213 5581 4761 5621 5052 5070 5306 5413 5318 5294 5147 5299 5417 5400 5247 5403 5711 5371 5709 5343 5057 5017 5224 5437 5338 5141 4852 5117 5541 5318 5063 5203 5055 5507 4845 5629 5458 5681 5173 5212 4907 5275 4962 5436 5158 5663 5218 5091 5036 5394 5314 4903 5177 5452 5015 5544 5411 5405 5346 5227 5170 5501 5035 5579 5092 5783 4883 4971 5151 5118 5374 4832 5854 5208 5009 5097 5078 5124 5307 5358 5301 4815 5098 5526 5515 5541 5390 5505 5098 5317 5116 4813 5502 5278 5384 5033 5582 4936 5529 5517 5421 5442 5021 5418 5404 5170 5449 5370 5391 5424 4956 5425 5394 5257 4728 5056 5203 5170 5124 5264 5088 5297 5088 5249 5470 5493 5112 5026 5272 5213 5155 5033 5718 5079 5340 5102 5073 4859 5110 5433 5162 4912 5314 5445 5508 5526 5271 5117 5112 5735 5120 5487 5565 5504 5613 5510 5808 5286 5845 4889 5258 5112 5178 5365 5079 4997 5407 5507 5306 5312 5078 4933 5256 5576 
5142 4566 5280 5243 5131 5134 4676 5255 5235 4908 5010 4957 5171 4830 5494 5266 5034 5149 5178 4934 4919 5105 5044 4923 5302 5275 5141 4807 5021 5139 4954 4420 5180 4671 4912 4645 4874 5343 5056 4699 5142 5060 5125 5043 4985 4980 5206 5426 4976 5010 4660 5224 5152 5003 4959 5218 4911 4846 4761 5234 5174 5239 5116 5265 5336 5191 5291 4615 5177 4783 4717 5170 5243 5080 4924 4746 5106 5334 4686 5299 4694 5081 4662 5143 4975 4957 5283 4700 4899 4914 5391 5024 5453 5017 5047 4862 4983 4892 4890 5099 4697 5162 4958 4871 5029 5223 5006 4991 4844 5197 4729 5456 5008 5256 4712 4918 4437 4786 4603 5212 4794 5254 4698 4848 5069 5088 5016 4844 4852 4995 4616 5083 5191 5080 5158 4537 4510 5265 4935 5374 5049 5248 4805 5064 4888 5057 4965 4855 5123 4882 4595 5035 4767 5378 5052 5078 4829 4986 4802 5181 5309 5401 4945 5193 5119 4923 5104 4341 5140 5080 5219 5034 5026 4675 5122 5178 4892 5140 4807 5313 5088 4847 5276 5084 5271 5151 4683 5010 5346 4888 4493 4902 4945 5046 4730 5084 4856 5127 4502 4843 5037 5125 4826 4601 5121 5177 4822 4764 5608 4851 4942 4892 5130 4807 4610 5022 5123 4674 5392 5234 5076 4997 5674 4855 4947 5298 4873 4936 5411 5306 5011 5319 5441 4903 5679 4502 5005 4915 5173 5017 4805 4843 5258 5251 5116 4888 4847 4643 4985 5537 
5057 4397 5126 5175 4688 4831 4670 5044 4999 4954 4858 4724 5042 4619 5274 4913 4642 5097 5096 4842 4951 4851 4987 4465 5349 5065 4990 4588 4699 5058 4875 4565 5204 5035 4912 4572 4679 5038 4854 4196 4809 4954 5038 4857 5013 5070 5025 5264 4665 4886 4582 4747 4754 4849 4521 5224 4582 4702 4631 5252 5274 5064 5206 4865 5054 5063 4968 4736 4980 4688 4792 4972 4892 5101 4740 4782 4942 5319 4768 5280 5031 4930 4818 4877 4567 4898 4873 4693 4983 4865 5193 4747 5167 5107 4818 4822 4945 4689 4807 5177 4730 5006 4620 4403 4997 4857 4781 4901 4420 5111 4513 5084 4723 5018 4755 4871 4389 4815 4526 5073 5028 5129 4988 4670 4574 4616 4956 4787 4652 4968 4713 5043 4824 5105 4937 4577 4686 5136 4599 5128 4781 5025 4613 5000 4931 4739 5014 4638 5088 4762 4793 5241 5005 4852 4821 4963 4843 4626 4626 4731 4863 5281 4953 5130 4884 4854 4941 4313 4788 4995 4924 4696 4792 4660 5077 4883 4830 4866 4636 5123 4841 4560 4831 5035 5040 5222 4566 4897 5175 4818 4654 4564 4840 4790 4678 5022 4685 4631 4675 4965 5021 4970 4902 4594 4627 4854 4638 4800 5429 4708 4913 4850 4732 4683 4771 5060 4803 4613 5241 5402 4946 5227 5028 4769 4649 5030 4897 4956 5218 5036 4961 4977 5294 4815 5245 4506 4889 4647 5189 4901 4746 4485 4728 4903 4799 4854 4703 4599 4836 5310 
5409 4893 5630 5364 5209 5312 5096 5511 5568 5664 5349 5069 5481 5196 5640 5477 5134 5323 5734 5214 5170 5420 5381 4950 5751 5595 5534 5137 5194 5457 5354 4830 5500 5580 5104 5006 5214 5533 5384 4657 5376 5240 5348 5121 5387 5552 5375 5734 5234 5370 4842 5295 5673 5531 5070 5569 4917 4981 5147 5782 5665 5571 5528 5694 5428 5293 5427 5166 5420 5536 5480 5585 5440 5464 5362 5249 5205 5803 5178 5749 5461 5240 5351 5345 5274 5242 5389 5238 5340 5246 5491 5160 5757 5699 5473 5636 5676 5190 5025 5645 5030 5325 5239 4742 5563 5364 5595 5341 5170 5450 4964 5462 5302 5626 5283 5161 5286 5096 5137 5341 5410 5561 5110 5336 5325 5224 5412 5077 5314 5210 5125 5733 5567 5629 5491 4911 5104 5690 5105 5831 5342 5706 5005 5325 5433 5373 5449 5142 5566 5035 4853 5599 5342 5545 5352 5391 5228 5087 5237 5847 5441 5598 5461 5788 5073 5525 5456 4807 5504 5365 5303 5007 5315 5092 5495 5714 5240 5566 5199 5675 5221 4926 5578 5566 5722 5769 5048 5409 5697 5350 4982 5009 5358 5343 5167 5429 5134 5428 5060 5391 5320 5718 5093 5188 5380 5272 5383 5077 5730 5294 5323 5539 5388 4865 5124 5612 5461 5258 5932 5841 5308 5673 5558 4976 5223 5923 5186 5561 5480 5599 5373 5533 5844 5307 5838 5186 5257 5226 5677 5419 5213 5136 5602 5412 5464 5416 5132 5094 5398 6042 
4936 4616 5333 5155 4839 5266 4732 5064 5208 5014 5080 5103 5137 5023 5123 5122 4922 5116 5442 4968 4950 5194 4896 4472 5373 5379 5050 4662 4827 5081 5008 4729 5240 4940 4789 4763 4791 5483 5025 4443 5165 5104 5088 5044 5278 5124 5194 5103 4546 5153 4568 5024 5002 4733 4822 5279 4623 5305 4749 5129 5389 5227 5157 5421 4805 5245 4928 4656 5147 4961 4987 5161 4820 5205 4875 5131 5041 5182 4663 5278 4730 5306 4850 5007 4713 4810 4922 4893 4884 4789 5382 5040 4977 5112 4894 5108 5019 5046 4985 5315 4572 5139 4779 4815 4896 5087 5004 4875 4660 5251 4782 5403 5181 5127 4861 4880 4652 4833 4651 5180 4989 5346 4833 4971 4871 4925 5221 4779 5150 5066 4623 4866 4974 5004 4993 4750 4829 5227 4770 5373 5185 5218 4582 5292 4918 4910 5427 4731 5414 4606 4876 5071 5145 5293 5182 5269 5078 5038 5072 5416 5184 5640 5206 5284 5119 5081 5023 4371 4978 5086 5342 4748 4932 4885 5089 5149 4991 5117 4696 5446 5010 4963 5091 5261 5158 5269 4674 4990 5343 4748 4469 4750 4870 4882 4709 5201 4704 4727 4817 5040 5146 5083 4675 4692 4958 5051 4911 5045 5697 4815 4980 4906 4798 4663 4749 5147 5149 4600 5374 4987 5147 5223 5367 4994 4939 5071 4963 5172 5221 5295 5353 5196 5404 5256 5543 4793 5186 4887 5085 4894 4752 4661 5003 5494 4840 5113 4712 4768 5123 5721 
5027 4502 5316 5169 4992 5363 4630 5346 5272 5144 5099 5002 5236 4818 5165 5178 4838 5222 5078 4778 4969 5130 5079 4587 5267 5208 5139 4860 4891 5036 5284 4456 5542 5235 4984 4761 4694 5375 5040 4810 5293 4970 5395 4862 5101 5265 5161 5456 5128 4970 4731 5101 5195 4999 4735 5349 4838 4823 4744 5405 5570 5366 5207 5476 4750 5260 5253 4595 5017 5152 5055 5241 5162 5246 5316 5146 5193 5427 4862 5417 5074 5241 4818 5138 5020 4930 5417 4930 4735 4880 5464 5018 5341 5213 5361 5262 5124 4985 5085 5249 4850 5186 4798 4685 5032 5306 5070 5059 4905 5201 4597 5405 5134 5204 4828 4976 4946 5121 5036 5165 5041 5366 4956 4957 5189 4827 5128 4985 4950 4912 4853 5011 5133 5137 5120 4740 4948 5228 4988 5476 5463 4993 4771 5103 4969 4825 5431 4923 5550 4712 4970 5326 4918 5272 5201 5132 5137 5026 4947 5379 5443 5487 5242 5608 4998 5073 5208 4477 5239 5086 5403 4787 5125 4985 5420 5201 4967 5163 4865 5592 5021 4655 5381 5054 5377 5397 4676 5154 5336 5031 4841 4848 5397 5099 5206 5391 4960 5148 4651 5185 5211 5283 4916 4796 5012 5159 5107 4747 5548 4912 5025 5103 5101 4820 5026 5201 5052 4831 5717 5384 5236 5138 5428 4853 5225 5427 4832 5132 5426 5308 5250 5312 5259 5056 5833 4700 5081 5155 5518 5075 4827 4655 5191 5391 4789 5138 5033 5054 4909 5399 
5361 4884 5554 5527 5084 5352 5038 5455 5346 4936 5281 5168 5301 4993 5406 5306 5257 5301 5534 5123 4985 5348 5248 4753 5510 5466 5146 5249 5408 5241 5417 5085 5487 5159 4954 4867 4813 5568 5398 4638 5302 5012 5329 5208 5100 5355 5348 5293 5071 5377 4651 5444 5054 5282 5139 5510 5002 5225 5154 5378 5582 5260 5375 5400 5174 5432 5527 5204 5262 5232 5203 5749 5492 5223 5249 5232 5088 5615 4995 5678 4959 5382 5195 5211 4931 5113 5247 5079 4968 4984 5506 5309 5648 5444 5477 5285 5064 4889 5145 5456 5174 5362 4988 4935 5257 5378 5326 5228 5016 5329 5239 5527 5261 5713 5254 5054 5030 5269 5043 5385 5301 5658 4876 5200 5047 5160 5430 4697 5239 5192 4888 5542 5412 5224 5363 5119 5084 5548 5178 5806 5545 5484 4932 5271 5040 5350 5386 4659 5354 5261 5005 5535 5255 5302 5349 5500 5196 5215 4924 5687 5359 5516 5290 5380 5121 5233 5358 4870 5236 5264 5524 4928 5146 4943 5423 5435 5343 5385 4969 5930 5001 4812 5258 5301 5509 5349 5033 5301 5670 5167 4585 4766 5469 5047 4780 5451 4707 5375 4923 5245 5445 5316 4961 5208 5048 5357 4891 4787 5723 5044 5350 5226 4921 5118 5011 5531 5273 4938 5664 5267 5302 5277 5344 5326 5159 5660 5131 5560 5609 5495 5269 5793 5510 5371 5927 4931 5600 4870 5192 5158 4881 5002 5250 5596 5161 5230 4860 4919 5148 5851 
5317 4923 5398 5363 5142 5427 5058 5504 5558 5051 5381 5018 5229 5042 5327 5316 4930 5435 5645 5157 5314 4987 5267 4712 5487 5653 5163 5133 5260 5080 5287 4822 5621 5032 5183 4735 5075 5581 5431 4648 5384 4991 5411 5191 5375 5602 5365 5483 5157 5309 4782 5383 5080 5243 4973 5614 5133 4952 5019 5547 5480 5500 5263 5319 5254 5252 5494 5005 5395 5195 5200 5487 5509 5150 5292 5118 5227 5691 4978 5565 5180 5386 5042 5071 5170 4979 5478 5034 5184 5369 5453 5182 5507 5294 5474 5303 5222 5085 5088 5407 5097 5300 5061 4827 5234 5239 5202 5321 5164 5499 4810 5674 5170 5400 4973 5080 4873 5140 5023 5556 5120 5770 5182 5369 5291 5192 5301 5047 4942 5264 5008 5437 5451 5482 5396 4944 5097 5550 4894 5659 5432 5449 4926 5315 5272 5115 5516 4826 5704 5169 5009 5456 5198 5444 5386 5078 5128 5413 4870 5523 5410 5550 5407 5366 5313 5393 5392 4488 5303 5104 5405 4757 5267 5178 5379 5600 5155 5249 4966 5872 5151 4992 5570 5570 5464 5695 5037 5173 5294 5214 4615 4942 5417 5244 5264 5162 5114 5348 5036 5176 5257 5342 4936 5231 5002 5411 5220 4818 5695 5078 5244 5134 5338 4885 5415 5302 5505 5035 5626 5547 5263 5216 5518 5141 5313 5591 4985 5524 5691 5523 5424 5539 5799 5260 6063 4961 5219 5239 5353 5273 5000 4755 5273 5447 5023 5170 5143 5007 5035 5744 
5588 4944 5845 5637 5424 5563 5253 5581 5587 5758 5536 5295 5353 5256 5787 5738 5229 5568 5822 5582 5569 5301 5515 5041 5790 5676 5484 5254 5276 5409 5753 5239 5768 5561 5426 5070 5334 5675 5470 4989 5633 5271 5654 5105 5336 5528 5594 5901 5340 5599 5076 5847 5280 5726 5245 5749 5024 5599 5134 5934 5556 5669 5561 5864 5256 5488 5574 5159 5475 5421 5560 5901 5712 5572 5472 5160 5364 5704 5227 5921 5493 5474 5097 5410 5493 5498 5527 5252 5304 5420 5761 5532 5562 5606 5575 5697 5420 5261 5370 5779 5316 5790 5165 5292 5407 5627 5420 5365 5318 5821 5174 5768 5323 5551 5371 5521 4990 5386 5071 5841 5378 5949 5320 5344 5495 5472 5581 5091 5303 5551 5090 5334 5527 5516 5840 5174 5266 5670 5369 5742 5794 5750 5266 5425 5340 5437 5608 5333 5847 5405 5319 5592 5502 5573 5656 5415 5431 5515 5258 5836 5910 5824 5580 5766 5345 5739 5712 5036 5451 5260 5612 5322 5526 5098 5478 5592 5399 5566 5113 5840 5760 4954 5501 5463 5446 5892 5115 5571 5582 5277 5169 5439 5412 5373 5325 5425 5164 5509 5296 5725 5612 5590 5197 5167 5727 5542 5439 5199 5844 5359 5651 5460 5700 5101 5317 5611 5766 5328 5884 5802 5614 5472 5689 5494 5404 5881 5410 5634 5916 5632 5713 5839 5877 5694 5947 5046 5633 5263 5486 5660 5257 5135 5394 5809 5384 5711 5268 5091 5326 6035 
5387 4816 5825 5432 4946 5571 5129 5497 5381 5318 5509 5288 5426 5397 5439 5537 5102 5473 5432 5466 5320 5375 5221 4833 5618 5692 5277 5078 5276 5380 5512 5121 5549 5661 5221 5044 5016 5751 5541 4822 5303 5304 5515 5236 5286 5370 5455 5534 5357 5390 4825 5461 5401 5318 5239 5550 5164 5437 4982 5425 5680 5445 5518 5739 5418 5542 5443 4938 5317 5556 5383 5801 5395 5540 5169 5580 5365 5849 5221 5773 5543 5306 5443 5555 5445 5095 5445 5419 5038 5196 5521 5260 5511 5820 5586 5521 5476 5294 5323 5969 5100 5479 5117 5010 5466 5570 5672 5523 5248 5533 5201 5533 5618 5702 5411 5247 5212 5584 5089 5635 5369 5627 5049 5412 5179 5204 5464 5069 5382 5506 5200 5767 5140 5283 5449 5273 5246 5573 5468 5947 5353 5580 4977 5222 5332 5302 5539 5187 5690 5112 5278 5635 5665 5418 5513 5718 5525 5179 5150 5538 5817 5940 5449 5648 5096 5311 5532 4764 5328 5376 5621 5271 5548 4983 5704 5390 5363 5403 5192 5994 5216 4922 5326 5407 5553 6133 5066 5349 5741 5155 5030 5005 5527 5370 5244 5489 5016 5498 5128 5393 5578 5614 5282 5165 5164 5470 5248 5121 5937 5029 5365 5340 5347 5119 5221 5542 5445 5084 5764 5428 5353 5317 5609 5417 5252 5724 5468 5396 5786 5441 5654 5754 5635 5648 6048 4876 5492 5439 5832 5257 5169 5269 5766 5729 5464 5641 5204 5310 5653 5615 
5415 4646 5502 5197 4866 5275 4933 5257 5312 5143 5176 4897 5269 4979 5299 4756 5006 5282 5455 4972 4850 5172 5236 4484 5531 5252 5279 4574 4968 5155 5313 4870 5465 5227 5005 4587 4689 5435 5268 4545 5140 4838 5209 4760 4770 5137 5131 5116 4773 5249 4552 5102 5142 5092 4761 5313 4669 4932 4826 5344 5538 5209 5295 5341 4796 5317 5169 4566 5096 5144 4917 5362 5174 5197 5080 4873 4880 5410 4748 5475 5054 5297 4925 4997 4903 4912 5262 5125 5134 5020 5538 4888 5086 5399 4976 5378 5105 4874 5040 5380 4948 5237 4723 4923 5234 5224 4737 5020 4594 5483 5028 5292 5089 5134 5046 4869 4732 5095 4816 5266 5030 5466 4971 5026 4821 5120 5019 4758 5108 5055 4781 5198 5160 5253 5162 4606 4934 5204 4527 5611 5221 5294 4957 5126 4934 4788 5160 5033 5566 4895 4998 5411 5270 5209 5340 5457 5124 5026 5138 5368 5306 5301 5391 5354 5179 5013 5605 4555 5125 5261 5209 4828 5112 4683 5312 5257 5213 5172 4989 5604 4979 4833 5068 4991 5127 5588 4969 5316 5339 5141 4738 4875 5192 5076 4779 5013 4771 5304 4830 5388 5070 5222 5020 5043 4804 5170 4984 4827 5500 4885 5036 5266 5080 4842 5099 5128 5249 4912 5340 5064 5276 5018 5441 5057 4968 5622 4954 5347 5609 5378 5183 5561 5343 5086 5843 4543 5328 5051 5419 4893 4848 4860 5162 5490 4961 5374 5298 4891 4876 5547 
5088 4473 5239 5187 4981 5061 4753 5156 5115 5249 5342 5033 5168 4985 5099 5043 4682 5159 5399 5038 4813 4961 4915 4566 5209 5013 4846 4697 5284 4890 5178 4519 5444 5077 4706 4589 4485 5097 4948 4514 4898 4803 5256 4819 4776 5204 5179 5442 5028 5065 4680 5133 5335 5151 4747 5221 4640 4947 4891 5107 5163 4999 4901 5270 4961 4842 5260 4687 4959 4901 5145 5122 5242 5019 5091 5043 4818 5146 4880 5195 5067 5009 4883 5201 4846 4909 5054 4767 4669 5027 5129 4990 5383 5233 5012 5264 4851 4728 4946 5124 4744 5037 4833 4874 5106 5088 4946 5053 4966 5227 4702 5392 5230 5191 4793 5020 4640 4723 4636 5354 4846 5066 4981 4874 4934 5120 5195 4644 4913 4905 4826 5152 5189 4740 5074 4746 5150 5302 4846 5243 5231 5412 4856 4907 4850 4704 5310 4969 5198 4753 4825 5087 4969 4932 5036 5399 4951 4869 4867 5162 5555 5310 4883 5273 4762 5170 5126 4420 4934 4870 4769 4650 4766 4726 5286 5001 5195 5182 4755 5552 4816 4684 5129 5036 5067 5204 4648 5013 5092 4998 4304 4960 5021 4874 4839 5145 4688 5074 5034 5034 5125 5251 4465 4841 4835 5037 5053 4560 5455 4794 5149 5142 4768 4643 4699 5224 4884 4839 5570 5268 5135 5008 5180 5094 4954 5644 5068 5010 5381 5190 5202 5287 5236 5092 5403 4667 5113 4930 5337 4882 4969 4994 5206 5124 4884 4991 4737 4422 5176 5470 
5027 4545 5336 5153 5037 5194 4387 5059 4806 4991 5135 4749 5036 4957 5159 4868 4684 5037 5169 4992 4940 4790 4817 4382 5188 4856 4700 4651 4866 4686 4925 4519 5632 5212 4871 4323 4710 5097 4755 4429 5046 4704 5159 4765 4950 4928 5040 5009 4714 4896 4801 5005 5061 5214 4581 5145 4744 4449 4781 5157 5075 5026 5093 5224 4577 4718 4913 4836 4905 4713 5068 5081 5191 4895 5167 4704 4874 5248 4531 5208 4659 4698 4533 4953 4682 5052 4946 4508 4712 4798 5058 5010 4995 5118 5081 4987 4737 4725 4857 5124 4741 4958 4685 4901 5005 4803 4665 4777 4766 5165 4382 5091 4966 4976 4650 4588 4715 4745 4635 5022 5191 5338 4958 4754 5048 4616 5230 4539 4691 4952 4388 4824 5003 5002 4842 4786 4734 5171 4581 5178 4945 5239 4733 4851 4950 4991 5237 4715 5294 4643 4781 4615 4707 5092 4910 4984 4808 4934 4794 5311 5137 5223 4822 5169 4828 5036 5153 4422 4893 5100 5041 4207 4934 4610 5055 4926 4908 5098 4650 5654 5039 4815 5220 4809 5183 5076 4325 4879 5025 4851 4471 4807 5004 4711 4787 4934 4407 5069 4556 5006 4812 5253 4693 4754 5114 5116 5048 4572 5298 4795 4887 5056 4944 4393 4854 4838 4828 4656 5244 5034 5108 4940 5157 4933 4919 5220 4936 5083 5406 5213 5110 4941 5410 5135 5420 4609 4813 5029 4908 4993 4701 4513 5007 4956 4464 4827 4707 4770 4998 5351 
4713 4064 4839 4630 4508 4658 4309 4797 4747 4763 4804 4552 4768 4447 4827 4854 4315 4741 5021 4491 4771 4396 4830 4247 5187 4859 4481 4502 4538 4500 4905 4389 4645 4691 4515 4175 4585 4677 4559 4076 4873 4560 4832 4437 4566 4744 4852 4674 4637 4471 4222 4797 4366 4923 4395 5025 4503 4319 4472 4925 4804 4806 4886 4965 4643 4718 4731 4392 4791 4399 4817 5014 4789 4750 4771 4341 4421 5126 4292 5168 4432 4613 4342 4711 4743 4929 4692 4384 4487 4323 4614 4246 4822 4772 4779 4848 4638 4628 4473 4584 4531 4683 4312 4358 4548 4734 4745 4362 4439 4965 4173 4922 4493 4758 4748 4852 4262 4442 4299 4822 4484 4919 4699 4425 4653 4173 4764 4317 4621 4627 4210 4665 4678 4736 4935 4540 4561 4624 4538 4909 4717 4532 4360 4717 4721 4449 4611 4533 5121 4346 4403 4753 4642 4777 4801 4810 4631 4836 4625 4951 4681 5075 4514 4809 4822 4758 4764 4259 4600 4884 4701 4553 4403 4342 4686 4442 4556 4779 4563 5061 4755 4520 4858 4498 4975 4843 4295 4723 4609 4609 4313 4343 4755 4561 4415 4751 4423 4658 4454 4901 4668 4954 4203 4594 4815 4747 4787 4273 5075 4381 4644 4793 4907 4254 4631 4574 4817 4157 5061 4873 4822 4808 4931 4357 4754 4898 4483 4404 5174 4996 5035 4647 4984 4691 5155 4626 4625 4693 4785 4707 4311 4331 4801 4928 4462 4547 4194 4289 4576 5017 
5085 4672 5379 4939 4846 5193 4955 5082 5309 5105 5146 4782 5071 4851 5198 4886 4909 4910 5041 5021 5043 4981 5116 4302 5453 5314 5181 5120 5118 4968 5099 4958 4926 5305 4946 4651 4736 5237 5049 4667 5239 5076 5061 4928 4817 5228 5160 4872 5062 5315 4643 5317 4753 5219 4828 5148 4814 4893 4642 4966 5176 5187 5165 5359 5147 5202 5218 4565 5010 4986 5053 5305 5364 5106 5078 4953 4897 5467 4648 5268 4992 5122 4882 5130 5039 4988 4854 4808 4876 4942 5279 4914 5226 5231 5091 5353 5062 4845 4853 5441 4752 5049 4661 4767 4962 5013 5035 5068 4642 5366 4911 5371 5080 5210 4858 4944 4701 4935 4712 5347 4809 5406 4869 4786 5111 4854 4879 4618 4976 5183 4478 5194 4850 4915 5204 4799 4777 5384 4889 5312 5188 5171 4664 5106 5004 5048 5205 4638 5385 4719 4823 5130 5110 5234 5285 5396 4962 5031 4855 5083 5194 5287 5295 4878 5008 4903 4932 4434 5032 4812 5200 4954 4968 4644 5322 5102 5187 5283 4818 5368 4797 4820 5088 5019 5182 5340 4815 4831 5178 4935 4521 4883 4788 4994 4771 5094 4792 4947 4827 5116 5296 5075 4921 5059 5194 4991 4907 4684 5458 4822 5031 4772 5303 4743 4913 5255 5167 4507 5336 5146 5026 5153 5366 4987 5111 5320 4814 5088 5549 5145 5511 5446 5486 5103 5483 4898 5029 4907 5134 4902 4895 4847 5318 5196 4859 5193 4768 4665 4805 5408 
5106 4353 5095 4994 4634 5239 4585 5052 4763 4935 5066 4940 4847 4717 5162 5123 4969 4994 5340 4774 4663 4726 4783 4297 4939 5035 5072 4780 4921 5195 4992 4430 5214 5109 4751 4597 4545 5312 4838 4277 5251 4829 5037 4802 4659 5063 5045 4739 4983 4969 4173 4990 4831 5036 4729 4920 4458 4595 4462 5312 5363 5219 5104 5039 5059 4940 5164 4346 4830 4726 4986 5004 4832 4721 4651 4605 4668 5193 4639 4918 4908 4938 4831 4926 4771 4837 4962 4728 4636 4670 5072 4674 5086 5080 4798 5051 4872 4709 4625 5150 4887 4969 4622 4637 4887 5049 5150 4929 4829 5428 4527 5036 4744 5158 5088 4969 4543 4909 4481 4897 4839 5198 4686 4892 4815 4896 4828 4520 4510 4831 4509 5161 4817 4943 5024 4611 4677 5141 4568 5227 5040 5058 4591 4783 5061 4795 4851 4717 5107 4735 4588 4957 4870 4869 4985 5258 4861 4744 4547 5079 5066 5110 4648 4920 4968 5000 4891 4145 4837 4837 5234 4628 4845 4611 5049 5172 4849 4889 4643 5243 4567 4838 5073 5182 5195 5422 4633 4864 4960 4660 4434 4659 4878 4625 4868 4912 4477 4784 4600 4983 4980 4849 4531 4866 4815 4909 4924 4457 5297 4606 4770 5021 4724 4419 4812 4938 5022 4479 5206 5071 4992 4847 5185 4782 4768 5273 4745 5105 5299 5024 5283 5095 5206 4643 5570 4589 4958 4835 4931 4703 4554 4771 5028 5036 4981 4930 4677 4495 4784 5396 
5103 4621 5408 5479 5095 5185 4827 5081 5152 5062 5056 5356 5121 4942 5507 5176 5100 5111 5339 5311 4968 4974 5090 4612 5484 5245 5361 4843 4973 5196 5127 4865 5251 5250 4808 4739 4832 5413 5202 4675 5314 5002 5485 4961 5154 5235 5497 5090 5159 5361 4498 5068 5096 5122 4746 5383 4818 4968 4760 5280 5533 5293 5452 5483 4866 5341 5423 4928 5322 4994 5346 5757 5223 5166 5061 4838 5055 5517 4975 5511 5152 5165 4857 4989 4982 4954 4824 4993 5031 5158 5346 4989 5607 5030 5278 5293 5068 5087 5130 5509 5129 5229 4791 4962 4988 5392 5423 5174 4698 5385 4804 5447 5011 5456 5308 4985 5040 5111 4830 5322 5342 5109 5068 5102 5025 4936 5322 4811 5216 5287 4913 5304 4993 5139 5046 4889 4995 5454 4842 5654 5320 5155 4874 5210 5058 5252 5291 4948 5372 4959 4974 5321 5258 5471 5287 5352 4937 5161 4911 5326 5331 5530 5426 5180 5129 5346 5069 4519 5317 5155 5302 4772 5104 5046 5226 5511 4998 5421 4738 5413 5040 4923 5104 5268 5436 5477 4917 5238 5212 5107 4891 4967 5189 5108 5059 5283 4770 5338 4946 5056 5317 5258 5043 5021 5163 5299 5073 4888 5667 4917 5112 5151 5307 4687 5125 5064 5115 4753 5468 5273 5032 5339 5392 5111 5251 5324 5167 5437 5545 5272 5462 5298 5573 5390 5620 4926 5112 5009 5167 5001 4881 4794 5108 5329 5090 5155 5200 5046 4974 5670 
5387 4943 5501 5239 4998 5287 4975 5419 5302 5221 5400 5086 5405 4940 5497 5380 5279 5408 5865 5034 5358 5304 5310 4717 5770 5497 5225 5331 5185 5076 5750 5058 5356 5391 5126 4946 5157 5490 5249 4702 5493 5073 5544 5173 4980 5262 5752 5433 5320 5390 4741 5320 5279 5246 5112 5666 4890 5248 4946 5505 5434 5385 5364 5582 5302 5387 5484 4927 5308 5202 5322 5424 5304 5532 5402 5110 5087 5747 4848 5423 5116 5722 5053 5275 4964 5410 5357 5279 5085 5099 5639 5081 5548 5534 5273 5281 5377 5067 5214 5250 5261 5287 4826 5130 5283 5360 5289 5205 5284 5345 4985 5557 5380 5435 5361 5320 4964 5247 4953 5651 5027 5548 5430 5116 5184 5114 5462 4940 5468 5185 4818 5308 5322 5408 5284 5254 4954 5496 5125 5808 5410 5692 4833 5277 5022 5285 5373 4917 5579 5194 5099 5240 5169 5316 5679 5464 5265 5240 5304 5602 5435 5577 5333 5407 5216 5193 5485 4692 5405 5396 5159 4980 5060 4972 5288 5517 5431 5361 5011 5755 5270 5235 5534 5231 5586 5835 5036 5077 5368 5344 4830 4867 5176 5114 5245 5375 4673 5216 5088 5313 5546 5631 4950 5085 5103 5417 5234 4945 5755 4960 5306 5414 5306 4829 5221 5469 5313 4884 5907 5422 5580 5347 5644 5325 5329 5577 5267 5251 5763 5376 5641 5763 5749 5197 5957 5167 5391 4980 5474 5391 4821 5003 5292 5383 5287 5217 5157 4999 5252 5882 
5293 4406 5075 5260 4588 5101 4483 5056 4940 4836 5120 4613 5026 4613 5210 5132 4842 5067 5340 4599 5064 4793 4942 4370 5304 5271 5139 4712 4893 5074 4695 4654 5090 4701 4900 4469 4607 5107 5007 4450 5108 4805 5313 4663 5135 4992 5267 5325 4823 5175 4693 4989 5001 4987 4510 5353 4633 4708 4729 5011 5346 5200 5207 5240 4727 5112 4899 4235 4929 4862 4975 5181 4917 4942 4939 4811 4727 5252 4878 5238 4591 5284 4686 5101 4783 4870 5074 4890 4781 4671 5163 4695 5167 5104 5046 5141 4810 4618 4642 5241 4953 4928 4738 4579 4841 5177 4937 5034 4716 5077 4669 5112 4839 5143 4694 4844 4222 4769 4517 5442 4834 5230 4804 4880 4797 4827 4863 4777 4954 4729 4550 4989 5249 4904 5060 4637 4767 5252 4275 5006 5086 5368 4808 5248 4932 4864 5067 4857 5241 4847 4577 4976 4752 4989 5170 5170 4753 5070 4880 5278 5222 5239 4904 5179 4973 4856 5193 4213 4884 4896 4672 4681 4884 4681 5022 5180 4800 5107 4763 5396 4978 4661 4883 5031 5204 5198 4526 5190 5067 5165 4392 4717 4952 4656 4608 4993 4466 4761 4730 5398 5239 5149 4675 4701 4800 4868 4966 4619 5441 4337 5166 5143 5041 4442 5047 5069 5021 4556 4966 5097 4930 4829 5142 4723 4865 5299 5005 5140 5228 5155 5191 5082 5403 4983 5514 4598 5076 4973 5298 4893 4697 4579 4868 5313 4802 4595 4976 4529 4824 5363 
4990 4712 5166 4969 4919 5112 4481 5008 5225 5025 5296 4764 5319 4876 4889 4897 4961 5063 5114 4820 4889 5076 5166 4351 5138 5377 4983 4951 4993 5094 5080 4802 5017 5320 4628 4321 4494 5099 4996 4664 5202 4837 5051 4892 4922 4801 5047 5127 4913 4929 4646 5195 4934 5076 4863 5403 4683 4902 4939 4834 5318 5343 5087 5222 4915 4856 5052 4692 5194 4899 5195 5192 5117 4755 4897 4899 4992 5222 4512 5440 4812 5025 4945 5232 5027 4911 5105 4578 4719 4894 4953 4803 5253 5169 5097 5362 5154 4765 4969 5256 4914 4964 4826 4886 5034 5022 4924 5037 4766 5064 4617 5216 5216 5086 5025 4983 4859 4723 4836 5219 4858 5200 4779 4800 4893 4752 4989 4556 4884 4748 4521 5101 4968 4947 5026 4775 4808 5116 4583 5017 5229 5038 4707 5025 4877 4870 4967 4597 5229 4955 4767 4881 5016 4862 4931 5101 4852 5021 4724 5440 5306 5408 5303 5134 4906 4987 5184 4362 4929 4828 4991 4796 4897 4727 5156 5096 5068 5122 4781 5512 4646 4718 5089 4888 5181 5127 4741 5037 5176 5127 4380 4537 5093 4792 4931 4638 4556 4952 4923 5277 5009 5161 4834 4773 4921 4891 4908 4942 5331 4725 5002 5094 5136 4570 4981 5230 5119 4693 5218 5186 5264 5037 5150 5076 4763 5429 4784 5265 5162 5035 5015 5430 5189 5007 5488 4722 4897 5269 5202 4816 4956 4721 5298 5096 4894 4742 5058 4544 4846 5442 
4782 4334 5220 4944 4654 5045 4788 5171 5342 4863 4969 4475 5197 4784 5168 4822 4728 4944 5463 4447 4851 5122 4932 4376 5139 5162 5093 4682 4970 4886 4853 4760 4833 5161 4572 4673 4653 5220 4999 4356 5115 4595 5228 4920 4894 4912 5214 5307 4656 5027 4369 5122 5046 5186 4868 5231 4754 4713 4906 5095 5092 5179 5209 5125 4959 4967 4952 4652 4972 4983 4977 4996 5128 5260 4839 4685 4881 5251 4758 4975 4766 4890 4794 4869 4850 4912 4929 4897 5115 5010 5167 4791 5178 4984 5071 5059 5009 4892 4927 5387 4810 4961 4537 4527 5040 5059 5190 4503 4785 4797 4534 4970 5245 5197 4954 4842 4717 4611 4303 5243 4817 5306 4821 4720 4696 4858 4768 4558 4743 4890 4715 5049 5096 4989 5113 4712 4819 5360 4650 5260 4916 5353 4711 4704 4846 4734 4979 4850 5382 4873 4685 5163 4857 4765 5106 5245 4854 4710 4641 5278 5177 5139 4916 5272 4760 5222 5110 4106 4941 4664 4779 4584 4779 4678 5117 5082 4997 4847 4731 5419 4877 4837 5070 4849 4887 5588 4694 4862 5350 4816 4393 4646 4924 5009 4804 4889 4586 4741 4659 5143 5038 5165 4872 4908 5011 4921 4945 4830 5481 4615 5088 5022 4944 4654 4990 4907 4935 4465 5412 5348 5126 4938 5077 4844 4624 5082 4888 5004 5218 5146 5041 5097 5370 4850 5490 4655 4840 4827 5138 5107 4658 4806 5252 5175 4855 5022 4805 4646 4906 5331 
5581 4811 5446 5430 4997 5576 4755 5341 5470 5240 5116 5135 5266 4977 5369 5472 5152 5219 5564 5552 5167 5196 5251 4585 5632 5250 5168 5102 5188 5291 5343 5138 5418 5454 5014 4787 4813 5539 5495 4741 5239 5146 5304 4945 5045 5337 5352 5320 5074 5302 4948 5396 5305 5277 5285 5496 4808 5311 5080 5592 5768 5381 5142 5674 5368 5382 5110 4796 5502 5126 5359 5532 5351 5337 5317 5260 5161 5346 5035 5753 4943 5414 4980 5331 5031 5236 5439 5102 5327 4930 5560 4904 5440 5351 5484 5561 5155 5037 5323 5689 5243 5472 4879 4939 5144 5325 5277 5099 5047 5486 4957 5615 5404 5620 5309 5230 4921 5098 5176 5520 5011 5624 5112 5082 5242 5192 5258 4920 5112 5335 4891 5606 5317 5416 5335 5066 5336 5440 5055 5669 5336 5657 4956 5223 5219 5336 5497 4937 5614 5157 4974 5344 5239 5296 5403 5655 5266 5183 5123 5534 5375 5787 5384 5308 5514 5502 5258 4529 5036 5220 5354 5033 5090 4919 5276 5618 5325 5406 4951 5554 5219 4996 5549 5440 5664 5527 5027 5184 5217 5416 4950 5083 5054 5261 4843 5256 4919 5301 4971 5406 5475 5719 5020 4998 4960 5264 5122 5172 5664 4783 5105 5350 5194 5028 5153 5344 5537 4943 5728 5450 5460 5313 5477 5239 5413 5600 5066 5379 5569 5322 5659 5581 5872 5350 5803 5170 5437 5203 5258 5389 4865 4835 5248 5611 5508 5364 5260 5080 5118 5819 
4960 4549 5397 5085 4983 5181 5008 5163 5437 4927 4643 5002 5186 4851 5244 5295 4660 5169 5473 4908 5048 5035 4904 4536 5269 5454 5020 4906 5230 4902 5058 4609 4997 5143 4893 4557 4759 5195 5334 4646 4930 4949 5144 4862 5081 4980 5264 5515 4928 5320 4530 5044 4981 5074 5021 5174 4545 4935 4599 5119 5146 5254 5262 5256 5107 5195 5185 4681 4932 4739 5028 5446 4883 5081 5012 5041 4754 5625 5060 5111 4963 5382 4983 5196 4831 5082 5191 5019 4869 5082 5175 4893 5322 4992 5220 4904 5215 4753 4756 5463 4946 5346 4951 4506 4982 5106 5259 4978 4932 5243 4965 5416 4940 5277 4890 4862 4784 5127 4585 5348 4975 5498 4722 4949 5024 5032 5173 4934 4832 4914 4897 5305 5246 5092 5118 4779 5022 5458 4595 5508 5259 5354 4616 4885 4993 4775 5352 4882 5178 4842 4628 5359 4988 5164 5366 5284 5055 4930 4982 5287 5495 5381 5045 5319 5090 5138 5363 4473 5111 5246 5141 4671 5183 4751 5220 5388 5163 5166 4681 5508 4900 4796 5127 5244 5112 5512 4865 5015 5006 5096 4561 5073 4897 4794 4978 5093 4601 5241 4908 5016 5144 5137 4878 4672 4823 5271 4912 4823 5517 4924 5127 4986 5172 4659 4969 5310 5171 4766 5429 5220 5057 4949 5194 4985 5044 5301 4948 5046 5505 5180 5301 5304 5488 5148 6028 4866 5264 5033 5284 5041 4857 4789 4903 5225 4939 4960 4858 4866 5186 5515 
5453 4943 5647 5278 5253 5192 5081 5421 5683 5310 5239 5126 5612 5132 5779 5474 5026 5263 5603 5366 5230 5322 5250 4665 5633 5419 5055 5192 5311 5176 5339 5079 5736 5400 4971 4651 5218 5685 5225 4543 5395 5162 5220 5179 5153 5431 5335 5568 5168 5261 4965 5411 5294 5591 4735 5841 4880 5227 4912 5642 5300 5380 5429 5542 5340 5337 5574 5167 5256 5154 5281 5632 5155 5182 5282 5116 5179 5514 4959 5535 5410 5093 5118 5214 5090 5257 5305 5240 5391 5391 5414 5087 5413 5464 5276 5601 5635 5195 5173 5471 5201 5186 5154 5144 5404 5409 5482 5204 5053 5310 5248 5550 5371 5520 5147 5329 5195 5165 4948 5755 5227 5561 5117 5181 5033 5427 5363 4982 5041 5281 4912 5504 5291 5239 5285 4921 5339 5576 5096 5781 5340 5499 4975 5283 5423 5206 5556 4905 5236 5282 5119 5192 5209 5102 5255 5655 5137 5332 4922 5349 5472 5463 5302 5452 5148 5338 5291 4726 5396 5319 5442 4963 5365 5038 5467 5407 5175 5442 5356 5631 5032 5186 5384 5476 5636 5653 4901 5491 5317 5066 4771 5012 4682 5202 5095 5030 4925 4950 5160 5252 5333 5528 5246 4976 5261 5216 5124 5118 5829 4838 5188 5373 5291 4887 5271 5389 5312 4859 5518 5529 5455 5176 5641 5146 5097 5676 5292 5523 5781 5461 5488 5630 5639 5318 5833 4918 5466 5147 5503 4938 5065 4942 5337 5632 5151 5344 5165 4886 5033 5875 
5073 4337 5100 5047 4612 5196 4801 5245 5024 5067 4848 4827 4960 4684 5556 4915 4815 4853 5360 5081 4865 4877 4669 4522 5382 5279 5047 4816 4877 4996 5089 4644 5047 5136 4754 4577 4793 5398 4798 4363 4939 4952 5148 4769 4707 4995 5117 5068 4584 4736 4670 4854 5118 5181 4669 5357 4772 4709 4766 4959 5336 5293 4956 5379 4985 4918 5028 4367 4878 5047 5042 5181 4962 5060 5002 4894 4903 5189 4654 5454 4768 4850 4755 5068 4954 4545 4797 4798 4887 4710 5041 4929 5233 5150 5071 5263 5176 4944 4739 5090 4777 4935 4911 4833 4759 4862 5064 4978 4754 5359 4910 5344 5097 5201 4964 4683 4683 4650 4629 5489 4835 5098 4816 4956 4885 4825 5142 4725 4686 4941 4713 5250 4906 4915 4843 4817 4933 5254 4640 5251 4884 5137 4732 5032 4793 4804 5102 5014 5220 4707 4896 5290 4965 4898 5280 5408 4890 4997 4843 5326 5336 5155 5044 5171 5031 5215 5122 4574 5022 4727 4828 4640 4722 4624 5190 5077 5144 5023 4908 5364 4756 4689 5057 4881 5334 5447 4861 4944 5006 5008 4359 4888 4981 4816 4720 5125 4754 5197 4701 5090 5065 5099 4956 4888 4761 5097 5105 4682 5532 4667 5006 4985 5168 4653 4992 5134 4997 4645 5330 5006 5140 4835 5088 4932 4935 5399 4834 4994 5329 5184 5218 5244 5281 5077 5663 4740 4855 5047 5141 5012 4430 4964 5279 5011 4918 4883 4818 5001 4857 5282 
5313 4858 5554 5319 5450 5390 4991 5505 5388 5407 5090 5165 5313 5336 5664 5419 5151 5519 5866 5353 5280 5297 5325 4883 5677 5583 5547 5223 5148 5450 5515 5001 5489 5446 5273 4865 5084 5480 5647 4769 5531 5281 5384 5136 5096 5395 5491 5713 5221 5650 4630 5540 5137 5439 4890 5673 4886 5286 4767 5561 5750 5460 5697 5394 5267 5531 5688 5175 5499 5285 5301 5678 5483 5868 5270 5030 4808 5689 5102 5654 5201 5294 5312 5355 5176 5559 5060 5232 5244 5452 5620 5303 5625 5653 5343 5355 5315 5017 5186 5625 5185 5254 5230 5166 5485 5451 5165 5230 5141 5637 4995 5428 5115 5415 5403 5426 4991 5293 4967 5674 5207 5775 5170 5103 5272 5562 5610 4956 4954 5546 5299 5474 5406 5421 5400 5220 5240 5331 5240 5461 5345 5330 5103 5430 5111 5299 5483 5172 5739 5137 5143 5493 5238 5520 5812 5576 5285 5228 5171 5551 5476 5770 5413 5651 5253 5687 5801 4933 5509 5072 5295 5145 5170 5011 5582 5559 5264 5532 5027 5673 5266 5159 5421 5317 5419 5797 4930 5497 5275 5188 5066 4945 5295 5092 5072 5324 4922 5246 5101 5238 5272 5265 5154 5171 5387 5498 5020 5056 5954 4941 5319 5171 5306 5183 5500 5432 5287 5011 5373 5539 5493 5358 5472 5050 5515 5577 4980 5169 5947 5417 5540 5883 5536 5057 5889 4973 5410 5154 5609 5342 4961 4979 5512 5384 5139 5434 5080 5157 5356 6078 
5366 4424 5114 5243 5041 5081 4826 5192 5287 5252 5226 4965 5173 4916 5281 5076 4957 5084 5422 4938 5015 5193 4946 4738 5431 5083 4900 5026 4963 5065 5132 4897 5339 5083 4795 4816 4943 5260 5157 4618 5332 5110 5100 4997 5046 5216 5385 5430 5104 5188 4602 5278 5158 4971 4916 5565 4816 5091 4774 5282 5351 5284 5270 5232 5088 5191 5207 4668 5042 5116 5208 5254 4935 5325 5109 5350 5121 5491 4777 5502 5050 5211 5070 5125 4871 5025 5391 5030 5044 5102 5333 4978 5511 5301 5094 5537 5216 4901 5014 5268 5126 5269 4973 4821 5204 5205 5144 5364 5029 5471 4883 5329 4917 5392 5125 4989 4765 5013 4913 5324 5069 5493 4845 5120 4840 5102 5211 4704 4974 5050 4950 5588 5296 5039 4983 4938 5045 5354 4713 5242 5156 5314 4940 5092 5174 5146 5227 4737 5528 4908 4887 5270 5122 5278 5392 5333 4816 5205 5023 5351 5099 5665 5186 5210 5296 5410 5091 4598 5390 5048 5050 4731 4989 4815 5249 5350 5099 5180 4896 5524 4997 4804 5063 5179 5177 5457 4878 5261 5362 5018 4509 4698 5165 4971 4777 5401 4804 5226 4804 5320 5217 5279 4842 4841 5017 4981 4894 4897 5609 4647 5160 5056 4952 4674 4999 5201 5184 4859 5548 5259 5391 5456 5225 5015 5090 5616 5064 5317 5574 5371 5431 5341 5353 5130 5661 5036 5198 5122 5024 4997 4888 5093 5558 5206 5276 5010 4726 4928 4797 5689 
4702 4390 4762 4791 4501 4893 4360 4848 4919 4740 4957 4499 4627 4517 4841 4691 4559 4757 5005 4509 4365 4705 4687 3972 5038 5073 4760 4232 4721 4687 4488 4403 4838 4561 4470 4210 4477 4965 4733 4433 5062 4542 4823 4533 4482 4791 4853 4746 4560 4605 4060 4915 4576 4552 4350 4715 4519 4508 4447 4920 4913 4891 4545 4886 4603 4835 4674 4393 4760 4432 4750 4662 4905 4731 4567 4568 4486 4803 4421 4871 4628 4658 4681 4754 4528 4566 4636 4264 4500 4777 4654 4735 4721 4714 4691 5043 4612 4392 4494 5010 4391 4967 4363 4232 4723 4858 4521 4386 4827 4799 4115 4945 4700 4912 4473 4619 4113 4604 4659 4799 4739 5040 4450 4583 4703 4694 4778 4243 4551 4765 4597 4743 4884 4929 4667 4460 4453 4983 4560 5069 4804 5040 4076 4825 4670 4560 4594 4365 4926 4520 4540 4901 4668 4649 4902 4684 4467 4654 4534 5052 4710 4962 4788 4656 4445 4802 4600 3734 4712 4599 4700 4496 4684 4550 4799 4839 4646 4785 4396 4857 4456 4434 4661 5087 5177 4942 4317 4552 4868 4787 4282 4233 4753 4644 4603 4788 4599 4713 4548 4896 4574 4882 4476 4728 4649 4638 4658 4228 5099 4519 4659 4770 4671 4350 4778 4538 4738 4547 4917 4954 4898 4522 4822 4551 4557 5222 4481 4843 4933 4859 4694 5020 4866 4579 5290 4356 4720 4584 4570 4655 4603 4517 4605 4806 4721 4560 4529 4389 4593 5251 
4679 4456 5076 5010 4730 5011 4557 4983 5018 4856 5063 4979 4748 4408 5132 4778 4588 4927 5384 4758 4628 4787 4755 4220 5252 5092 4891 4671 4772 4690 4703 4746 4874 4854 4759 4406 4596 5012 4992 4350 5126 4630 4989 4882 4675 5083 4965 4900 4983 4757 4356 4988 4938 4970 4592 5118 4512 4617 4312 4895 5039 4999 4978 5056 4594 5042 4894 4577 4808 4886 4713 4926 5194 4909 4685 4533 4908 5190 4549 5324 4518 4974 4679 4988 4585 4876 5071 4713 4691 4997 4933 4686 4849 5096 4763 5060 4973 4658 4836 5180 4711 5045 4508 4650 5082 5115 5074 4830 4704 5102 4572 5038 4775 5028 4851 4960 4718 4912 4410 5173 4730 5237 4615 4840 4700 4982 4737 4449 4920 4510 4613 4736 4918 4915 4738 4393 4802 4929 4437 5158 4719 4966 4607 5019 4680 4743 5101 4925 5322 4678 4623 4846 4984 5221 5130 4860 5045 4702 4612 5210 5020 5279 4955 5021 4715 5007 5070 4449 5077 4713 5041 4598 4797 4481 5244 4951 4734 5028 4652 5395 4785 4568 4881 5043 4980 5346 4667 4935 5132 4639 4233 4703 5001 4776 4566 4812 4558 4573 4617 4999 4803 5045 4440 4532 4766 4989 4712 4484 5152 4700 4882 4819 5127 4541 4771 4901 4977 4611 5122 4773 4953 4946 5060 4639 4629 5336 4679 5191 5272 4972 4986 4854 5147 4949 5447 4635 4942 4971 4617 4528 4555 4793 5253 4845 4659 4839 4566 4641 4659 5353 
5016 4441 5185 5250 4804 5276 4938 5296 5123 5175 5122 4604 5111 4869 5160 5210 4541 5026 5439 5000 4904 4996 4999 4531 5281 5269 4902 4820 5053 4927 5155 4599 5149 5228 5066 4618 4778 5303 4976 4539 5178 4700 5095 4995 4814 5037 5168 5056 4961 4915 4728 5099 4957 5013 4687 5589 4875 4651 4707 5221 5392 5071 5016 5211 4887 5198 5026 4671 5000 4968 5087 5220 5157 5167 4877 4996 5048 5235 4676 5519 4957 5089 4851 4961 4879 4983 5230 4852 5057 4814 4979 4771 5213 5276 5140 4917 5113 4875 4818 5428 4973 5113 4880 4529 5012 4825 5218 4973 5137 5267 4971 5251 5141 5456 4987 4963 4800 4849 4596 5253 4733 5605 4984 5030 4769 4874 5049 4664 4908 5199 4737 5011 4937 5189 5142 4833 5147 5101 4844 5383 4892 5291 4658 4955 4851 4961 5106 4824 5303 4855 4922 4984 5206 5076 5020 4979 4908 4837 4713 5247 5048 5341 5137 5256 4874 5148 5319 4549 4777 5161 5036 4750 5308 4366 5311 5156 5242 4938 4909 5578 5140 4619 5204 4986 5112 5321 4702 5034 5243 4855 4641 4615 4999 4793 4722 5171 4538 4773 4817 5199 5037 5166 4866 4816 5032 5122 4951 4486 5498 4644 4991 4936 4884 4833 5042 4866 5189 4750 5238 5186 5267 4924 5213 5026 4904 5211 4906 5038 5563 5201 5366 5213 5536 4951 5836 4746 5100 4971 4905 4878 4900 4599 5156 5105 4942 4942 4864 4905 5194 5481 
5061 4575 5330 5339 4972 5312 4829 5379 5454 5104 5331 5145 5242 4949 5522 5178 5174 5273 5519 5128 5165 5282 5240 4714 5528 5240 5071 4950 4919 5126 5193 4491 5316 5285 5007 4781 5058 5407 5073 4450 5391 5175 5478 4871 5224 5103 5545 5445 5080 5460 4778 5145 5350 5117 4990 5484 4824 5124 4959 5292 5337 5010 5307 5532 5044 5243 5158 4723 5269 4813 5171 5268 5462 5425 5246 5121 5005 5382 4670 5663 4890 5158 5016 5257 4994 5048 5054 5098 5260 5098 5445 5070 5272 5529 5372 5209 4933 5030 4942 5435 4871 5270 4792 4911 5250 5332 4957 5117 5068 5482 4653 5216 5296 5141 4742 4926 4699 5035 4886 5523 5113 5311 5095 5300 5004 5054 5173 4729 5127 5078 4884 5282 5149 5116 5250 4959 4973 5393 5001 5364 5269 5413 4747 5218 5158 4970 5095 4809 5400 4902 5017 5273 5333 5202 5400 5467 4999 5232 4991 5631 5449 5452 5168 5478 5351 5167 5420 4511 5231 5223 5061 4846 5169 4675 5357 5387 5169 5310 4980 5477 5516 5053 5231 5185 5328 5603 4722 5204 5371 5061 4777 4757 5070 4880 4785 5308 4852 5131 4821 5237 5259 5381 4833 4973 4980 5341 5229 4888 5778 4946 5281 4875 5188 4797 4910 5266 5134 4823 5665 5495 5378 5123 5458 5208 4946 5481 5037 5292 5672 5445 5219 5501 5602 5296 5644 4925 5425 4984 5310 5239 5055 4943 5154 5339 5249 5342 5085 4805 5031 5572 
5130 4766 5435 5185 5062 5329 4823 5388 5287 5113 5327 5009 5228 5025 5230 5398 4816 5243 5585 5299 5093 5392 5139 4778 5505 5407 5378 4733 5100 5340 5132 4716 5418 5439 5140 4636 4782 5308 5272 4534 5045 5312 5446 5106 5005 5063 5078 5545 4743 5326 4647 5358 5065 5011 5119 5324 4668 5000 5114 5538 5387 5345 5323 5391 5150 5410 5065 4994 4976 5140 5026 5461 5538 5256 5177 5142 4991 5660 4840 5389 4957 5197 4963 5209 4817 5014 5178 5179 5175 5019 5461 5241 5515 5588 5160 5388 5239 5173 5268 5584 5130 5178 4939 5183 5189 5247 5148 5168 5010 5487 4980 5633 5239 5295 5103 5208 4765 5099 4968 5354 5141 5627 4906 5021 5014 5086 5288 4774 5108 5029 4845 5237 4944 5259 5337 5120 4949 5591 4841 5513 5300 5329 5053 5078 5212 4968 5424 4824 5457 5007 4860 5282 4913 5247 5391 5241 5264 5073 5103 5458 5407 5466 5260 5333 4956 5267 5167 4750 5108 5204 5006 4849 5404 4880 5569 5275 4927 5157 4866 5689 5101 4860 5177 5281 5340 5504 4768 5008 5427 5223 4695 4876 5189 5000 5180 5271 4936 4953 4924 5222 5172 5177 5052 5084 4881 5296 4956 5047 5865 4883 5316 5126 5032 4760 5212 5381 5228 4857 5368 5468 5412 5328 5571 5256 5082 5569 5217 5074 5535 5394 5190 5381 5460 5340 5744 4706 5450 5186 5354 4931 4864 5053 5350 5318 4989 5350 4770 4922 5212 5595 
5722 4955 5766 5669 5264 5655 5394 5732 5602 5545 5583 5452 5762 5352 5780 5656 5422 5640 5877 5481 5516 5608 5701 5171 5792 5654 5623 5271 5382 5597 5848 5386 5915 5734 5504 5131 5368 5798 5651 5001 5606 5437 5741 5432 5587 5665 5717 5661 5651 5829 5214 5732 5476 5779 5522 6089 5279 5418 5169 5742 5692 5697 5584 5858 5499 5509 5741 4839 5538 5634 5630 5867 5455 5681 5733 5717 5511 5851 5259 5953 5571 5601 5531 5596 5444 5391 5586 5431 5656 5509 5813 5493 5861 5980 5706 5787 5751 5370 5528 6037 5349 5618 5386 5046 5457 5793 5964 5685 5568 5795 5157 5833 5649 5591 5523 5581 5107 5369 5219 6147 5473 5936 5245 5644 5583 5310 5740 5072 5642 5297 5298 5869 5601 5890 5656 5476 5396 5731 5300 6010 5818 5762 5330 5448 5353 5304 5638 5443 5822 5404 5540 5689 5730 5801 5973 5688 5580 5612 5242 5937 5981 6075 5663 5933 5737 5570 5702 4999 5799 5727 5651 5207 5655 5262 5824 5775 5488 5880 5412 6135 5473 5426 5679 5591 5639 5921 5180 5480 5727 5760 5206 5506 5871 5413 5289 5886 5143 5540 5462 5530 5661 5826 5381 5213 5231 5686 5750 5136 6060 5361 5749 5316 5728 5071 5576 5903 5527 5437 5865 5617 5622 5574 5820 5484 5597 5937 5343 5880 6138 5608 5901 5937 6191 5752 6139 5266 5666 5484 5714 5672 5413 5536 5785 5890 5304 5660 5679 5447 5394 6141 
4680 4402 5197 4954 4610 5033 4550 4815 4960 4835 4906 4852 4785 4720 5004 4857 4556 4790 5001 4518 4708 4898 4832 4297 5082 5321 4851 4365 5015 4831 4924 4588 4699 4784 4675 4412 4637 4858 4880 4247 4486 4765 4957 4703 4627 4804 4996 5194 4692 4653 4345 4938 4808 4881 4421 5133 4651 4660 4515 5187 5004 4952 4789 5143 4536 4873 4929 4778 4932 4746 4701 4881 4720 4979 4655 4697 4748 5150 4650 5146 4971 4932 4760 4755 4612 4652 4846 4584 4709 4823 5108 4552 4972 4876 4652 4936 4881 4671 4552 5021 4674 4711 4600 4423 4797 4872 4673 4766 4880 4787 4589 5218 4644 4989 4630 4696 4593 4747 4331 5193 4625 5268 4789 4841 4581 4908 4876 4679 4726 4521 4551 4945 4861 4798 5102 4462 4699 4916 4489 5107 4805 4908 4461 4927 4752 4644 4724 4776 5004 4574 4597 5099 4765 5060 4979 5086 4755 4953 4582 4938 4985 5266 4770 5113 4358 4762 5104 4395 4637 4600 4651 4688 4681 4612 5236 4803 4827 4929 4602 5153 4728 4488 4949 4773 5032 5302 4687 4917 4977 4739 4495 4700 4781 4852 4502 4701 4439 4832 4790 5019 4799 4871 4800 4528 4775 4775 4402 4630 5289 4752 5068 4907 4772 4557 4716 4936 5029 4696 5156 5116 4713 4880 4958 4851 4730 5350 4781 4754 5286 4784 4969 5075 5050 4593 5202 4577 4756 4823 5143 4676 4603 4694 4904 4828 4712 4765 4651 4526 4582 5320 
5364 4579 5263 5409 5007 5597 4687 5270 5055 5420 5430 4817 5337 4888 5432 5410 4992 5368 5554 5032 5080 5186 5376 4738 5349 5564 5392 4828 4942 5160 5344 4667 5343 5401 4923 4456 4719 5265 5091 4633 5096 4849 5127 5149 5146 5236 5294 5176 5099 4995 4636 5145 5151 5275 4836 5506 5029 4936 4724 5485 5220 5514 4986 5424 4986 5345 5238 4724 5151 4935 5296 5396 5350 5239 4848 5125 5081 5479 4833 5494 5154 5520 5014 5071 4862 4974 5192 4743 5043 5001 5330 4915 5401 5327 5071 5333 5387 5187 4983 5442 5087 5224 5148 4710 5158 5334 5109 5209 5042 5525 5005 5615 5136 5490 5202 5236 4878 5028 4635 5626 4881 5514 4912 5099 5003 5085 5332 4774 4899 5026 4832 5357 4941 5040 5185 4764 5175 5537 5061 5352 5199 5225 4602 5040 4999 4942 4986 4896 5502 4931 5077 5204 5212 5181 5277 5059 5242 5251 4891 5375 5214 5436 5141 5363 5225 5162 5114 4412 5309 5239 5076 4848 5164 4705 5185 5358 4950 5134 5065 5426 4953 4991 5225 5186 5412 5327 4793 4964 5317 5021 4738 4615 5261 4777 4880 5198 4872 5094 5106 5436 5390 5245 4581 4984 5099 5223 5178 4989 5415 4980 5124 5253 5015 4989 5212 4957 5319 4902 5432 5247 5087 5354 5392 4899 5342 5610 5045 5152 5463 5166 5381 5528 5589 5227 5672 5098 5196 5023 5127 4991 4958 4968 5143 5175 5125 5039 5029 5176 5136 5835 
4975 4411 5227 4950 4739 5059 4534 5053 5019 4977 4761 4694 4994 4893 5309 5076 4580 5185 5256 4718 4882 4984 4873 4401 5065 5159 4927 5098 4956 5134 4978 4444 4971 5093 4609 4671 4590 5216 4876 4372 5011 4705 4920 4838 4666 4772 5079 4858 4783 4940 4332 5336 4829 5233 4694 5237 4612 4783 4871 5237 5120 5120 5004 5084 5051 5060 5045 4542 4926 4804 5120 5227 5149 4813 4899 4897 4809 5455 4450 5535 4774 5102 4935 5029 4677 4755 5162 4885 5125 4978 5188 4844 5285 5351 5175 5146 5004 4779 4722 5230 4736 5029 4675 4374 4998 4942 5198 4837 5037 5096 4825 5181 4981 4897 4939 4786 4658 4682 4612 4999 4651 5202 4719 4817 4800 4819 5039 4563 4879 4880 4661 5172 5116 5147 5060 5009 4820 5277 4474 5122 5062 5207 4596 5062 5083 5054 5040 4635 5207 4830 4699 5059 4837 4891 5101 5197 4927 5005 4700 5270 5278 5391 5008 4903 4926 5138 5225 4323 4791 4970 4979 4747 4938 4576 5149 5161 4963 5115 4761 5421 4878 4710 4983 5038 5155 5163 4511 4936 5003 4834 4526 4595 4918 4847 4892 5024 4642 4869 4940 5036 4930 5188 4718 4819 4894 5013 4883 4572 5420 4685 5153 4907 5078 4710 4803 5146 5142 4724 5345 5316 4964 4920 5276 5005 4791 5401 4921 5120 5388 4993 5017 5229 5338 4749 5801 4784 5064 4796 5025 5082 4646 4802 4818 5118 4774 4900 4780 4661 4830 5549 
5123 4571 5194 5211 4836 5106 4818 5186 4882 5115 5150 4910 5515 4911 5032 4986 4716 5125 5479 5274 4934 5032 5234 4738 5184 5268 5279 4518 5039 5249 5425 4753 5260 5261 4919 4431 4806 5358 5198 4713 5176 5030 5297 4951 5157 5263 5226 5317 4950 5136 4642 5266 5038 5174 4714 5440 4957 4848 4861 5516 5434 5306 4978 5243 5076 5356 5164 4670 5098 4989 5347 5137 5207 5274 4917 4842 4965 5424 4656 5519 4976 5306 4993 4782 5088 4950 4918 4951 4950 4785 5176 4840 5370 5290 5022 4953 5000 4989 5138 5421 4950 5283 4899 4839 5306 5265 5258 4914 4956 5267 4957 5319 5022 5363 5076 5094 4665 4822 4751 5275 4903 5271 4786 5005 5013 4973 5181 4705 5092 5208 4664 4948 5166 5400 5060 5026 4720 5265 4894 5539 5334 5235 4827 5094 5133 4988 5281 4714 5663 5069 4889 5173 5243 5185 5170 5264 4994 4567 4876 5202 5151 5320 5119 5245 5189 5278 5136 4461 4857 5285 5305 4940 5128 4573 5253 5303 5400 4879 4896 5649 4876 4889 5061 5063 5296 5385 4757 4909 5024 5169 4678 4815 4997 5073 4879 5227 4882 5064 4781 5087 5271 5395 4920 4954 5020 5201 5111 4694 5545 4759 4940 5155 4931 4623 4942 5321 5112 4655 5462 5355 5261 5264 5442 5085 5211 5335 4967 5149 5502 5146 5344 5479 5518 5074 5590 4824 5124 5035 5167 5001 4830 4869 5187 5337 5010 5213 4932 4937 5106 5684 
5362 4556 5467 5430 5229 5284 4959 5266 5560 5228 5431 5146 5387 4895 5500 5438 5132 5266 5677 5143 5174 5091 5141 5021 5673 5523 5224 4975 5491 5239 4879 4836 5727 5344 4862 4844 4996 5613 5192 4601 5205 5148 5295 4921 5237 5316 5455 5599 5253 5423 4981 5274 5321 5422 4986 5591 5017 4946 5102 5667 5569 5263 5479 5712 5493 5286 5310 4893 5320 5038 5333 5481 5312 5546 5140 5373 5308 5737 4963 5585 4979 5080 4941 5092 4931 5569 5120 5125 5207 5422 5349 5194 5657 5414 5206 5291 5400 5032 4959 5573 5118 5275 5182 4837 5229 5452 5256 5048 5090 5594 5171 5656 4981 5363 5042 5431 4944 5041 4875 5400 5231 5532 5067 4824 5204 5347 5036 4853 5184 5161 4997 5524 5473 5350 5269 5039 5062 5816 5071 5612 5321 5491 5069 5156 5355 5161 5586 4879 5522 5101 4654 5266 4995 5388 5683 5518 5077 5277 5310 5498 5479 5237 5125 5409 5310 5326 5397 4836 5441 5266 5235 4903 5145 5032 5469 5331 5092 5238 4983 5872 5129 5079 5498 5382 5515 5593 5028 5292 5539 5049 4500 4989 5035 5246 5080 5403 4999 5231 4945 5280 5391 5274 4847 5104 5342 5402 5288 4880 5371 4887 5025 5294 5133 5108 5220 5106 5474 4662 5692 5479 5358 5244 5632 4936 5224 5762 5138 5238 5816 5502 5523 5436 5644 5382 5819 5077 5207 5100 5493 5233 5231 4960 5365 5415 5124 5255 5075 4875 4907 5727 
5393 4571 5389 5303 4900 5374 4847 5371 5443 5304 5291 5090 5366 4835 5462 5209 5034 5224 5639 5189 5112 5174 5159 4756 5502 5593 5059 5186 5181 5353 5415 4924 5392 5610 5025 4765 5239 5567 5542 4382 5282 5084 5663 5237 5147 5497 5342 5370 5130 5451 4740 5363 5278 5372 5128 5699 5004 5138 5120 5522 5446 5567 5362 5682 5151 5285 5332 5091 5250 5164 5375 5370 5569 5371 5133 5214 5359 5580 5012 5635 5220 5347 5068 5379 5071 5028 5211 4742 5224 5258 5566 5258 5466 5686 5193 5675 5352 5280 4982 5658 5156 5480 5038 4792 5228 5325 5100 5215 5172 5599 4920 5356 5211 5510 5196 5213 5058 4965 5004 5768 5103 5605 4906 5211 4971 5383 5108 5045 5222 5198 4897 5455 5500 5237 5323 4810 5179 5444 4953 5681 5391 5400 4901 5478 5275 5208 5427 5021 5661 4980 5187 5132 5222 5305 5376 5410 5239 5277 4853 5658 5531 5644 5194 5364 5266 5198 5318 4520 5320 5045 5264 5074 5330 4919 5454 5395 5255 5294 5153 5730 5117 5337 5525 5572 5284 5809 4962 5181 5451 5243 4849 5095 5059 5328 5070 5257 5164 5213 5060 5553 5230 5522 4739 5288 5223 5088 5040 5125 5782 5143 5273 5209 5221 4842 5016 5441 5326 4952 5549 5444 5346 5239 5600 5114 5199 5658 5261 5379 5491 5452 5639 5527 5729 5416 5816 5207 5439 5255 5515 5136 4998 5018 5467 5348 5192 5350 5084 5096 5154 5855 
4788 4090 4572 4625 4393 4765 4128 4809 4532 4455 4504 4314 4987 4296 4737 4529 4492 4658 4724 4523 4290 4551 4574 4199 4838 4672 4532 4335 4231 4576 4618 3965 4668 4456 4649 4227 4237 4622 4572 3997 4483 4391 4609 4497 4394 4505 4398 4528 4529 4386 4178 4601 4598 4612 4497 4916 4482 4527 4134 4817 4741 4812 4399 4678 4604 4639 4734 4339 4790 4509 4461 4645 4724 4610 4589 4367 4509 4795 4095 4793 4523 4488 4366 4412 4313 4562 4545 4267 4683 4509 4739 4426 4888 4687 4438 4657 4325 4269 4567 4708 4543 4806 4337 4277 4485 4671 4217 4511 4255 4871 4205 4750 4777 4731 4349 4409 4294 4360 4217 4884 4234 4810 4206 4328 4402 4461 4689 4334 4486 4514 4177 4589 4406 4445 4609 4200 4521 4581 4230 5012 4552 4533 4157 4546 4596 4193 4688 4299 4916 4473 4353 4435 4714 4769 4524 4574 4576 4422 4266 4643 4858 4939 4561 4607 4843 4334 4631 4020 4727 4765 4461 4385 4261 4351 4433 4619 4508 4865 4237 4799 4687 4351 4524 4493 4696 4754 4231 4451 4759 4532 3930 4142 4482 4377 4281 4428 4411 4433 4221 4591 4457 4667 4365 4483 4450 4575 4316 4402 4810 4131 4567 4521 4347 4195 4471 4708 4564 4498 4822 4644 4484 4698 4773 4554 4517 4812 4691 4558 4900 4892 4841 4484 4791 4593 5186 4118 4414 4625 4602 4516 4201 4275 4786 4947 4512 4768 4238 4230 4485 5041 
5096 4579 5269 5017 4915 5247 4808 5074 5331 4940 5331 4902 5044 4844 5502 5203 5015 5413 5303 5095 4997 5249 4929 4720 5239 5269 5183 4879 5029 5303 5096 4703 5213 5426 4812 4561 4849 5301 5297 4499 5083 4997 5102 4894 4973 4952 5125 5158 4869 5442 4623 5268 5211 5165 4991 5037 4590 5056 4751 5358 5301 5157 5182 5435 5201 5430 4933 4567 4965 4978 5054 5134 5094 5163 4904 5044 5063 5397 4870 5199 5045 4961 5013 4989 4990 4991 5096 4812 4937 4922 5286 5075 5127 5441 5310 5012 4974 4923 4985 5503 5134 5175 4861 4649 4997 5385 5085 5248 4939 5127 4750 5331 5298 5308 4830 5003 4769 5054 4695 5313 5127 5332 4816 5003 4709 4875 5201 4905 4977 5120 4675 5327 4974 5095 5237 5020 5006 5367 4712 5331 5129 5151 4957 5033 5192 4853 5225 4744 5285 4868 4946 5100 5030 5174 5389 5104 5159 4996 4772 5378 5645 5562 4950 5239 4871 5295 5335 4416 4850 5133 5030 4862 5253 4723 5303 5375 5041 5113 4874 5498 5264 4943 5063 5009 5325 5468 4756 5121 5563 4945 4752 4586 5183 5032 4687 5172 4805 5071 4514 5108 5216 5324 4733 4560 4839 5027 5107 4898 5557 4815 5218 5112 5205 4630 4880 4842 4956 4622 5369 5187 5201 4956 5282 5133 4963 5224 5141 5280 5513 5072 5058 5172 5477 5175 5735 4908 5156 4823 5217 5107 4916 4813 4834 5172 5022 5102 4840 5002 5110 5648 
4530 3921 4536 4446 4225 4552 4093 4341 4479 4438 4531 4572 4614 4094 4717 4358 4469 4712 4816 4135 4432 4746 4477 3883 4682 4651 4588 4169 4529 4611 4456 4145 4558 4319 4425 4198 4214 4559 4486 4024 4597 4219 4627 4413 4349 4533 4863 4381 4380 4413 4084 4323 4384 4563 4064 4880 4135 4485 4247 4761 4604 4576 4592 4851 4243 4634 4590 4432 4462 4394 4477 4878 4516 4457 4455 4270 4520 4854 4002 4568 4284 4498 4242 4564 4192 4449 4446 4315 4317 4600 4560 4393 4758 4717 4621 4736 4399 4315 4281 4825 4349 4406 4182 4069 4423 4484 4495 4503 4220 4678 4258 4753 4537 4476 4651 4279 4454 4311 4227 4693 4623 4733 4484 4506 4390 4389 4614 4044 4639 4366 4269 4514 4377 4608 4644 4018 4153 4653 4378 4975 4568 4732 4116 4614 4403 4420 4441 3955 4669 4098 4258 4720 4356 4675 4640 4466 4570 4635 4128 4745 4513 4778 4498 4589 4341 4327 4749 4001 4579 4335 4498 4335 4301 4238 4662 4484 4331 4558 4321 4857 4429 4264 4530 4327 4598 4647 4240 4337 4606 4323 4247 4209 4376 4286 4413 4587 4260 4337 4371 4570 4596 4719 4274 4273 4394 4291 4445 4030 4796 4219 4464 4488 4561 4214 4539 4507 4525 4303 5000 4648 4398 4734 4698 4471 4262 4753 4148 4508 5008 4699 4597 4724 4747 4436 4902 4313 4624 4432 4755 4165 4231 4320 4524 4623 4223 4534 4300 4170 4408 4906 
4973 4446 5226 5047 4609 5316 4849 4970 5234 5114 4967 4848 5216 4888 5135 4983 4875 5131 5475 4772 4697 5017 5114 4403 5495 5140 5028 4735 4941 5217 5136 4672 5185 4880 4902 4319 4501 5401 5058 4587 5380 4587 4941 4717 4928 5068 5112 5193 4815 4988 4322 4954 5131 5097 4517 5204 4871 4937 4630 5047 5122 5145 5221 5374 5023 5184 4852 4681 4720 4976 5063 5306 5048 5218 4967 4791 4767 5234 4719 5262 5033 5027 4747 4978 4711 4856 4664 4837 5140 5048 5237 5113 5251 5232 5034 5284 5251 4859 4721 5344 4812 5135 4585 4551 5054 5138 5061 4749 4625 5299 4465 5168 5082 5374 5026 4942 4806 4690 4736 4979 4955 5382 4858 4929 4901 5001 5341 4455 4886 5080 4651 5346 5047 5243 4990 4776 4904 5080 4824 5406 5097 5131 4543 5157 5058 4985 5155 4604 5286 4645 4637 5197 4998 5012 5101 5314 4698 5301 4826 5432 5173 5278 4877 5140 5069 5141 5312 4485 4782 4822 4938 4841 4833 4597 5163 5050 5019 5066 4740 5456 4736 4809 5146 5079 5113 5181 4809 5149 5349 4906 4701 4481 4865 4840 4916 5290 4849 5100 4774 5122 5004 4918 4649 5132 4845 4889 5119 4780 5532 4501 5073 5039 4959 4719 5038 5016 4919 4831 5496 5173 5129 5132 5324 4902 5062 5179 4590 4954 5449 4911 5500 4997 4992 5100 5580 4750 5062 4922 5184 4871 4727 4579 5058 5197 4883 5023 4913 4779 5017 5413 
5448 4836 5426 5094 4756 5294 4761 5131 5392 5095 5215 4990 5413 5042 5220 5242 5088 5156 5160 5197 5203 4866 5199 4489 5546 5263 4797 4858 5046 4905 5302 4662 5186 5382 4923 4546 4731 5366 5154 4421 5239 5139 5222 5037 5200 5434 5048 5322 5117 5351 4408 5198 5299 5439 4835 5554 4989 4695 4903 5231 5257 5162 5357 5397 4910 5062 5219 4736 5262 5032 5035 5429 5188 5370 5088 5010 5004 5367 4722 5540 5189 4993 4901 4934 4787 5030 5174 5062 5116 4851 5403 5110 5394 5533 5250 5371 5151 5041 4995 5464 4765 5145 4958 4643 5204 5452 4907 5116 4972 5376 4636 5310 4976 5462 4899 5139 4787 5031 4956 5247 4970 5402 4847 5020 5041 4850 5325 4670 4886 4862 4957 5182 5021 4984 5218 4812 4853 5329 4894 5583 5334 5149 4964 5210 5378 5061 5311 4531 5479 4995 4989 5210 5257 5136 5122 5276 5117 5253 4685 5498 5507 5296 5244 5260 5073 4990 5218 4789 5198 5167 5073 4846 4920 4945 5197 5050 4935 5518 4676 5349 5107 4988 5224 5182 5480 5235 4778 4915 5320 5006 4635 5087 5006 4911 4758 5495 4693 5045 4693 5058 5289 5205 4827 5096 4943 5242 5224 4877 5614 4630 5181 5142 5282 5017 5220 5120 5197 4678 5236 5131 5077 5141 5406 4969 4887 5551 4806 5265 5559 5272 5299 5566 5581 5326 5667 4950 5139 5023 5382 4947 4803 4734 5391 5303 5112 5204 4875 4744 5098 5580 
5254 4561 5415 5376 5174 5521 4609 5712 5344 5280 5109 5134 5416 5160 5518 5220 5156 5363 5431 5106 5141 5507 5292 4837 5465 5308 5345 4993 5317 5236 5438 4639 5337 5269 5120 4839 5042 5541 5505 4733 5364 5163 5209 5090 4959 5051 5467 5382 5184 5291 4615 5547 5216 5277 5000 5456 5236 5197 5146 5538 5428 5591 5441 5419 5294 5312 5486 4874 5291 5001 5249 5398 5299 5161 5067 5178 5348 5712 4857 5592 5305 5424 5069 5338 5142 5112 5537 5143 5401 4886 5458 5194 5511 5511 5236 5323 5326 5168 5104 5595 4997 5422 5020 4797 5399 5362 5143 5191 5201 5489 4908 5660 5177 5612 5257 4843 4936 4864 4858 5575 5108 5678 5086 5282 4916 5167 5254 4792 5094 5369 5122 5663 5257 5461 5184 5179 4856 5497 5174 5625 5416 5443 4870 5098 5068 5316 5180 5147 5549 4997 5256 5392 5274 5510 5494 5532 5277 5225 4709 5598 5542 5605 5475 5419 5300 5284 5286 4531 5506 5400 5326 4965 5224 4896 5389 5421 5176 5478 4901 5566 5261 4854 5391 5339 5470 5521 5037 5136 5481 5179 4802 5001 5312 5150 4803 5392 4878 5224 5125 5219 5306 5678 5081 5123 5015 5257 5026 4967 5790 5016 5426 5284 5275 5109 5079 5053 5268 4940 5617 5420 5356 5438 5677 5197 5294 5642 5095 5244 5744 5399 5433 5552 5769 5296 5467 4922 5474 5091 5466 5231 5085 5090 5492 5369 5272 5328 5048 5157 5024 5836 
5329 4865 5548 5505 5083 5366 4885 5467 5359 5162 5322 5101 5331 4987 5425 5237 5036 5210 5452 4986 5102 5208 5027 4752 5531 5336 5088 5166 5188 5237 5059 5091 5327 5235 4983 5027 4882 5277 5070 4541 5122 5040 5433 5251 4966 5109 5301 5262 5134 5217 4956 5331 5273 5264 5098 5594 4850 4920 4887 5231 5405 5115 5117 5450 5135 5285 5275 4791 5353 5125 4976 5309 5271 5548 5253 5105 5221 5645 4792 5545 4879 5176 4983 5253 4881 5123 5374 5235 5262 5270 5444 5067 5588 5479 5463 5353 5198 5244 5175 5594 5000 5101 4894 5192 4991 5214 5323 5241 5054 5429 4706 5437 5259 5276 5046 5059 4639 5037 5115 5359 4928 5658 4827 5082 4890 5216 5229 4690 4937 4887 4983 5526 5151 5221 5511 4886 4982 5426 4823 5292 4973 5369 4886 5135 5045 5140 5354 5021 5222 4983 5004 5425 5014 5432 5249 5519 5128 5161 4979 5456 5581 5674 5317 5147 5236 5315 5394 4653 5165 5055 5185 4763 5080 4868 5105 5402 5250 5337 5020 5502 5227 4797 5281 5277 5381 5520 4846 5240 5369 4958 4654 5025 5273 4957 4784 5131 4728 5188 4695 5279 5168 5346 4908 4854 5145 5442 4952 4896 5743 4644 5226 5037 5005 5153 4964 5193 5338 4973 5285 5339 5356 5070 5497 5199 5347 5388 5074 5289 5586 5637 5354 5486 5656 5015 5746 4991 5192 5130 5208 5153 5132 5001 5609 5297 5007 5270 4849 4852 5155 5845 
5089 4087 5024 4771 4695 5082 4539 4862 5045 5104 4805 4637 5086 4683 4952 4985 4604 5100 5036 4751 4711 4972 4695 4513 5196 4908 5054 4715 5006 4737 4591 4605 5039 5041 4439 4619 4619 4892 5000 4374 4969 4887 4957 4468 5107 4951 5094 5306 4665 5114 4513 4960 4833 4921 4697 5069 4490 4647 4570 5123 5129 4993 5113 5095 5176 4879 5022 4766 4938 4762 5057 5012 5003 4929 4852 4736 4737 5016 4478 4873 4850 4884 4584 4636 4803 4487 4893 4724 4663 4962 4839 4849 5048 5088 4929 5022 4789 4691 4774 5113 4698 4902 4551 4626 4922 4943 4653 4962 4631 5330 4541 5202 5043 5025 4686 4747 4534 4680 4662 4969 4936 5001 4646 4973 4708 4976 5003 4635 4788 4792 4682 4965 4851 4822 4846 4546 4635 5132 4630 5081 5060 5126 4728 4731 4808 4642 5063 4850 4985 4602 4243 4995 4603 5059 4990 5209 4591 4549 4855 5102 5310 5126 4781 4984 4879 5261 4792 4162 4924 4739 4731 4558 4618 4598 5208 5120 4989 4726 4517 5337 4882 4428 4868 4850 5147 4927 4645 4627 4935 4618 4361 4782 4858 4584 4782 5099 4569 4824 4699 4946 5260 5028 4772 4749 4672 4940 4770 4516 5477 4552 5015 4910 4893 4480 4919 4910 4757 4603 5335 4973 4864 4879 4914 4915 4681 5320 4795 5149 4931 4903 5089 5219 5166 4989 5451 4647 4738 4566 4878 4815 4665 4715 5098 5072 5028 4722 4676 5018 4667 5409 
4837 4430 4963 4892 4727 4838 4483 4860 4803 4589 4832 4609 4794 4575 5131 4907 4802 4664 5033 4664 4918 4461 4756 4160 4987 5194 4871 4493 4726 4770 5006 4441 4797 4884 4578 4394 4397 4860 4848 4217 4681 4637 4734 4564 4644 4642 4901 4970 4682 4524 4125 4812 4793 4802 4392 5049 4405 4672 4640 5040 4650 4849 4887 4832 4593 4808 4776 4420 4852 4835 4904 4982 4911 4788 4957 4504 4560 5123 4469 5213 4583 4583 4547 4974 4736 4563 4740 4727 4722 4561 5002 4830 5347 4814 4616 4807 4632 4226 4781 5005 4824 4871 4333 4486 4754 4803 4694 4662 4690 4918 4487 5054 4698 4813 4834 4576 4456 4646 4353 5021 4423 4964 4693 4740 4586 4495 4756 4514 4797 4432 4602 4731 4696 4719 4879 4617 4631 4932 4532 5221 4942 4924 4457 4876 4732 4634 4726 4506 4928 4687 4683 4902 4727 4730 4708 4723 4689 4639 4561 5156 5357 5138 4751 4864 4777 4842 4916 4559 4831 4730 4757 4633 4555 4455 4797 4954 4806 4704 4422 5073 4932 4625 4981 4929 4812 5077 4665 4813 4687 4748 4251 4467 4913 4588 4606 4737 4550 4892 4572 4530 4676 4780 4672 4688 4649 4936 4623 4551 5325 4448 4796 4832 4695 4477 4486 4897 4767 4431 5219 4972 4831 4916 4985 4772 4575 4873 4773 4902 5289 4845 4866 5021 4829 4884 5549 4494 4621 4635 4825 4874 4519 4470 4692 4899 4736 4817 4567 4401 4756 5360 
4836 4402 5265 5133 4687 5243 4807 5288 5149 5024 5120 4852 5345 4895 5090 4867 4807 5092 5405 4865 4874 5297 4984 4255 5466 5486 4866 4787 4855 5156 5072 4744 5246 4948 5061 4753 4608 5323 5145 4416 5149 4849 5363 4667 4969 5122 5340 5362 4826 5131 4464 5249 5007 5195 4650 5350 4659 4865 4810 5189 5328 5255 5218 5286 5056 5359 4984 4738 5125 5011 4936 5422 5090 5082 4993 4999 5002 5525 4812 5186 4864 5240 4847 4907 4808 4829 5004 4837 5019 4884 5083 5000 5192 5139 5017 5201 5193 4938 4778 5367 4992 4865 4631 4592 4948 5223 4954 4937 5041 5323 4681 5230 4906 5076 5140 4873 4751 5079 4792 5241 5026 5177 4880 4921 5061 5046 5069 4642 5079 4976 4583 5252 5193 5209 5155 4927 4818 4837 4686 5448 5108 5179 4667 4984 5083 4831 4909 4663 5430 4748 4829 4884 4915 4931 5213 5256 5046 5070 4779 5422 5223 5380 5027 5165 5023 4969 5204 4257 5023 4986 4909 4647 4936 4963 5432 5229 5155 5080 4906 5501 4928 4725 5179 5340 5190 5452 4928 5077 5172 5195 4794 4719 5065 4946 5070 4955 4678 5258 4834 5159 5020 5063 4607 4930 4764 5234 5061 4708 5176 4803 4928 4982 4962 4539 4812 5316 4865 4823 5508 5360 5027 5037 5224 4812 5007 5118 4915 5077 5472 5129 5384 5221 5311 5046 5597 4659 4843 4865 5286 4996 4747 4720 4949 5238 5002 5059 4900 4940 4918 5169 
4695 4325 4839 4983 4486 4995 4346 5046 4735 4778 4912 4613 4821 4586 5059 4829 4335 4627 5055 4809 4524 4789 4615 4270 5017 4912 4694 4486 4749 4641 4659 4266 5072 5140 4751 4472 4468 5012 4598 4266 4805 4533 5109 4864 4653 4794 4723 4967 4710 4738 4322 4775 4831 5011 4630 4927 4537 4537 4510 5001 4965 5110 4935 4838 4727 4932 4824 4589 5233 4820 4865 4964 4865 4862 4845 4818 4824 5134 4453 5303 4634 4561 4676 4749 4754 4692 5001 4737 4686 4628 4696 4574 4994 4871 5146 4978 4839 4589 4683 5071 4675 4779 4529 4573 4721 4753 4702 4906 4446 4935 4401 4989 4730 4957 4783 4759 4447 4741 4390 5070 4553 4928 4492 4691 4503 4663 4786 4587 4490 5085 4311 4754 4695 4626 4921 4748 4636 5010 4440 5010 4873 4768 4580 4742 4532 4535 5169 4684 5143 4604 4492 4975 4887 4992 5029 5066 4835 4757 4643 5186 4613 5186 4786 4765 4577 4849 4728 4058 4755 4719 4929 4697 4549 4443 5039 4770 4749 4826 4730 5286 4656 4546 4806 4807 5005 4923 4474 4723 4800 4925 4135 4524 5061 4663 4780 4841 4417 4933 4292 4996 4776 4959 4625 4652 4620 4608 4797 4383 5318 4271 4794 4775 4853 4548 4670 4715 4753 4482 5120 4901 4768 4687 4958 4638 4801 5245 4461 4615 5071 4890 4882 4888 5009 4635 5430 4449 4778 4940 4811 4491 4478 4668 5081 5092 4774 4604 4550 4726 4523 5135 
5115 4803 5265 5456 5026 5217 4803 5153 5439 5306 5157 4987 5260 5093 5423 5197 4761 5136 5422 4936 5185 4988 5270 4537 5591 5529 5185 5173 5030 5066 4973 4787 5414 5410 4754 4673 4879 5151 5239 4635 5266 5016 5148 5128 5110 5353 5005 5672 5135 5357 4737 5143 4991 5232 4935 5448 5017 4955 4982 5472 5286 5504 5233 5457 5226 5186 5132 4997 5327 4904 5227 5343 5425 5371 5091 5050 4924 5569 5106 5594 5243 5102 5359 5323 5119 5122 5227 5045 5220 5321 5453 5188 5653 5344 5123 5304 5244 4929 5147 5436 5067 5318 4841 4907 5290 5540 5215 5302 5211 5310 4980 5415 5003 5252 4843 5255 4626 5023 4888 5431 5100 5557 4891 5274 5285 5186 5378 4918 5102 5038 5146 5428 5561 5278 5074 5225 5033 5317 4770 5692 5264 5284 4885 4974 4908 5235 5448 4985 5302 5048 4874 5269 5077 5523 5212 5302 5059 4976 5016 5274 5455 5581 5425 5375 5220 5303 5284 4896 5205 5191 5068 4971 5095 4797 4993 5251 5135 5445 4989 5659 5104 4916 5265 5380 5135 5489 4739 5294 5256 5254 4754 4885 5281 5047 4869 5242 4926 5463 4888 5127 5207 5209 4995 4899 5215 5153 4889 5122 5824 4923 5302 5185 5267 4838 4896 5438 5323 4923 5430 5325 5231 5172 5538 5020 5269 5620 5202 5370 5504 5427 5372 5543 5484 5114 6016 4714 5199 5067 5401 5395 4790 5000 5234 5420 5242 5136 4989 4964 5087 5803 
5050 4426 5274 5051 4707 5254 4803 5343 5294 4823 4959 4877 5157 4925 5435 5086 4693 5025 5211 4734 4840 5013 5077 4511 5292 5149 4958 4851 4944 5113 5078 4465 4943 5072 4691 4463 4641 5321 5127 4578 5045 4893 5187 4919 4923 5001 5021 5273 4840 4969 4620 5049 4954 5147 4765 5239 4764 4765 4537 4898 5086 5167 4904 5206 4863 5134 5185 4652 5077 4957 4767 5193 5182 4777 4945 4675 4793 5399 4682 5275 4872 4853 4866 4959 4911 4990 4991 4582 4775 4823 5246 5116 5263 5238 4995 5171 5237 5158 4756 5284 4806 5065 4866 4871 4995 5184 5002 4876 4509 4958 4664 5286 4993 5195 5079 5034 4668 4827 4638 5259 4804 5324 4747 4992 4843 4696 5109 4563 5038 4790 4496 5110 4950 5011 5177 4931 4816 5454 4867 5299 4863 5069 4642 5017 4799 4992 5057 4862 5170 4852 4676 5085 4888 4933 4833 5255 4985 4966 4900 5332 5350 5394 4941 5148 5087 5122 5265 4560 5120 4933 5023 4832 4832 4731 5109 5311 4881 5082 4813 5492 4980 5013 5377 4949 5024 5228 4700 4984 5209 4819 4414 4793 5166 4910 4749 4943 4812 5071 4720 5038 5085 5068 4732 4750 5195 5024 5009 4698 5696 4712 5072 4928 5139 4627 4874 5171 5055 4699 5258 5297 5049 4962 5184 4934 4890 5408 4939 5148 5196 5099 5267 5324 5012 5077 5696 4536 5093 5207 5198 4780 4796 4721 4854 5109 4804 5039 4583 4654 5001 5373 
5379 4574 5382 5294 5042 5398 4919 5430 5346 5116 5301 5342 5519 5097 5473 5536 5209 5308 5444 4946 5000 5004 5106 4686 5453 5441 5047 4947 5206 5093 5291 5047 5479 5454 4978 4706 4864 5553 5155 4576 5174 5130 5445 5178 5090 5309 5348 5531 5372 5195 4855 5285 5327 5347 4999 5488 5081 4952 4747 5419 5411 5391 5344 5604 5114 5283 5385 5149 5333 5123 5173 5307 5260 5194 5161 5167 5223 5773 4837 5508 5146 5243 4999 5357 5033 5164 5268 4977 5014 5202 5422 5271 5471 5375 5332 5377 5183 4988 5218 5621 5060 5253 5084 4972 5066 5546 5155 5422 5131 5402 4942 5665 5308 5420 5041 5255 4865 5180 4740 5644 5119 5429 5066 5250 5283 5126 5618 4720 5196 5002 4895 5403 5174 4906 5117 5122 5335 5629 4881 5590 5568 5407 4859 5229 5360 5221 5343 4857 5446 4875 5109 5149 4922 5269 5456 5383 5145 5170 5008 5543 5698 5553 4979 5422 5214 5375 5378 4664 5392 5203 5261 4859 5116 5246 5353 5271 5291 5341 5064 5600 5312 5133 5393 5387 5482 5666 4828 5109 5263 5082 4630 4986 5442 5207 4853 5431 4966 5299 5079 5262 5310 5358 4653 5056 5029 5309 5280 4986 5613 4805 5436 5333 5104 4769 5285 5225 5371 4872 5472 5186 5259 5153 5263 5304 5375 5576 5281 5290 5865 5385 5541 5552 5480 5278 5872 4980 5107 5161 5370 5195 4841 4947 5325 5440 5257 5237 4860 5244 5363 5707 
5217 4537 5222 5018 4874 5037 4570 4890 5156 4821 5185 4855 5083 4778 5089 4834 5050 5131 5075 4736 5007 4706 4816 4626 5443 4759 4917 4747 4894 5117 5095 4726 5115 4945 4770 4493 4828 5211 5230 4428 5080 4993 5125 4807 4963 4875 5302 5377 4877 5047 4611 4997 5147 5244 4719 5109 4805 4883 4636 5114 5422 5066 5194 5338 4903 4925 5189 4855 5103 4843 5023 5164 4886 5312 5029 4958 4842 5359 4638 5498 4704 4957 4869 4780 4895 5129 5030 4695 4717 4926 5292 4912 5181 4975 4994 5088 4777 4654 4981 4829 4748 4838 4808 4905 5159 5066 4813 4906 4703 5163 4397 5263 4945 5412 4979 5091 4442 4819 4791 5161 4835 5347 4777 4924 4922 4905 5072 4637 4936 5007 4777 5210 5113 4993 5204 4800 4539 5222 4660 5024 4954 5061 4818 4841 4901 4792 5127 4877 5168 4917 4667 4974 5028 5164 5343 5132 4830 4977 4825 5173 5176 5384 4804 5231 4739 5182 5049 4384 4875 4998 4953 4898 5217 4777 5012 5027 4762 5016 4568 5375 4732 4559 5140 5002 5318 5077 4648 4996 5177 4908 4432 4748 5247 5156 4663 5021 4519 5119 4679 5136 5077 5255 4787 4769 4908 4848 4890 4724 5544 4852 4871 4785 4897 4622 4961 4918 5172 4744 5232 4962 5074 5047 5221 4778 5075 5269 4974 4846 5422 5180 5049 5443 5321 4999 5295 4640 4875 4787 4964 5140 4742 4486 5211 5389 5018 4965 4912 4793 4978 5536 
5444 4848 5568 5438 5265 5216 5110 5491 5609 5422 5492 5327 5414 5070 5472 5158 5053 5325 5824 5112 5274 5321 5423 4508 5764 5609 5414 5141 5187 5403 5363 5075 5553 5494 5188 4727 5089 5319 5523 4606 5400 5187 5822 5362 5117 5227 5524 5541 5393 5345 4786 5482 5213 5515 5060 5687 5006 4985 4964 5622 5380 5554 5435 5410 5154 5260 5462 5092 5292 4870 5432 5669 5629 5395 5456 4869 5000 5730 5165 5807 5331 5640 5151 5309 5057 5287 5444 5234 5475 5472 5563 5285 5371 5432 5327 5718 5505 4987 5164 5491 5296 5635 4949 4888 5391 5243 5315 5244 5309 5682 5024 5699 5441 5499 5123 5159 4873 5150 4956 5856 5377 5828 5285 5271 5183 5460 5418 5203 5309 5500 5339 5308 5368 5324 5352 4819 5304 5584 5073 5717 5582 5452 5003 5260 5267 5136 5453 5098 5657 5219 5353 5436 5345 5412 5609 5612 5518 5326 4967 5488 5438 5715 5549 5371 5196 5316 5451 4652 5452 5532 5501 5272 5391 5103 5742 5362 5402 5536 4937 5683 5196 5032 5466 5446 5392 5860 4979 5454 5372 5527 4765 4957 5241 5189 5175 5166 5062 5447 5302 5682 5333 5424 5015 5352 4935 5424 5164 5047 5834 5204 5391 5313 5314 4896 5117 5362 5444 5214 5564 5574 5536 5234 5814 5248 5248 5796 5168 5437 5989 5603 5304 5834 5684 5302 5883 4943 5668 5018 5530 5276 5108 5145 5465 5564 5249 5545 5373 4966 5209 5758 
5244 4785 5025 4992 4689 5169 4742 5076 5194 4808 4944 4537 5120 4661 4918 5090 4802 4903 5204 5124 5009 4930 5000 4285 5110 5329 5318 4810 4938 4921 4925 4449 5212 5029 4708 4422 4535 5158 5229 4566 5077 4915 5142 4804 4914 4995 5248 5107 4874 5234 4595 5155 4946 5136 5033 5356 4668 4779 4530 5372 5103 5247 5164 5265 4981 5217 5142 4259 4826 4758 5132 5099 5020 4851 4903 5006 4847 5290 4900 5280 4826 5084 4693 5000 4979 4975 4891 4681 4955 4703 5360 4756 5292 5248 5115 5365 4926 4789 4879 5605 5065 4868 4860 4625 4779 5129 4874 5271 5178 5253 4668 5299 4844 5126 4840 4963 4642 5176 4721 5455 4814 5280 4854 5000 5089 4837 5135 4672 4861 4923 4729 5231 4769 4909 5194 4932 4740 5302 4584 5277 5142 5242 4828 5017 4987 4985 5073 4476 5302 5017 4747 4958 4711 4959 5296 5152 4963 4764 4853 5344 5187 5169 4753 4835 4846 5140 4954 4346 4897 5097 4975 4492 5098 4527 5179 5107 4866 5234 4632 5461 4919 4910 5096 5022 5264 5520 4796 4910 5317 4935 4623 4752 4761 4817 4740 5194 4690 5061 4703 5174 5268 5054 4748 4818 4772 5278 4967 4728 5164 4827 5057 5012 5251 4757 5073 4864 4886 4721 5024 5284 4949 4863 5330 4981 5075 5331 4781 5082 5514 5060 5151 5378 5500 5011 5665 4825 4918 4775 4965 5007 4786 4772 4849 4956 4845 5112 4986 4768 4687 5427 
5136 4426 5585 5329 5083 5482 4788 5494 5295 5157 5254 5072 5254 4996 5627 5248 4865 5240 5482 5215 5176 5140 5339 4780 5627 5220 5074 4954 5186 5139 5087 4567 5458 5162 5224 4708 4809 5532 5203 4776 5288 5156 5563 5151 5110 5255 5425 5387 5044 5155 4830 5103 5204 5344 5134 5588 5064 4855 4894 5292 5588 5269 5378 5379 4925 5328 5541 4776 5238 5034 5140 5363 5285 5390 5064 5056 5271 5322 4811 5453 5173 5302 5059 5331 5095 5187 5058 5215 4893 5242 5105 5145 5538 5212 5196 5210 5277 4789 5151 5369 5207 5314 5030 4804 5240 5135 5204 4984 5091 5377 4919 5610 5219 5296 5045 5113 4980 5166 4935 5600 5130 5539 4957 4960 5339 5150 5168 4943 4910 5062 4761 5277 5319 5258 5268 5143 5071 5510 5061 5415 5185 5541 4799 5158 5209 4970 5346 4892 5578 4982 4875 5247 5167 5486 5162 5426 5191 5272 4938 5379 5272 5498 5192 5494 5051 5108 5302 4435 5334 5351 5362 4748 5238 4952 5622 5376 5078 5287 4796 5711 4964 4865 5393 5195 5261 5512 4774 5310 5136 4836 4694 5137 5136 4889 5172 5285 4855 5094 5126 5199 5267 5282 4947 4843 5253 5270 5187 4896 5594 5100 4909 5267 5226 4925 5079 5368 5190 4847 5523 5443 5362 5068 5583 5203 5108 5489 5158 5170 5579 5290 5453 5515 5663 5112 5634 4686 5289 5093 5277 5367 5152 4838 5465 5362 5248 5223 4914 4803 5039 5512 
4770 4240 4966 4877 4750 4823 4509 5033 5154 4827 4881 4677 4706 4663 5021 4618 4373 4701 4986 4413 4894 4713 4732 4054 5180 4614 4812 4581 4762 4766 4753 4534 4707 4796 4720 4257 4409 4772 4675 4337 5108 4471 5105 4433 4831 4982 4980 5091 4672 4892 4398 4806 4790 4894 4328 5096 4556 4498 4317 4941 5065 5197 4953 5001 4736 5029 4850 4460 4869 4674 4531 5005 4854 4864 4715 4634 4579 5283 4752 5118 4820 4796 4665 4732 4654 4755 4835 4755 4743 4781 4892 4807 4811 4842 4649 4835 4848 4571 4515 4977 4530 4841 4537 4308 4899 4856 4471 4867 4601 5039 4578 4933 4756 5053 4589 4525 4356 4854 4615 4942 4668 5265 4754 4755 4644 4742 4706 4809 4692 4987 4540 4752 4696 4953 4591 4596 4704 5284 4519 4852 4806 5012 4320 5036 4796 4845 5003 4625 5158 4708 4462 4901 4596 4763 4945 4888 4825 4381 4588 4764 4945 4916 4637 5033 4744 4937 4729 4393 4736 4843 4874 4529 4812 4445 5078 4955 4631 4698 4606 5181 4606 4541 4779 4936 4812 5280 4384 4739 4908 4657 4417 4557 4742 4606 4435 4843 4349 4920 4478 5065 4875 4747 4639 4632 4662 4765 4893 4565 5367 4649 4770 4627 4654 4317 4792 4827 4862 4396 4969 4972 4786 4599 4933 4774 4922 5266 5068 4918 5122 4926 4928 5127 5274 4668 5496 4278 4830 4481 4969 4962 4539 4297 4943 5158 4944 4647 4646 4624 4628 5092 
5287 4702 5122 5224 4834 5112 4916 5075 5267 4967 5209 4836 5037 4677 5309 5197 4933 5209 5490 4866 4955 4976 5124 4639 5438 5100 5272 4886 5239 5185 5205 4891 5385 4967 4831 4566 4940 5288 5051 4248 4986 4727 5399 4973 5003 4966 5331 5463 5153 4954 4688 5187 5087 5337 4957 5183 4809 4839 4750 5395 5012 5203 5177 5299 4662 5238 5235 4804 5083 4924 5124 5162 5106 5276 5044 4769 4864 5168 4576 5388 4875 5249 5054 5288 4857 5140 5081 4731 4918 5260 5317 5033 5147 5285 5148 5126 4789 4616 5125 4948 5034 4871 4736 4892 5015 5151 5212 4928 4876 5198 4620 5415 5196 5560 4842 5133 4677 4873 4616 5211 4926 5410 5041 4785 5188 5133 5054 4594 4793 4889 4813 5161 5089 4947 5187 4777 4783 5317 4742 5374 5014 5276 4773 5113 5060 4756 5227 4824 5327 4910 4808 5500 4643 5029 5242 5479 4945 4991 5007 5355 5298 5387 5041 5431 4700 5005 5048 4650 5057 4869 5204 4802 5108 4773 5297 5033 5142 5436 4831 5536 4958 4694 5236 5286 5291 5234 4665 4937 5218 5070 4251 4858 5270 5002 4754 5045 4721 4766 4880 5169 5099 5215 4807 4727 4889 5108 4832 4608 5857 4598 5020 5228 5093 4571 4852 5015 5364 4415 5182 5050 5259 5151 5289 4890 4928 5394 4760 5102 5561 5140 5268 5124 5095 4807 5553 4709 4930 4951 5302 5018 4636 5059 5327 5309 5004 4995 4928 4746 5131 5536 
5000 4560 5165 4869 4742 5097 4793 5000 4970 5086 5184 4699 5110 4762 5229 4874 4786 5083 5320 4616 4886 5153 4952 4344 5446 5009 5053 4620 4880 5202 4886 4519 5200 5171 4908 4379 4536 5112 5095 4447 5110 4714 5070 4740 4885 5259 5130 5022 4637 4972 4477 4895 5072 4929 4768 5331 4747 4647 4501 5178 5399 5159 5157 5300 4929 5127 4976 4474 4956 4916 5018 5087 5093 5042 5123 4886 4799 5495 4604 5287 4891 4757 4582 4940 4943 5004 5086 4825 4757 4866 5106 4911 5236 5169 4995 5007 4943 4607 4900 5113 5084 4765 4489 4604 4971 5040 4840 4909 4867 5075 4501 5188 5019 5028 4988 4753 4721 4935 4573 5183 4889 5523 4973 5028 4928 4669 4981 4654 5014 4860 4683 5159 5095 5211 5196 4874 4988 5083 4520 5203 4981 5031 4727 4823 4900 4880 5017 4620 5141 4848 4866 5008 4920 4804 4923 5197 4883 4743 4981 5215 5202 5464 4896 5292 4978 5062 4969 4413 4817 5052 5150 4709 4971 4553 5162 5136 4961 5029 4799 5500 4830 4856 5174 4886 4963 5225 4755 5075 5372 4880 4792 4738 5140 4842 4810 4999 4761 4902 4943 5273 4876 4987 4658 4660 4917 4727 4928 4454 5369 4958 5198 4857 4856 4741 4691 5044 4835 4858 5188 5286 4934 5066 5286 5027 4933 5203 4831 5236 5693 5045 5216 5114 5196 5164 5764 4567 4663 4799 5068 5169 4749 4745 5044 5136 4833 4899 4737 4600 4896 5615 
5082 4375 5127 5000 4898 4986 4423 5047 4999 4976 4787 4746 5097 4749 5099 4990 4877 4988 5332 4887 4854 4993 4801 4492 5148 4969 4912 4612 4898 4929 4832 4748 5001 5169 4578 4414 4870 5225 4991 4427 5104 4912 4975 4816 5047 4999 5193 5071 4875 4753 4473 5236 4849 5042 4669 5233 4612 4749 4788 5398 4956 5148 5004 5460 4879 4871 5146 4857 4908 4833 5151 5042 5038 5074 4779 4833 4823 5179 4680 5272 4522 4877 4773 4977 4989 4860 4956 4879 4864 4972 5115 4983 5366 5178 5031 5049 5002 4949 4921 5193 4722 4873 4655 4644 4851 4864 4976 4920 4835 5267 4697 5197 4690 5142 4962 4958 4736 4499 4754 5096 4791 5168 4663 4845 4927 4874 4962 4436 4874 4729 4655 5299 5112 5158 5021 4640 4602 5337 4654 5053 5126 5100 4698 4745 4872 4941 4993 4655 5058 4772 4598 4700 4685 5236 5066 5155 4773 4797 4732 5285 5271 5269 4862 5181 4823 5157 5126 4536 5100 4819 5148 4764 4864 4672 5088 4863 4925 4838 4594 5352 4779 4864 5076 5186 5154 4976 4808 4740 5204 4907 4393 4907 4825 4834 4440 5324 4580 4934 4773 4987 5342 4916 4720 4631 5071 5007 4836 4777 5418 4782 5053 4936 4896 4797 4694 4872 5092 4544 5351 4718 5101 4800 5224 4852 4711 5445 4761 5258 5410 5090 5103 5288 5389 5146 5296 4754 4847 4817 4990 4724 4657 4639 5011 5026 4672 4917 4675 4777 4860 5649 
5059 4759 5257 5095 5055 5107 4737 5158 5552 5067 5149 4810 5433 5129 5191 5156 4992 5342 5521 5060 5091 5242 5100 4677 5130 5485 5264 4856 5007 5301 5233 4624 5240 5053 4824 4743 4895 5164 5160 4601 5263 4994 5142 4973 5107 5151 5349 5381 5108 5273 4644 5472 5027 5421 4836 5261 4637 4990 4991 5467 5296 5455 5310 5184 5183 5326 5194 4827 5210 5007 5164 5280 5073 5087 4993 4874 4963 5386 4965 5423 4895 5224 5024 5110 5083 5099 5243 4979 5397 5228 5255 5266 5370 5355 5410 5214 5112 4948 5025 5252 5123 5323 4960 4453 5156 5349 4937 5066 5003 5341 4838 5409 5233 5372 5034 5156 4775 4824 4925 5057 4987 5374 5105 5015 5232 5064 5177 4790 4942 5321 4730 5413 5099 5119 5095 4640 4886 5493 4802 5364 5490 5482 4774 5299 5159 5007 5166 4654 5511 4780 4960 5284 5055 5172 5194 5048 4960 5080 4883 5419 5365 5278 5118 5366 5068 5285 5051 4412 5202 5106 5150 4795 5152 4602 5307 5266 5079 5177 4994 5442 4935 4650 5285 5262 5435 5443 4804 5305 5270 5056 4405 4597 5044 5050 5168 5077 5005 5210 5101 5212 5076 5126 4801 5138 4890 5231 5228 4711 5570 5091 5385 5101 4997 4804 4992 5217 5234 4786 5515 5446 5149 5340 5309 5182 5054 5485 4825 5340 5605 5263 5371 5373 5540 5092 5848 4980 5161 4818 5148 5288 4954 4946 4924 5387 5093 5070 5070 4838 4830 5780 
5271 4643 5441 5360 5031 5512 4813 5510 5259 5174 5342 4869 5323 5063 5461 5345 5213 5381 5680 4909 5304 5223 5201 4709 5357 5368 5156 5021 5086 5026 5405 5023 5396 5234 4979 4816 4910 5532 5238 4809 5375 5142 5461 5268 5118 5474 5347 5409 5239 5433 4522 5330 5197 5150 5036 5549 4927 5268 5046 5438 5274 5267 5284 5427 5171 5370 5250 4928 5225 5171 5388 5433 5209 5397 5107 5365 5265 5524 5012 5318 5159 5422 5119 5223 5091 5109 5458 5287 5177 5296 5226 5303 5559 5560 5275 5367 5100 4777 5083 5608 5114 5499 5064 4919 5056 5159 5246 5396 5180 5484 4934 5569 5077 5500 5299 4901 5053 5226 4814 5434 5097 5567 4820 5150 5114 5096 5241 4851 4927 5173 5004 5641 5233 5244 5312 4843 5238 5303 4909 5758 5644 5515 4837 4934 5153 4972 5234 4797 5594 4937 5234 5203 5258 5474 5460 5383 5100 5029 5073 5473 5637 5709 5133 5279 5212 5121 5638 4827 5276 5275 5433 4986 5126 4799 5495 5364 5437 5297 5118 5617 5124 4984 5354 5214 5253 5390 4855 5433 5466 5201 4558 4991 5245 5015 5059 5435 4740 5293 4915 5059 5246 5409 5074 4998 5023 5276 5126 4936 5556 5094 5537 5208 5041 4697 5202 5254 5192 5022 5497 5257 5391 5105 5553 5148 5173 5506 4805 5204 5591 5433 5301 5609 5630 5207 5908 5093 5411 5320 5340 4947 4996 5123 5325 5272 5071 5072 4961 5095 5272 5502 
5075 4532 5040 4925 4640 5072 4780 5244 5190 4951 5053 5049 5091 4681 5300 5044 4970 4924 5470 4961 4918 4966 4966 4490 5260 5260 5207 4735 4938 5048 4969 4577 5086 4946 4906 4552 4722 5278 5066 4352 4985 5017 5156 4575 4999 4683 5264 5204 4720 4941 4594 5039 5044 5047 4819 5230 4595 4767 4839 5413 5131 5201 5152 5286 5026 5135 5108 4684 5003 4985 5319 5341 4797 4967 4700 4542 5132 5156 4682 5088 4848 5073 4737 4978 4931 4899 4702 4973 5182 4944 5289 5096 5237 5183 4711 5229 5156 4980 5007 5091 4874 5002 4504 4704 5327 5198 5123 5025 4912 5273 4796 5525 5152 4968 4985 5020 4717 4664 4792 5207 4971 4972 4944 4861 4601 4945 5031 4443 4767 4818 4651 5247 4676 4970 5003 4761 4632 5189 4941 5261 4972 5133 4603 5126 5175 4906 5081 4878 5466 4586 4714 5213 4950 5160 5148 5146 5091 5053 4656 5240 5271 5302 5019 4886 5020 5009 5058 4413 5012 4849 5214 4565 4630 4859 5271 5058 4931 5349 4834 5461 4948 4847 5027 5042 5368 5533 4659 5042 5138 4856 4275 4788 4950 4832 4640 4997 4548 4907 4654 4972 5152 5189 4680 4914 4718 4996 5169 4652 5413 4538 4844 5107 4927 4854 4886 5068 5041 4405 5267 5387 5064 4923 5119 4787 4763 5243 4611 5166 5184 5134 4996 5184 5432 4958 5296 4609 5165 4976 5058 4739 4689 4868 5181 5364 4708 5086 5007 4509 4915 5741 
5786 5010 5756 5738 5157 5768 5384 5588 5977 5652 5412 5337 5510 5335 5909 5678 5360 5609 5946 5768 5352 5661 5637 5106 5910 5901 5640 5512 5373 5669 5652 5230 5756 5613 5285 5141 5283 5753 5814 4925 5557 5557 5880 5277 5471 5820 5534 5909 5354 5600 4926 5685 5654 5783 5425 6136 5315 5337 5146 5755 6009 5823 5642 5631 5325 5793 5721 5165 5669 5536 5269 5700 5603 5891 5452 5567 5497 5909 5292 6143 5298 5605 5266 5405 5147 5344 5608 5189 5661 5621 6012 5338 5912 5849 5484 5645 5533 5417 5563 5876 5445 5671 5524 5159 5742 5655 5399 5534 5332 5925 5172 5699 5684 5910 5593 5578 5283 5318 5096 5784 5576 5988 5119 5303 5524 5429 5701 5239 5407 5483 5386 5696 5669 5604 5633 5357 5343 5848 5143 5963 5572 5808 5351 5864 5371 5376 5477 5232 5671 5563 5260 5582 5676 5660 5681 5885 5514 5510 5351 5950 5722 6127 5570 5738 5371 5652 5599 4832 5657 5446 5405 5157 5507 5255 5737 5653 5571 5503 5361 5933 5290 5551 5703 5707 5800 6135 5460 5546 5741 5773 5220 5292 5624 5507 5472 5831 5220 5686 5539 5702 5690 5880 5304 5359 5463 5514 5779 5419 6035 5344 5579 5421 5713 5184 5534 5502 5712 5323 5953 5738 5491 5542 5985 5367 5500 5889 5327 5723 5918 5614 5866 5825 6029 5429 6575 5380 5414 5429 5536 5507 5250 5413 5340 5777 5547 5411 5289 5391 5302 6375 
5190 4729 5408 5429 5110 5462 4793 5425 5109 5049 5298 5256 5322 5064 5330 5170 5161 5540 5974 5010 5158 5290 5337 4900 5415 5598 5535 5143 5108 5284 5193 5034 5487 5182 4941 4752 5005 5719 5428 4717 5455 5095 5408 4936 5263 5268 5616 5429 5121 5562 4715 5457 5288 5172 4887 5509 5100 5238 4934 5590 5593 5565 5493 5727 5169 5447 5502 5109 5375 5081 5376 5625 5315 5408 5140 5179 5186 5607 4917 5542 5020 5401 5079 5168 4937 5351 5397 5107 5146 5371 5462 5294 5560 5348 5288 5451 5090 5067 5258 5650 5172 5387 5003 5179 5336 5421 5349 5371 5323 5416 4818 5558 5146 5522 5165 5098 5116 5052 4981 5497 5179 5745 4949 5093 5040 5294 5465 4968 5494 5277 4880 5362 5309 5374 5471 5108 5319 5522 5265 5653 5192 5256 4971 5262 5043 5360 5322 5103 5475 4943 4867 5165 5235 5218 5623 5533 5290 5326 4816 5884 5696 5698 5038 5391 5316 5269 5431 4926 5369 5061 5592 4930 5289 5069 5566 5378 5412 5407 4848 5782 5245 5184 5325 5583 5335 5464 5007 5238 5589 5291 4580 4959 5332 5273 5116 5142 5052 5154 5189 5267 5339 5412 4733 5063 5244 5457 5202 5125 5853 4952 5368 5218 4955 5017 5122 5080 5349 4901 5881 5386 4962 5182 5418 5217 5362 5332 5165 5380 5582 5463 5357 5363 5720 5410 5721 4977 5388 5207 5334 5250 5134 4914 5364 5408 5104 5468 4924 5059 5149 5946 
5408 4894 5472 5304 5135 5348 5179 5268 5528 5013 5435 4994 5344 5120 5486 5094 5004 5124 5541 5220 5206 5310 5286 4698 5577 5275 5158 5100 4988 4995 5317 4824 5278 5409 5072 4609 5033 5155 5426 4707 5458 5288 5218 5010 5102 5476 5271 5429 5204 5323 4893 5451 4890 5265 4723 5638 4694 4919 4821 5366 5351 5356 5437 5472 5289 5079 5338 4923 5228 5025 5296 5534 5259 5354 5120 5000 4970 5692 5031 5565 5404 5064 5039 5170 5017 5078 5146 5033 5134 5100 5328 5195 5830 5409 5193 5355 5181 5195 5148 5576 5007 5418 4867 4921 5437 5190 5273 5160 5163 5279 4768 5537 5121 5635 4999 4859 4986 5198 4901 5620 4901 5519 5023 4967 5028 5185 5201 5046 5212 5286 4687 5468 5279 5017 5318 5064 4986 5680 5058 5443 5289 5301 4835 5351 5155 5262 5134 4764 5464 5006 4952 5273 5227 5382 5330 5515 5255 4865 5111 5460 5525 5609 5174 5333 5268 5261 5249 4739 5217 5166 5529 4905 5265 5127 5389 5418 5163 5554 5034 5213 5107 4934 4945 5309 5512 5410 4707 5353 5274 5206 4969 5201 5203 5181 4949 5101 5042 5328 4918 5123 5250 5273 5066 5027 5309 5296 5105 5063 5744 5089 5374 5240 5537 5012 5105 5181 5207 4982 5578 5382 5177 5193 5473 4990 5241 5424 5305 5321 5740 5153 5303 5661 5849 5433 5683 4929 5227 4930 5434 5465 4793 4964 5302 5528 5251 5160 4990 4839 5060 5767 
5177 4606 5307 5207 4788 5321 4659 5033 5354 4948 5070 4973 5041 4939 5166 4921 4938 5076 5334 4567 4834 5125 4917 4179 5400 5307 5042 4898 4845 5116 4890 4643 5088 5168 5043 4772 4530 5443 5380 4455 5144 5049 5181 4892 5152 5255 5096 5052 4759 5228 4522 5013 5104 5021 4966 5150 4791 4917 4856 5133 5350 5296 5035 5332 4858 5058 5181 4639 5266 5020 4951 5218 5233 5019 5045 4845 5253 5314 4831 5257 5025 5102 5048 5117 4767 4771 4909 4907 4797 4935 5285 4785 5103 5223 5072 5155 5052 4803 4929 5252 4979 5098 4704 4893 4976 5210 5135 5023 4884 5221 4919 5376 5015 5365 4804 4672 4544 5037 4813 5389 4762 5359 5061 4990 4779 5095 4833 4729 5117 5185 4739 5368 4810 5063 4987 4854 5032 5340 4864 5308 5125 5407 4736 4952 4728 4993 5086 4853 5533 4728 4746 5339 4978 5318 5448 5593 4920 4986 4983 5451 5344 5135 5274 5139 4865 5210 5120 4584 4878 5095 5153 4670 4951 4682 5271 5294 5292 5157 4743 5491 4983 4724 5178 5087 5208 5641 4807 5266 5268 4985 4522 4835 5245 5006 4724 5050 4832 5058 4724 5192 5292 5132 4890 4802 4897 5050 5092 4716 5498 4758 4848 4893 4975 4831 4862 5008 4988 4676 5255 5079 4890 5090 5330 5098 4985 5292 5114 5409 5451 5112 5151 5399 5462 5056 5474 4799 5091 4869 5225 5164 4505 4972 5348 5396 4971 5066 4844 4975 4965 5603 
5113 4533 5067 4695 4863 4779 4417 5099 5156 5108 4966 4707 5153 4795 4835 5053 4678 4916 5089 4775 4915 5038 4933 4558 5063 5095 4872 4670 4921 5026 5144 4739 5178 5190 4605 4684 4551 5036 4852 4210 4981 4859 5123 4881 4812 4829 5174 5043 4786 4867 4489 5178 5026 4903 4803 5145 4617 4806 4932 5286 5091 4969 5015 5283 5032 5036 5086 4767 4843 4921 4846 4978 4971 5257 5082 4711 4998 5203 4517 5109 4977 4792 4753 4824 4764 4992 4901 4974 4972 4730 5296 5017 5359 5218 4960 5093 4985 4681 5205 5197 4919 5126 4397 4519 4628 4998 4837 5022 4842 5154 4631 5049 5003 4915 4835 4851 4680 4862 4673 4970 5038 5476 4510 4976 4750 5083 4990 4634 4882 4929 4615 5075 4928 4999 4919 4712 4710 5287 4708 5336 5116 5022 4525 4651 4970 4815 5042 4625 5246 4742 4736 5051 4984 5086 4990 5220 4986 4828 4756 5140 5328 5382 5160 5214 5012 4928 5094 4546 4900 4782 5038 4712 4847 4783 4915 5306 4926 4936 4650 5390 4829 4672 4985 4991 4928 5249 4938 5068 5135 4867 4332 4632 4867 5089 4560 5081 4625 4941 4716 4873 4752 5034 4601 4749 4997 5071 4661 4954 5369 4620 5036 4881 4824 4765 4844 4979 4933 4724 5328 5401 5088 5033 5441 5013 4842 5194 5112 5051 5375 5027 4946 5156 5418 5001 5391 4453 5031 4797 5065 4981 5065 4534 5091 5080 4801 5143 4557 4772 4832 5453 
5309 4680 5329 5277 4932 5335 4899 5364 5487 4887 5464 4930 5457 4968 5393 5202 5079 5375 5439 5078 4978 5116 5174 4757 5684 5531 4920 5150 5201 5296 5212 4865 5245 5156 5108 4866 4795 5482 5275 4941 5457 5139 5377 5004 5289 5155 5647 5516 4993 5326 4616 5289 5271 5363 5063 5224 4925 4749 5061 5148 5511 5279 5493 5449 5189 5193 5140 4733 5257 5370 5273 5344 5254 5128 5096 4999 5137 5450 5064 5495 4893 5078 5000 5198 4998 5015 5253 5115 5046 4970 5138 5091 5503 5447 5306 5323 5312 4841 4873 5478 4892 5411 4966 4799 5240 5370 5034 5104 5114 5541 4885 5609 5242 5172 5261 5221 4932 4984 4981 5509 5100 5475 5068 5273 5065 4956 5131 4703 4966 5369 4860 5337 4961 5260 5320 4988 4800 5229 5037 5622 5338 5496 4866 5322 5112 5018 5270 4937 5637 5074 4929 5391 5315 5276 5447 5366 5111 4999 5216 5584 5510 5531 5148 5272 5146 5465 5300 4615 5206 5043 5317 4882 5192 4784 5489 5123 5241 5262 4918 5506 5153 4616 5332 5084 5554 5499 5070 5055 5520 5085 4836 5043 5389 5194 5121 5513 4856 5214 4677 5403 5471 5268 4924 5120 5155 5120 5276 4793 5566 4829 5049 5169 5116 4895 5024 5153 5204 4881 5301 5368 5397 5145 5431 5012 5161 5259 5037 5254 5463 5494 5497 5430 5601 5403 5797 4983 5340 5066 5246 5061 5137 5059 5548 5469 4952 5057 5047 5051 5220 5587 
4683 4232 4887 4482 4440 4643 4387 4863 5069 4655 4825 4105 4860 4554 4590 4772 4638 4668 4937 4569 4884 4714 5003 4318 5009 4915 4699 4578 4763 4957 4809 4612 4639 4999 4668 4386 4552 4953 4941 4214 4860 4818 4926 4430 4885 4679 5070 5149 4614 4848 4264 4868 4836 4798 4551 5062 4386 4407 4621 4904 5028 4923 5007 4990 4701 4657 4837 4644 4617 4835 4854 4985 4637 4811 4920 4704 4738 5266 4505 4836 4747 4784 4539 4718 4769 4744 4982 4698 4750 4592 5082 4582 4947 4807 4848 4842 4771 4506 4654 4980 4693 4760 4535 4299 4679 4751 4790 4864 4583 4882 4486 5098 4731 4737 4682 4627 4480 4643 4569 5021 4807 5276 4400 4786 4595 4630 4898 4394 4512 4985 4480 5070 4815 4705 4758 4396 4380 4961 4451 4955 4738 5021 4634 4638 4705 4717 4704 4445 5056 4694 4551 4882 4777 4844 4778 4976 4793 4474 4444 5033 4870 5287 4859 4779 4606 4706 4954 4399 4732 4761 4952 4322 4609 4422 4926 4814 4980 4753 4604 5287 4427 4431 4704 4831 4965 5199 4629 4985 4983 4786 4286 4646 4949 4740 4649 4903 4248 4895 4473 4938 4794 5037 4657 4568 4564 4846 4780 4758 4981 4851 4914 4830 4877 4385 4693 4943 4935 4580 5112 5047 4848 4828 4927 4609 4903 4724 4622 4714 4850 5053 4862 4942 5075 4917 5352 4396 4848 4600 4793 4729 4552 4506 4725 4813 4546 4767 4616 4521 4613 5125 
5397 4804 5254 5152 4941 5514 4845 5525 5659 5304 5103 4660 5367 5051 5310 5276 4882 5371 5334 5043 5210 5049 5361 4620 5617 5771 5032 4989 4939 4937 5127 4697 5196 5274 4983 4781 4880 5236 5244 4640 4952 5147 5320 4972 4903 5267 5203 5520 5164 5060 4791 5200 5202 5094 4906 5394 4810 4873 4833 5249 5385 5223 5368 5308 5034 5301 5277 4863 5398 5104 5104 5351 5129 5307 5360 5044 4958 5438 4801 5310 4942 5118 5086 5262 4916 5261 4983 4854 5194 5098 5315 5072 5286 5378 5243 5343 5269 4887 4978 5326 5177 5389 4843 4980 4972 5306 5166 5063 4827 5434 4770 5488 5198 5383 4848 5151 4645 4992 4857 5562 4950 5480 4888 5049 5178 5088 5275 5044 4961 5135 5004 5541 5103 5058 5329 4872 4979 5334 4843 5438 5144 5502 4691 5252 5187 4693 5194 4884 5459 5030 5101 5213 5154 5279 5493 5179 5181 5035 5156 5470 5411 5431 5254 5337 5027 5196 5348 4615 5394 5121 5149 4924 5164 4867 5295 5349 5245 5362 4822 5456 5434 5034 5389 5338 5360 5734 4741 5263 5275 5212 4605 4845 5224 5068 4974 5252 5027 5111 4892 5121 5300 5258 4939 4914 5322 5112 5047 5127 5715 4750 5139 5048 5157 4798 4980 5331 5155 5063 5398 5672 5223 5185 5476 5064 5029 5503 5013 5182 5323 5499 5370 5569 5324 5016 5858 4820 5193 5110 5329 5333 4956 4647 5238 5308 4929 5051 4960 4937 5253 5614 
5058 4351 5019 5120 4594 5096 4624 5072 5123 4952 5185 4615 4895 4822 5192 5043 4706 4996 5236 4629 4809 4890 4880 4360 5237 5123 5038 4681 4685 4953 4651 4622 5071 4929 4821 4566 4421 5056 4879 4566 5082 4798 4889 4985 4818 4798 5155 5016 4923 4896 4462 4913 4956 4971 4724 5143 4591 4702 4749 5158 5059 5108 5273 4969 4918 4801 4800 4547 4826 4856 5042 4832 5054 5013 4933 4707 4616 4957 4918 5050 4732 4744 4731 5087 4992 4679 4797 5048 4878 5001 4918 4886 5216 4988 4836 4927 4781 4684 4796 5127 4766 4837 4530 4603 4907 4819 4992 5050 4743 4992 4636 5318 4968 4823 4895 4882 4413 4911 4700 5340 4736 4958 4840 4832 4892 4776 4769 4700 4723 4848 4755 5098 4596 4901 4897 4788 4774 4874 4470 5381 4908 5105 4487 4851 4708 4937 5016 4776 5313 4639 4740 5155 4879 4800 4962 4821 4577 4618 4703 4912 5245 5317 5045 4946 4842 4903 4930 4164 4858 4626 5036 4736 4777 4761 5267 5114 4769 4953 4649 5004 4897 4710 5131 5119 4911 4905 4628 4877 5057 4730 4518 4768 4894 4829 4880 5167 4696 4637 4766 4944 4920 4872 4847 4792 4827 4762 4435 4531 5472 4514 4763 4845 4789 4655 4831 4683 4926 4430 4899 5136 4937 4875 5204 4856 4771 5011 4628 5219 5138 4961 5199 5056 5327 4791 5371 4615 4726 4676 4762 5009 4823 4724 5006 5103 4651 4919 4938 4764 5015 5264 
5253 4654 5647 5581 4981 5369 5026 5295 5420 5212 5307 5032 5260 5319 5496 5152 4925 5485 5663 5325 5431 5180 5194 4689 5415 5242 5040 4914 5140 5291 5316 5098 5556 5376 5142 4832 5026 5569 5293 4633 5654 5200 5649 5008 5223 5502 5260 5342 5065 5057 4609 5316 5100 5497 4970 5752 4815 4956 4941 5558 5467 5325 5421 5666 5132 5480 5267 4961 5215 5258 5300 5420 5281 5636 5281 5079 5182 5413 5361 5530 5312 5484 5026 5255 5112 4960 5597 5141 5218 5331 5461 5236 5417 5347 5400 5358 5216 5305 5041 5580 5237 5424 5108 4802 5215 5074 5101 5077 5048 5466 5019 5427 5082 5515 4998 5190 4964 4879 4854 5332 5181 5691 4857 5233 5229 5067 5348 4843 5335 5273 4962 5153 5224 5414 5447 5069 4961 5338 4729 5770 5331 5350 5058 5160 5060 5188 5339 5048 5559 5007 5133 5549 5165 5365 5230 5263 5152 5026 4887 5164 5268 5602 5359 5355 5138 5318 5230 4729 5238 4953 5590 5050 5291 4885 5468 5169 5461 5381 5256 5729 5146 4822 5491 5239 5309 5482 4961 5291 5471 5087 4764 5073 5065 5056 5003 5307 4812 5293 5049 5309 5161 5416 5115 5062 4912 4953 5093 4846 5854 4984 4955 5357 4954 5162 5292 5298 5286 5043 5364 5383 5350 5200 5465 5155 5114 5583 5085 5143 5759 5527 5192 5676 5640 5383 5725 4862 5627 5014 5300 5133 4995 4991 5244 5391 5219 5232 4936 5031 5166 5796 
5223 4670 5533 5588 5063 5204 5029 5492 5447 5321 5254 4883 5350 5152 5634 5431 4929 5260 5549 5250 5213 5529 5180 4793 5478 5519 5440 5172 5054 5200 5397 4741 5397 5517 5286 4821 5109 5533 5298 4748 5383 5104 5340 5129 5085 5045 5427 5441 5239 5311 4498 5349 4958 5446 5200 5631 4918 5178 4813 5621 5226 5486 5302 5494 5233 5356 5468 4798 5192 5018 5435 5520 5274 5370 5138 5180 4973 5438 4937 5464 5429 5267 5273 5583 5228 5029 5278 5055 5386 5173 5217 5152 5318 5496 5144 5333 5295 5123 5316 5433 5137 5350 4957 4946 5274 5516 5413 5274 5136 5269 4924 5717 5052 5368 5136 5207 4712 5130 4871 5615 5141 5507 4967 5088 5209 5335 5477 4951 5159 5488 5047 5637 5135 5300 5123 5074 5109 5532 5144 5558 5441 5458 4914 5165 5057 4999 5218 5174 5413 5021 5213 5450 5276 5320 5329 5493 5299 5168 4856 5351 5621 5488 5372 5333 5325 5379 5064 4686 5431 5126 5626 4977 5298 4936 5412 5477 5098 5498 5020 5414 5211 5061 5313 5467 5389 5757 4957 5088 5199 5227 4831 5077 5311 4957 5156 5392 4936 5265 4992 5301 5118 5381 4956 5155 5108 5246 5038 5139 5995 5133 5290 5587 5279 4851 5166 5318 5326 5067 5759 5174 5281 5272 5571 5314 5243 5374 5321 5570 5650 5264 5506 5478 5462 5239 5850 4819 5100 5083 5433 5404 4664 5228 5104 5372 5250 5308 4932 5215 5065 5842 
5401 4691 5774 5484 5232 5617 5220 5479 5468 5139 5469 5208 5597 5405 5643 5432 5279 5189 5696 4904 4964 5341 5383 4640 5552 5548 5312 5010 5089 5116 5507 4880 5332 5163 5291 4969 5092 5533 5361 4918 5452 5140 5433 5226 5257 5409 5215 5604 5392 5441 4942 5563 5208 5501 4926 5571 5137 5368 4837 5216 5786 5447 5465 5628 5088 5371 5299 5071 5470 5043 5179 5436 5355 5429 5227 5270 5025 5407 5149 5916 5216 5448 5317 5359 4876 5458 5472 4954 5326 5273 5528 5178 5504 5477 5264 5434 5285 4943 5179 5495 5187 5393 5245 4967 5499 5255 5220 5032 5107 5495 4919 5761 5084 5482 5275 5284 4876 5226 4973 5556 5240 5683 5259 5076 5097 5124 5353 4804 5294 5459 4842 5171 5229 5186 5406 4791 5470 5603 5142 5727 5480 5656 4867 5053 5107 5365 5387 4885 5587 4858 4932 5238 5349 5342 5424 5686 5323 5402 5232 5530 5461 5726 5207 5362 5069 5249 5384 4993 5422 5323 5485 5040 5274 5013 5579 5464 5270 5242 5054 5567 5352 4955 5280 5180 5382 5731 4770 5417 5717 5077 4645 5135 5354 5359 5088 5417 5030 5456 5209 5302 5466 5411 5284 4918 5125 5261 5181 4963 5987 5061 5443 5168 5310 5184 5129 5380 5281 5233 5927 5460 5533 5163 5494 5318 5283 5739 5336 5466 5700 5610 5429 5666 5748 5403 5813 4944 5491 5125 5348 5218 4938 5085 5211 5576 5207 5428 5181 4886 5326 5660 
4893 4522 4868 4656 4468 4987 4725 4655 5099 4901 4910 4568 4749 4738 5096 4835 4702 4806 4952 4880 4944 4859 5104 4528 5147 4864 4998 4955 4464 5044 4955 4518 5046 4969 4702 4410 4495 5140 4897 4402 4641 4824 4859 4699 4822 4798 4645 4863 4781 5122 4625 4953 4994 4810 4753 5048 4426 4604 4484 4854 5114 4775 4958 4902 4773 4869 4949 4356 4858 4696 4765 5129 4904 5073 5036 4839 4701 5394 4559 5050 4792 5037 4464 4813 4611 4922 4642 4785 4951 4788 5182 4756 5060 4954 5136 4843 4828 4854 4910 4956 4776 4825 4469 4609 4996 4818 4976 4778 4648 4977 4439 5172 4868 5128 4761 4802 4620 4818 4640 5003 4839 5126 4587 4635 4933 4753 4989 4412 4505 5090 4311 4928 4688 4762 4959 4499 4913 5149 4658 5090 4993 4726 4677 4583 4640 4704 4892 4729 5203 4566 4497 4649 4778 4983 4857 4781 5142 4791 4633 4908 5008 5110 5089 4985 4575 4710 4946 4315 4921 4885 4976 4526 5064 4717 4965 4939 4769 5104 4583 5210 4791 4613 4897 4861 5226 5041 4508 4883 5027 4762 4284 4533 4998 4710 4750 5100 4469 4819 4563 4794 5207 4738 4735 4661 4968 4921 4718 4546 5298 4503 5057 4686 4989 4512 4794 4878 4780 4630 5255 5142 5025 4869 5180 4749 4983 4946 4629 4968 5463 4994 5166 5010 5280 4857 5390 4395 4709 4784 4945 4678 4607 4600 4904 5063 4448 5074 4667 4638 4786 5170 
4912 4285 4987 5184 4606 4991 4464 5044 5005 4702 4950 4821 5126 4730 5314 5222 4556 4895 5206 4709 4687 4939 4748 4530 5183 5003 4744 4730 4648 4960 4928 4543 5045 4704 4564 4344 4658 5083 4828 4329 4889 4777 4922 4920 4714 5087 4936 5312 4644 4705 4165 5176 4871 5050 4772 5140 4482 4830 4752 5087 5079 5099 4943 5037 4739 4783 4996 4587 4814 4692 4813 4888 5131 4830 4781 4778 4898 5069 4896 5335 4832 4984 4709 5143 4668 4599 4798 4843 4678 4812 4907 4700 5168 5366 4991 4899 4831 5005 4743 4959 4815 5017 4947 4498 4766 4894 4861 4904 4888 5062 4563 5274 4743 5144 4800 4799 4573 4787 4656 5213 4698 5091 4683 4636 4785 4798 4987 4536 4850 4816 4632 4889 4850 4773 4684 4495 4859 5030 4639 5390 5299 4945 4475 4941 4725 4961 4964 4537 5026 4538 4705 4880 4889 5133 4925 5000 4971 4786 4876 5112 5259 5360 4913 5105 4691 4783 4844 4325 4928 4777 4962 4679 4842 4720 5203 4882 4710 4827 4706 5255 5008 4706 5106 4892 5174 5097 4342 4844 4969 4810 4389 4692 4859 4806 4771 4873 4597 4481 4689 4889 4897 5016 4475 4753 4623 4805 4470 4745 5500 4731 5004 4833 5010 4414 4611 4885 5096 4358 5060 4900 4861 4912 5437 4768 4607 5254 5090 5275 5193 5138 5142 5098 5346 5109 5485 4677 5061 5112 5001 4896 4450 4714 4900 5082 4816 4821 4748 4510 4794 5155 
5261 4661 5332 5454 4991 5349 5034 5383 5589 5305 5214 5091 5384 5184 5552 5441 4902 5424 5412 5193 5205 5495 5110 4842 5434 5626 5304 5018 5099 5134 5366 4941 5645 5247 5159 5073 5042 5421 5304 4582 5192 5166 5250 4791 5154 5462 5409 5623 5494 5351 4855 5405 5279 5300 5073 5401 4859 5118 5062 5519 5516 5416 5429 5527 5174 5178 5347 4852 5240 5192 5383 5560 5143 5366 5051 5313 5172 5507 4933 5449 5412 5083 5129 5419 4955 5102 5325 5167 5257 5222 5633 5397 5384 5456 5433 5551 5535 5154 5217 5509 5204 5430 5007 4912 5278 5313 5234 5378 5116 5553 4973 5705 5315 5456 5150 5510 4811 5099 4789 5444 5282 5565 4956 5350 5127 5270 5430 4979 5351 5173 5072 5553 5207 5259 5336 5231 5132 5833 5310 5478 5529 5562 4869 5114 5334 5136 5209 5012 5776 5052 5114 5416 5420 5345 5404 5452 5206 5359 4992 5594 5460 5890 5456 5838 5410 5179 5230 4680 5439 5215 5330 4956 5540 4896 5286 5516 5027 5489 5085 5440 5044 4965 5313 5194 5393 5741 5085 5223 5197 5251 4617 4973 5264 5087 5235 5507 5166 5193 5146 5466 5169 5201 5043 5255 5182 5129 5213 5116 5917 4894 5288 5201 5102 4957 5164 5387 5391 5079 5740 5429 5084 5351 5630 5134 5156 5611 4807 5305 5541 5409 5522 5435 5733 5307 5818 5110 5533 5430 5617 5255 5139 5172 5449 5531 5266 5483 5004 5089 5305 5686 
4867 4585 5333 5440 5208 5411 4733 5478 5281 4927 5021 5352 5363 4964 5169 5128 4822 5331 5413 4988 4984 4998 4958 4573 5385 5395 5007 4972 5353 5093 5134 4731 5133 5155 5048 4587 4912 5259 5034 4379 5308 4961 5266 4823 4951 5354 5152 5343 4975 5177 4664 5197 5277 5097 4699 5330 4760 4682 4849 5297 5339 5170 5284 5572 5106 5155 5294 4988 5120 4948 4935 5306 5474 5116 5017 5060 5127 5679 4840 5548 5044 5064 4936 5421 4980 5171 5137 4638 5013 5091 5219 5116 5399 5094 5113 5222 5232 5055 5129 5124 4842 5411 4980 4924 5088 5176 5049 4952 4865 5493 4842 5616 5274 5534 4938 5062 4913 4882 4846 5325 5182 5447 4978 4941 4974 4969 5424 4750 5188 4814 4765 5169 5036 4969 4956 4858 5215 5566 5083 5455 5059 5411 4414 5237 5123 5124 5296 5026 5466 4904 4827 5214 4962 5254 5278 5059 5060 4946 4905 5496 5442 5436 4919 5341 5221 5143 5217 4617 5441 5142 5288 4859 4993 4968 5303 5059 5056 5363 4953 5560 5178 4689 5309 5221 5257 5501 4739 4884 5201 4955 4695 4642 5068 5140 4951 5064 4896 5204 5041 5376 5285 5301 4776 4925 4892 5326 5134 4890 5505 4949 4929 5023 4921 4655 5084 5247 5222 4812 5674 5320 5079 5151 5519 5082 5088 5621 5270 5150 5440 5452 5408 5382 5384 5090 5525 4736 5301 5015 5445 5064 4876 4696 5110 5306 4935 5060 4852 4872 5312 5545 
4940 4672 5211 5064 4804 5172 4551 5176 5059 4914 4932 4707 4943 4761 5117 4916 4622 5000 5277 4940 4761 5099 4997 4689 5215 4994 5171 4913 4828 4922 5059 4852 5075 4878 4586 4594 4479 5238 5038 4412 4912 4874 5396 4882 4842 5052 4871 5231 4842 5026 4649 5205 5067 4879 4937 5381 4658 4689 4735 4843 5390 4995 4976 5055 4785 4902 5076 4647 5062 4962 4588 4979 5422 5197 5075 4970 4957 5243 4558 5491 4703 5090 4874 5166 4928 4844 5095 4490 4843 4735 5024 4635 5185 5235 5096 5101 5063 4899 5047 5317 4605 5147 4790 4876 5029 5112 4835 4735 4752 5111 4590 5150 5073 5308 4770 4804 4649 4720 4759 5197 4863 5414 4697 4839 5060 4914 5154 4398 4956 4728 4417 5074 4955 4750 4956 4635 4994 5429 4922 5331 5084 5035 4722 5271 4927 4829 5036 4582 5212 4791 4682 5329 5026 4982 5091 5162 4788 4918 4917 5353 5225 5213 4989 5206 4632 5102 5307 4258 5095 4909 5028 4757 4970 4779 5069 5057 5100 4916 4747 5425 4784 4747 5171 5144 5171 5287 4496 5027 4885 5100 4340 4737 5121 4817 4886 4952 4652 4805 4650 4971 5119 5184 4512 4828 4786 5108 4755 4746 5571 4809 4975 5057 5055 4617 5081 5111 5113 4693 5397 5284 4830 5020 5135 4945 4880 5441 4943 5184 5364 5073 5081 5372 5242 5059 5466 4717 4855 4966 5056 5030 4753 4671 5118 5250 4861 5216 4549 4833 5073 5438 
5404 4456 5244 5059 4985 5419 4985 5305 5371 5021 5030 4806 5280 4907 5373 5154 5070 5123 5533 4912 4743 5329 5270 4594 5404 5292 5192 5021 5284 5162 5013 4629 5212 4953 4832 4380 4708 4956 5396 4547 4838 5108 5074 4787 5058 5442 5043 5275 4780 5175 4590 5294 5211 5069 5009 5205 4918 4802 4725 5145 5732 5183 5090 5359 5085 5089 5120 4830 4938 4809 4940 5339 4926 5124 5091 4982 4981 5291 4928 5202 5147 5115 4935 5067 4747 4883 5150 4919 5071 5147 5531 5218 5379 5351 4979 5226 5050 4750 5101 5322 5093 5229 4870 4568 5189 5138 4966 4982 5259 5199 4817 5431 5199 5365 5157 4991 4684 4986 4731 5156 5037 5606 4798 5224 5130 4950 5310 4694 5156 5075 4878 5120 5222 4870 5021 4598 5095 5429 4948 5456 5272 5461 4821 5082 5093 4899 5074 4680 5633 4795 4851 5261 5332 5133 5003 5251 5075 4964 4699 5425 5379 5392 5066 5324 4982 4967 5190 4710 5141 5236 5232 4589 5075 4744 5190 5278 5090 5244 4917 5421 4883 4555 5270 5496 5096 5486 4891 5170 5325 5221 4503 5029 5183 5106 4914 5399 4822 5114 4947 5122 5159 5035 4921 5056 5019 4924 5034 4901 5649 5059 5425 5245 5014 4973 5090 5183 4920 5008 5579 5317 5067 5158 5416 5120 5248 5539 5060 5169 5538 5149 5413 5277 5523 5194 5695 4857 5193 5174 5137 5150 4592 4962 5235 5352 4983 5322 4810 4760 5050 5551 
5271 4613 5140 5207 4866 5274 4721 5457 5183 5232 5049 4949 5069 4969 5440 5164 4899 5049 5593 4947 5039 5019 5034 4712 5430 5437 5113 4982 4920 5136 5098 4618 5060 5147 5155 4697 4763 5532 5124 4588 5394 4850 5382 5134 5181 5285 5370 5249 5173 5137 4540 5306 5109 5251 4739 5803 5059 5038 5022 5414 5280 5271 5126 5338 5163 5333 5276 4824 5453 5035 5128 5228 5249 5162 5204 4887 4944 5551 4932 5633 5040 5255 5141 5230 4909 4888 5348 5148 5066 5025 5237 5142 5733 5357 4975 5484 5016 4893 4992 5354 5196 5349 4900 4577 5138 5328 5141 5008 5219 5477 4927 5443 4900 5529 5024 5056 4631 5118 4988 5422 5057 5473 4986 5140 5268 5162 5286 4798 4937 5408 4879 5585 5298 4898 5267 4799 5049 5402 4974 5457 5475 5498 4523 5207 5245 5052 5059 5167 5499 5194 5077 5472 5308 5166 5322 5245 5076 5004 4983 5493 5515 5576 5094 5223 5275 5274 5213 4282 5115 5023 5095 4882 5047 5136 5298 5670 5005 5278 4813 5308 4903 4836 5259 5390 5355 5415 4783 5321 5310 5182 4508 5087 5077 5157 5064 5087 5153 5174 5100 5153 5117 5154 4769 5112 5074 5095 4998 4690 5710 4854 5342 5212 5174 4758 5120 5303 5037 4725 5612 5289 5347 5218 5469 4946 4919 5678 5368 5431 5674 5238 5263 5490 5429 5404 5997 4732 5288 5198 5297 5256 4515 5211 5131 5460 5157 5365 4809 4918 4891 5574 
4977 4296 4772 4795 4755 5120 4451 4992 4825 4647 5241 4593 4900 4576 5143 4829 4935 4935 5123 4757 4638 5106 5076 4288 5054 5162 4993 4631 4648 4924 5018 4663 4999 4961 4768 4325 4669 5085 5080 4424 4974 4737 4646 4588 5002 4906 4966 5040 4721 5046 4506 5083 4795 4890 4473 5115 4759 4828 4620 5159 5126 5058 4790 5037 4969 5139 4878 4513 4729 4657 4923 5083 5121 4899 4885 4682 4653 5093 4565 5353 4790 4955 4729 4800 4729 5041 4687 4597 4747 4606 4981 4700 5267 5037 4957 4943 4589 4663 4766 5049 4820 4799 4489 4544 4895 5083 4979 4657 4757 5050 4723 5252 4945 5075 4814 5064 4511 4618 4655 5050 4662 5036 4740 4665 4595 4722 4943 4262 4851 5038 4344 5136 4837 4772 5074 4747 4621 5149 4661 5245 4930 5117 4438 4884 4625 4940 4925 4555 5062 4698 4383 4782 4732 4807 4974 4935 4662 5096 4739 4947 4946 5216 4964 4981 4930 4754 4862 4360 4770 4812 4857 4427 4773 4419 5083 5038 4887 5235 4570 5263 4702 4689 4989 4732 5396 4912 4518 4771 5176 4996 4280 4242 4710 4719 4601 4731 4756 4756 4493 4782 4927 5036 4673 4651 4759 4771 4898 4549 5191 4461 4915 4913 5150 4467 4729 4700 4642 4391 5042 5066 5017 5048 5021 4634 4919 5333 4644 4824 5163 4956 4943 5297 5439 4995 5231 4873 5024 4975 4929 4728 4685 4439 4819 4895 4541 4819 4758 4599 4739 5109 
5048 4633 5093 5230 4826 5338 4786 5184 5188 5066 4731 4940 5000 4922 5038 5089 4982 5411 5262 4826 4976 5023 4974 4853 5357 5379 5112 4989 5119 4986 5117 4704 5315 4969 4842 4714 4886 5458 5209 4321 5123 4921 5135 4850 5242 5244 5020 5314 4953 5297 4777 5246 4974 5046 4624 5370 4731 5184 4886 5204 5252 5047 5088 5487 4977 5113 5077 4557 5060 4830 5073 5334 4849 5027 5050 5065 5104 5396 4508 5554 4938 5183 4817 4983 4793 4890 5104 4906 4897 4884 5285 5006 5123 5205 5275 5196 5073 4692 5069 5280 4819 5368 4999 4653 5058 5126 5238 5120 4767 5072 4905 5325 4995 5158 4925 4868 4830 4892 4700 5147 5266 5262 4995 4913 4911 4954 5071 4675 4746 4959 4861 5401 4885 5086 5188 4817 4922 5393 4955 5464 5183 4989 4635 5134 5162 4937 4904 4820 5332 4953 4836 5091 4965 5165 5244 5129 5116 5173 4813 5502 5332 5580 4910 5241 5012 5110 5337 4741 5041 5079 5106 4808 4989 4765 5188 5366 4865 5226 5044 5250 5014 4592 5068 5346 5263 5463 4846 5130 5358 4846 4527 4494 5330 5020 5053 5124 4821 4925 4842 5112 5262 5303 4699 4673 5102 5159 4950 4876 5470 4867 5066 5023 5075 4628 4892 5206 5192 4973 5568 5325 5274 5211 5650 5042 4937 5385 4964 5130 5516 5158 5310 5354 5570 5135 5498 4786 5344 4871 5167 4969 4885 4634 5062 5404 5041 4980 4792 4880 5072 5641 
5061 4532 4867 4787 4832 5013 4619 4788 4998 4783 5293 4792 5055 4600 5362 4995 4701 5101 5172 4752 4757 4930 4784 4516 5247 5040 4944 4656 4875 5049 5041 4415 5059 4991 4608 4427 4689 5021 4890 4438 4894 4812 5064 4980 4815 4850 5174 5027 4874 4851 4532 4968 4797 5073 4930 5242 4508 4764 4286 5084 5147 5125 5118 5048 4820 4859 4996 4479 4988 4593 4950 5099 4734 4984 4840 4755 4694 5328 4672 5311 4721 4920 4633 5063 4799 4651 4913 4900 4820 4649 5073 4889 5153 5168 5108 5112 5018 4823 4793 5052 4802 4887 4778 4697 5009 4956 5003 4760 4871 5075 4733 5442 4882 5205 4912 4876 4569 4688 4691 5136 4782 5191 4737 4778 4632 4543 4987 4513 4881 4745 4620 4987 4942 4683 4997 4568 4788 5049 4581 5029 4744 5039 4567 4907 4910 4972 5078 4520 4944 4813 4682 4797 4829 5090 5077 4949 4733 4936 4784 5016 4953 5284 4956 5003 4875 5036 4539 4445 4830 4996 4964 4791 4833 4708 5005 4826 4960 4989 4653 5421 4801 4815 5083 4966 5338 5282 4567 4869 5031 4848 4255 4634 4993 4721 4698 5064 4345 4774 4752 5264 5034 5121 4459 4645 4932 4594 4742 4488 5287 4413 5027 4755 5063 4645 5008 4918 5287 4533 4959 5064 4640 5021 5227 4777 4893 5289 4570 4973 5108 5092 4999 5209 5329 4929 5308 4609 4630 4894 4911 4860 4709 4672 5141 5074 4531 4937 4658 4626 4811 5331 
5270 4557 5311 5056 4918 5144 4817 5268 5409 5086 5140 4829 5140 5011 5496 5070 4810 4954 5191 4944 4981 4925 5023 4684 5344 5414 5325 4976 4992 5063 5174 4764 5148 4922 4788 4791 4871 5536 5057 4623 5307 4962 5033 4946 4936 5108 5004 5341 5072 5024 4592 5307 5260 5076 4805 5188 4742 4879 4868 4976 5315 5196 4986 5300 5087 5102 5193 4649 4985 4964 5053 5364 5085 5156 4972 4731 5208 5305 4674 5363 5170 5094 4948 5020 4952 4835 5003 4861 5206 5046 5295 5122 5205 5071 5073 5287 5488 5023 4893 5321 4589 5293 4888 4918 5036 5090 5228 4810 5042 5042 4834 5239 5224 5215 4976 5098 4679 4641 4828 5243 4959 5300 4836 5104 4768 5024 4969 4704 5099 5229 4678 5219 5074 5257 5048 4685 4773 5345 5011 5451 4897 5275 4734 5146 5135 4916 5195 4999 5308 4630 4933 5146 4928 5125 5117 5272 4808 5092 5048 5265 5349 5365 5095 5233 4978 5033 5102 4214 5007 5182 5006 4904 4920 4615 5049 5224 4983 5147 4991 5460 4924 4813 5098 5153 5351 5535 4637 5162 5102 4797 4458 4938 5075 4990 5034 5245 4706 4865 4525 5276 5096 5480 4959 5017 5208 4771 5170 4865 5583 4686 5046 5156 5310 4769 5061 5148 5288 4740 5500 5461 5019 4963 5675 4729 4844 5176 4935 5203 5355 5234 5287 5341 5479 5005 5599 4640 5127 4947 5200 4992 4701 4814 5082 5155 5006 5060 5052 4573 5006 5486 
4999 4437 5086 5009 5001 5164 4663 5217 5205 4824 5064 4857 5195 4574 5305 5084 4571 5061 5358 4989 4803 4941 4850 4374 5260 5155 5073 4795 4994 4839 5012 4473 5092 5233 5077 4577 4802 5208 4913 4208 5133 4743 5246 4681 5064 5212 5090 5148 4749 5009 4541 5078 5105 5102 4712 5142 5040 4733 4508 5442 5109 5161 4962 5213 4827 5127 5213 4741 4973 4869 4866 5281 5185 5226 4853 4948 4875 5350 4861 5357 5107 4962 4833 5047 4846 4900 5086 4672 4698 4932 5037 5071 5251 4903 4908 5009 5163 4986 4999 5395 5007 5012 4783 4556 4940 5044 5272 4949 5009 5111 4857 5521 4810 5116 4740 4857 4701 4716 4832 5288 4711 5121 4643 4957 5151 4948 5100 4768 4899 4891 4728 5161 5210 4887 5175 4898 4915 5309 4768 5567 4826 5289 4560 4933 5020 4840 5045 4754 5385 4789 4896 5238 4872 5009 5172 5059 4651 4953 4790 5132 5289 5195 5050 5134 5043 5125 4901 4442 4993 5064 5084 4509 5005 4832 5264 5112 5067 5215 4888 5387 4751 4795 5145 5307 5009 5267 4726 4619 5121 4974 4485 4785 4754 4972 4746 5029 4893 4915 4915 5317 5004 5114 4842 4816 4873 5024 5159 4587 5522 4914 5209 5101 4973 4767 5027 5215 5170 4717 5290 5289 4917 5058 5247 4792 4848 5462 4985 5139 5237 5260 5221 5101 5496 5011 5395 4616 4804 4719 5103 5185 4773 4726 5068 5120 4816 4967 4806 4991 4772 5448 
5210 4747 5360 4967 4944 5456 4930 5270 5293 5248 5297 5059 5147 4922 5388 5324 4993 5321 5701 5296 5119 5148 5009 4781 5529 5336 5434 4927 5441 5167 5094 4857 5235 5173 4998 4583 4944 5287 5386 4685 5130 5177 5338 4907 4948 5408 5341 5463 4882 5223 4690 5639 5012 5181 4984 5363 5013 5074 5019 5393 5369 5359 5223 5237 5062 5333 5279 4974 5173 4776 5334 5364 5341 5435 5148 4904 5143 5449 4888 5495 4946 5142 5121 5261 5004 4985 5136 5210 5055 4996 5351 5139 5404 5209 4979 5441 5215 4924 4963 5451 5065 5474 4937 4928 5034 5221 5296 4918 5483 5453 4912 5660 5272 5275 5057 5156 4486 4946 5011 5393 4825 5557 5114 5085 5116 5110 5508 4673 5011 5129 4939 5363 4990 5175 5078 4946 4864 5566 5015 5515 5474 5326 4857 5162 5389 5007 5407 4955 5631 4911 4854 5631 5498 5238 5521 5250 4776 5172 5163 5460 5516 5523 5226 5206 5041 5448 5106 4482 4961 5207 5181 4903 5136 4820 5475 5155 5243 5361 4893 5592 4871 4872 5218 5339 5531 5510 5004 4931 5242 5193 4755 5054 5024 4990 4964 5140 4685 5054 4868 5200 5382 5370 4958 5089 4937 5283 5188 4766 5816 4866 5197 5295 5185 4897 5086 5469 5394 4727 5495 5363 5260 5204 5378 5260 5170 5439 4909 5511 5656 5402 5435 5418 5619 5252 5577 5045 5271 5096 5128 5048 4934 5155 5300 5357 5121 5290 5061 4840 5013 5849 
5255 4747 5545 5368 5064 5522 4710 5395 5400 5071 5543 4990 5484 4989 5455 5289 4873 5574 5372 5041 5000 5238 5178 4625 5371 5248 5224 5074 5022 5113 5373 4661 5662 5414 5001 4576 4950 5701 5393 4701 5428 5146 5451 5214 5378 5350 5427 5375 5226 5512 5007 5383 5420 5434 4922 5611 4858 4907 4881 5473 5476 5452 5431 5392 5175 5439 5343 4914 5296 5229 5162 5156 5385 5204 5282 4995 5109 5730 5031 5378 5222 5235 4927 5199 4975 5003 5512 4848 5051 5199 5382 5485 5381 5566 5418 5342 5267 5125 5171 5205 5223 5148 4972 5082 5359 5395 5218 5448 5226 5576 4927 5458 5319 5730 5119 5198 5069 5105 5001 5468 4929 5470 5179 5344 5114 5361 5212 4846 5034 5244 4824 5519 5271 5091 5173 4821 5268 5363 4911 5563 5270 5490 4732 5095 5089 5049 5189 5007 5576 5069 5236 5119 5160 5305 5231 5391 5222 5256 5036 5513 5650 5576 5144 5424 5162 5360 5168 4720 5413 5234 5443 4866 5287 4912 5316 5413 5094 5458 5034 5849 4925 4998 5601 5143 5436 5428 4905 5216 5421 5266 4778 4870 5283 5226 4978 5052 4817 5312 4765 5406 5195 5520 4791 5074 4932 5274 5319 4962 5645 5013 5328 5234 5217 4726 5145 5104 5141 4863 5459 5412 5134 5214 5423 5114 5173 5763 5047 5688 5396 5237 5388 5529 5776 5160 5889 4906 5363 5098 5271 5229 4781 4907 5419 5421 4814 5213 5144 4949 5263 5638 
5393 4843 5463 5380 5159 5509 4899 5444 5537 5465 5425 5088 5484 5182 5378 5307 5302 5661 6002 5317 5318 5488 5181 4850 5698 5434 5298 5238 5178 5521 5664 4765 5751 5630 5125 4661 5066 5272 5398 4924 5661 5331 5765 5144 5191 5511 5608 5586 5412 5431 4950 5577 5331 5316 5179 5875 4933 5193 5347 5598 5618 5608 5485 5737 5427 5472 5539 4891 5129 5194 5675 5699 5832 5415 5503 5044 5343 5707 5073 5626 5036 5417 5076 5150 5323 5271 5149 5287 5186 5177 5586 5594 5579 5819 5543 5363 5261 5263 5312 5738 5067 5722 4989 5161 5292 5658 5276 5295 5056 5564 4982 5581 5522 5592 5646 5344 5190 5251 4976 5496 5246 5605 5105 5023 5277 5414 5653 4872 5464 5351 4959 5433 5518 5606 5327 5287 5078 5516 5111 5985 5424 5576 5128 5069 5276 5228 5204 5226 5637 5066 5291 5158 5236 5435 5668 5473 5339 5215 5238 5738 5637 5533 5403 5573 5346 5371 5472 4723 5647 5253 5544 5296 5403 5108 5466 5404 5507 5535 5183 5806 5344 5306 5507 5445 5576 5795 5109 5048 5611 5469 4987 4913 5285 5195 5240 5514 5104 5490 5122 5383 5587 5478 4927 5277 5300 5376 5268 5026 5696 5073 5305 5384 5493 4786 5297 5459 5346 5144 5878 5443 5632 5483 5582 5180 5377 5602 5413 5543 5789 5543 5610 5646 5719 5555 6206 5008 5511 5195 5421 5315 5014 4947 5489 5451 5238 5161 4983 4968 5355 5840 
4834 4457 5032 5097 4649 5147 4544 4873 4915 4988 4743 4809 4849 4728 5079 5019 4502 5028 5362 4989 4818 5101 5018 4606 5098 5245 5098 4873 4876 4851 4997 4721 5173 5185 4852 4628 4540 5000 4970 4163 4595 4885 4929 4643 4784 5019 4873 5054 4784 5108 4440 4963 4870 4803 4759 5036 4654 4657 4708 5166 5006 5158 4797 5123 4953 5047 5100 4725 4956 4873 4828 5084 5096 5132 4820 4957 4840 5350 4455 5467 4808 5123 4762 4981 4708 4954 4998 4575 4988 4935 4971 4552 5224 4929 5133 4877 4943 5049 4998 5160 4866 5016 4422 4486 5108 5221 4979 4983 4951 5018 4648 5010 4795 5090 4815 4745 4628 4873 4432 5094 5144 5371 4866 4824 4890 4561 5023 4657 4911 4941 4461 5038 4778 5028 5024 4989 4637 5028 4628 5174 4849 4836 4803 5000 4545 4769 5073 4837 5266 4815 4386 4834 4921 5098 5048 5041 5188 4735 4474 5240 5028 5492 4910 5022 4895 4835 5050 4378 5137 4979 4961 4485 4926 4740 5146 5091 4811 5218 4626 5361 4849 4806 4792 5076 4999 5103 4289 4911 4861 5101 4335 4562 5214 4575 4473 5003 4626 4850 4467 4732 4821 5212 4682 4889 4702 5102 4698 4736 5412 4534 5033 4980 4915 4631 4756 4973 4907 4726 5068 5236 5128 4913 4966 4761 4975 5349 4628 4855 5360 4823 4927 5125 5208 4878 5576 4673 4856 5124 4940 4689 4743 4803 4916 5049 4934 5007 4662 4861 4699 5370 
5454 4599 5141 5368 5027 5153 4931 5091 5224 4932 5084 4814 5323 4975 5257 4830 5150 5215 5355 5200 4932 5104 5120 4308 5134 5107 5271 4965 5090 5184 5311 4723 5494 5363 4868 4392 4954 5126 5077 4662 5350 4904 5338 4887 5242 5175 5311 5398 4889 5157 4628 5218 5171 5175 4807 5228 4933 5006 4903 5311 5238 5320 5018 5489 4813 5116 5179 4609 5105 5062 5065 5282 5305 5194 5070 4998 4951 5303 4716 5403 5039 4931 4866 4923 5150 4976 5148 4844 4834 5219 5486 5017 5365 5338 5241 5429 5019 4871 5162 5424 4920 5111 4837 4963 5123 5294 4957 5075 4984 5350 4867 5452 5235 5042 5080 5124 4731 4809 4779 5465 5107 5339 4861 4997 5051 4860 5095 4578 5169 5056 4788 5369 5054 5146 4962 4923 4830 5357 4682 5303 5289 5363 4800 5247 5064 4944 5215 4772 5455 4822 5072 5229 4970 5306 5219 5209 4755 5105 4906 5412 5368 5310 5047 5259 5167 5153 5266 4493 5164 5009 5079 4763 5245 4799 5223 5108 5121 5194 4885 5271 4996 4815 5100 5208 5032 5333 5011 5194 5319 5249 4674 4868 5122 5159 4911 5088 4971 5337 4784 5111 5073 5152 4971 4771 5164 5211 5215 4957 5600 4991 5277 5095 5190 4615 4978 5095 5145 4784 5332 5062 5278 5231 5602 5138 5329 5603 4904 5111 5606 5201 5254 5304 5349 5104 5576 4834 5124 5098 5229 4990 4907 5090 5159 5178 5061 4897 4910 4952 4872 5719 
4889 4485 5364 4816 4915 5001 4418 5014 5059 4891 4968 4800 4861 4813 4991 4797 4373 4917 5213 4742 4546 4959 4703 4407 5140 5027 4695 4494 4863 4786 4949 4390 4974 4965 4880 4614 4449 5054 5019 4048 4942 4419 5045 4950 4803 4979 4891 5023 4808 4852 4184 4757 4741 5009 4667 4801 4895 4762 4464 4850 5183 5034 4653 5215 4702 4961 4818 4567 4719 4679 4671 4818 5164 4860 4647 4663 4718 5219 4548 5180 4547 4897 4770 5125 4671 4654 4846 4723 4725 4673 4786 4714 5177 4944 4714 4758 4698 4942 4701 5118 4688 4995 4539 4454 4763 5080 5130 4556 4758 4758 4447 5121 4823 4884 4851 4634 4248 4732 4350 5161 4805 5124 4533 4841 4665 4587 4826 4316 4762 4712 4544 4833 4859 5068 4737 4592 4785 4878 4743 5218 4706 4988 4356 4801 4428 4699 4684 4504 5110 4638 4579 4910 4872 4707 4833 4917 4667 4790 4640 4972 4836 5237 4929 4904 4661 5019 4814 4061 4884 4964 4785 4613 4673 4405 5071 4731 4798 4836 4749 5098 4926 4638 4715 4879 5085 5340 4513 4755 5045 4990 4441 4418 4777 4713 4624 4821 4690 4903 4532 4807 4512 4951 4570 4779 4768 4806 4756 4518 5185 4550 4813 4874 4825 4568 4745 4891 4790 4638 4967 5023 4777 4692 5073 4748 4774 5187 4681 5000 5302 4888 5109 4801 5092 4683 5324 4494 4885 4707 4940 4896 4521 4659 4935 4980 4842 5000 4443 4701 4913 5173 
5292 4694 5304 5315 5061 5206 4745 5426 5583 4862 5142 5045 5188 5104 5464 5274 5143 5235 5497 5252 5107 5378 5175 4914 5683 5289 5146 5068 5086 5129 5175 4889 5321 5416 5172 4775 4948 5561 5330 4738 5300 5322 5316 4980 5169 5129 5307 5624 5019 5335 4698 5424 5003 5412 5070 5566 4889 5177 4897 5296 5192 5240 5395 5579 5225 5168 5452 4913 5119 5109 5132 5357 5379 5161 5442 4897 5108 5581 4844 5531 4945 5055 5071 5281 4961 5247 5190 4951 5297 4979 5351 5046 5481 5243 5196 5286 5193 4864 5287 5513 4746 5536 4794 4782 5267 5410 5104 5204 4948 5205 4760 5259 5254 5211 5036 5234 4895 5082 4898 5478 5202 5718 4914 5012 5119 5046 5164 4795 4975 5143 4968 5256 5143 5401 5226 4872 4801 5585 5167 5655 5427 5215 4877 5090 5237 4905 5101 4841 5484 5185 5115 5388 5263 5348 5426 5368 5062 5025 4993 5524 5511 5691 5312 5476 5108 5275 5424 5006 5328 5235 5558 4958 5011 4995 5427 5341 4986 5453 4909 5604 5224 4735 5276 5098 5357 5461 4760 5170 5277 5195 4892 5066 5362 4867 4807 5321 4788 5084 4776 5179 5233 5438 5035 5089 5143 5333 5031 5087 5604 4918 5281 5168 5433 4845 5202 5120 5229 5204 5617 5259 5255 5324 5430 5101 4881 5201 4938 5500 5677 5676 5435 5580 5303 5267 5784 4979 5256 5141 5430 5170 5064 4859 5212 5391 5166 5216 4868 4954 5264 5744 
5355 4699 5679 5509 5199 5199 4809 5470 5525 5442 5322 5060 5160 5207 5379 5390 4911 5350 5409 5220 5244 5425 5277 4637 5912 5539 5180 5055 5086 5202 5449 4996 5309 5583 5102 4972 4797 5454 5300 4917 5572 5173 5573 5055 5123 5360 5456 5510 5212 5473 4721 5187 5195 5469 5036 5415 5058 5004 4947 5691 5726 5539 5460 5429 5232 5386 5208 4956 5220 5295 5352 5492 5715 5629 5249 5009 5316 5522 4937 5463 5100 5354 5172 5526 5249 5271 5396 4994 5405 5113 5509 5288 5608 5472 5295 5564 5212 5054 5253 5557 4936 5396 4735 4659 5325 5415 5165 5341 5146 5872 4902 5527 5282 5700 5083 5319 4939 5216 4948 5481 5175 5727 5388 5206 5311 5340 5493 4943 5193 5271 5133 5319 5418 5341 5224 5204 5355 5382 5158 5722 5405 5458 4979 5314 5286 5030 5510 5047 5800 4877 5032 5158 5348 5551 5579 5603 5355 5182 5064 5596 5634 5664 5391 5606 4988 5511 5347 4892 5449 5321 5322 4932 5314 4762 5509 5261 5366 5449 4964 5794 5324 4873 5519 5276 5518 5779 4968 5310 5338 5104 5011 5169 5259 5183 5230 5608 4947 5674 5089 5414 5483 5407 5046 5109 5252 5325 5246 5076 5808 5282 5231 5386 5342 5082 4915 5458 5477 5002 5726 5329 5399 5413 5546 5229 5245 5673 5274 5140 5652 5650 5899 5501 5724 5128 5930 5109 5170 5236 5273 5226 5031 5121 5522 5412 5138 5270 4810 5070 5471 5788 
5109 4321 5015 4980 4529 5123 4476 5206 4844 5075 4742 4376 5111 4922 4873 5001 4714 4728 5311 4790 4621 4914 5117 4408 5074 5387 5066 4606 4842 5070 5011 4413 4818 4922 4625 4333 4532 5114 4945 4252 4875 4947 4831 4754 5147 4922 5026 5050 4567 4915 4376 5198 4642 4669 4617 5268 4805 4825 4755 5186 5039 5205 4726 5123 4686 5038 5063 4398 4741 4826 4662 4884 4915 4918 4827 4733 4706 5202 4502 5079 4781 5030 4788 4689 4799 4842 5082 4621 5040 4508 5244 4631 5174 5320 4739 5099 5182 4791 4759 5035 4415 4890 4469 4369 4690 5050 4903 4747 4968 4932 4545 5125 4673 5056 4836 4848 4306 4703 4624 5032 4832 5332 4546 5139 4842 4873 4999 4596 4893 4718 4609 4995 4973 4960 4906 4726 4436 5089 4543 5374 5109 4780 4452 4977 4840 4738 4937 4649 5405 4752 4850 4974 4810 5182 4918 4968 4911 4817 4331 5297 4876 5084 4962 5030 4897 4746 5025 4279 4995 5091 5132 4726 4767 4688 5006 4959 4731 5032 4503 5169 4778 4598 4983 5359 5068 5218 4611 4959 5073 5128 4409 4593 4889 4804 4768 5198 4653 4993 4491 4738 5071 4883 4700 4856 4581 4938 4949 4561 5531 4466 4948 4886 5034 4722 4807 4881 4879 4574 5132 4869 5047 4796 5181 4756 4938 5168 4821 5088 5113 4866 5023 5330 5152 4952 5200 4446 5083 4917 5059 4735 4398 4619 4955 5106 4735 4926 4697 4640 4759 5451 
5166 4338 5002 4962 4599 5304 4319 4906 4846 4771 4990 4579 4876 4588 4999 4765 4541 4810 4980 4773 4612 4896 4813 4368 5006 5097 4938 4410 4962 4871 4692 4279 5058 4969 4799 4394 4324 5043 4931 4414 5014 4893 4967 4811 4879 4948 4885 4854 4677 5015 4567 5100 4678 4886 4459 4832 4700 4660 4565 4888 5133 5145 4830 4952 4686 5076 5110 4619 4780 4699 4723 5112 5036 4875 4688 4700 4865 5031 4335 5010 4618 4805 4762 4987 4479 4701 4660 4445 4659 4580 5039 4785 5160 4946 4712 5083 4880 4885 4774 5090 4557 4789 4468 4651 4786 4812 4900 4737 4669 4854 4477 4910 4681 4986 4884 4836 4448 4707 4768 4760 4776 5027 4587 4744 4873 4604 5041 4417 4569 4885 4447 5023 4611 4757 4866 4791 4553 5155 4623 5138 4748 4768 4486 5021 4789 4569 4805 4502 5045 4668 4630 4980 4659 4913 4704 5013 4722 4822 4835 4881 5046 5079 4905 4782 4423 4915 4764 4207 4665 4888 4573 4308 4786 4800 4828 4876 4714 5192 4643 5251 4611 4574 5011 5028 5204 4898 4416 4819 5012 5002 4383 4560 5088 4458 4834 4761 4548 4838 4339 4782 4906 5103 4533 4683 4567 4820 4851 4661 5349 4472 4866 4924 5110 4486 4659 4822 4647 4455 5020 5105 4949 4763 5262 4823 4832 4980 4643 4874 5021 4767 5017 4939 5088 4597 5045 4372 4643 4770 4761 4791 4382 4545 4924 5005 4690 4628 4487 4558 4780 5309 
4947 4359 4951 4921 4677 4765 4492 4942 4740 4808 4757 4598 4823 4510 4888 4805 4624 4794 5342 4669 4662 4840 4668 4488 5297 4874 4917 4698 4885 4688 4809 4482 4970 5085 4711 4262 4598 4962 4959 4191 4784 4590 4973 4615 4780 5058 4883 5156 4568 5113 4517 4967 4736 4581 4336 5129 4694 4439 4532 5034 5198 4956 4933 4914 4801 4712 4846 4724 4740 4675 5060 5224 4884 4952 4626 4734 4815 5222 4453 5221 4845 4603 4836 4616 4585 4769 4777 4738 4793 4707 4951 4523 4981 5029 4631 5094 5018 4763 4535 5093 4698 5052 4608 4524 4819 4642 4905 4719 4796 5206 4502 4985 5056 4845 4826 4730 4407 4671 4568 5139 4824 5495 4643 4798 4450 4684 4720 4512 4571 4635 4396 4820 4916 5055 4870 4580 4835 5088 4638 4947 4788 5019 4734 4842 4971 4788 4955 4551 5405 4426 4516 4787 4822 4675 4968 5195 4854 4905 4513 5012 4822 5367 4778 5177 4841 4974 4905 4091 4860 5201 4763 4645 4898 4434 5082 5103 4867 5020 4537 5221 4771 4670 4795 4920 5014 5108 4436 4803 5091 4681 4350 4498 4918 4817 4537 4905 4701 4868 4588 4948 4976 4831 4778 4733 4598 4674 4964 4494 5375 4513 4989 4825 4665 4459 4851 4925 4811 4686 5055 5084 5027 4744 4931 4680 4646 5145 4654 4795 4987 5221 5123 5021 5118 4912 5522 4488 5002 4480 5095 4565 4526 4565 4822 5016 4826 5033 4940 4539 4731 5351 
5170 4374 5368 4951 4654 5149 4639 5177 5408 4916 5050 4724 5259 4941 5161 5080 4835 5028 5502 4748 4792 5060 5028 4594 5307 5233 5162 4856 4807 4873 5148 4691 4931 5141 4835 4623 4707 5257 5403 4306 5226 4894 5055 4975 5269 5222 5180 5100 4870 5057 4510 5186 5195 5198 4794 5452 4684 4806 4687 5149 5309 5001 5211 5155 4777 5012 5190 4557 5051 4924 5078 5295 5009 5002 5123 5105 4887 5480 4567 5328 4939 4997 4819 5079 4784 5089 4972 4959 5065 4770 5034 4967 5147 5317 5250 5075 5080 4893 5090 5320 5037 5215 4566 4866 4902 5038 5241 4834 4974 4999 4732 5569 5256 5387 4845 4785 4710 4982 4735 5421 4974 5411 4878 4912 4904 4821 5174 4622 4971 4909 4691 5177 4973 4899 4951 4814 4916 5351 4772 5408 5258 5047 4531 5025 4996 4921 5314 4688 5333 4855 4973 5047 4930 5137 5192 5014 5128 5224 4924 5519 5154 5511 5093 5036 5243 5186 5150 4497 5188 5113 5003 4798 4917 4792 5003 5200 4924 5326 4862 5298 4987 5011 5078 5037 5244 5187 4808 5152 5178 5059 4359 4696 5043 4884 4667 5056 4710 5033 4767 5141 4896 5273 4580 4679 4866 5181 5110 4741 5559 4587 5295 4970 5080 4533 5187 4948 4987 4428 5369 5068 5050 4984 5409 4890 5017 5382 4847 5265 5708 5008 5049 5311 5495 5007 5644 4823 5149 4960 5015 5156 4595 4759 5019 5260 5029 5078 4638 5110 4946 5523 
5325 4808 5685 5535 5100 5501 4625 5711 5357 5468 5504 5101 5469 5156 5493 5375 5111 5298 5462 5228 5137 5178 5357 4963 5825 5443 5429 5085 5204 5288 5334 5130 5291 5442 5346 4872 4823 5374 5307 4799 5263 4879 5320 5287 5188 5394 5372 5473 5310 5238 4881 5784 5583 5441 5170 5397 5096 4910 5284 5539 5480 5336 5283 5441 4969 5281 5553 4999 5322 5414 5413 5636 5654 5299 5239 5233 5299 5904 4939 5410 5277 5459 5199 5285 5079 5086 5225 5375 5486 5151 5532 5196 5599 5581 5255 5533 5281 5327 5211 5573 5215 5333 4971 5031 5163 5453 5514 4936 5226 5551 4875 5767 5350 5655 5100 5186 4966 5075 5173 5493 5158 5816 4818 5284 5130 5110 5359 4917 5373 5388 5010 5561 5212 5139 5213 5013 5110 5516 5018 5585 5259 5679 5056 5377 5142 5185 5485 5195 5755 5140 5147 5319 5518 5526 5579 5252 5268 5418 5034 5415 5407 5647 5427 5547 5244 5284 5196 4671 5396 5336 5361 4885 5138 5000 5360 5451 5165 5351 5064 5755 5294 5034 5394 5502 5406 5446 5046 5360 5661 5265 4677 5034 5333 5325 5146 5384 5068 5205 5058 5476 5445 5308 4944 5299 5283 5245 5279 5036 5816 5116 5359 5302 5188 5106 5219 5435 5325 4992 5817 5579 5346 5483 5643 5310 5351 5525 5269 5493 5414 5612 5576 5344 5453 5296 5802 5189 5477 4987 5365 5478 5112 5098 5713 5209 5269 5523 5175 5132 5334 5800 
5083 4388 5081 4789 4570 5247 4574 5197 4946 4952 5192 4765 5265 4753 5093 4996 4811 5308 5268 4765 4493 5168 4914 4376 5087 5344 5101 4874 4988 5080 5042 4758 5129 4624 4830 4564 4871 5235 5042 4581 5029 4788 5042 4683 4822 5115 5046 5165 4960 5074 4584 5216 5008 5031 4757 5103 4647 4838 4618 5228 5043 5048 4924 5175 4774 5306 5237 4694 5043 4968 5118 5101 5006 4968 4764 4880 4866 5340 4714 5292 4960 5337 4561 4911 4845 4808 5089 4746 4607 4904 5170 4903 5161 5147 4903 5240 4877 4873 4846 5132 4987 5065 4579 4729 4921 5088 5094 4900 5079 4898 4450 5374 5077 5226 4943 4756 4783 4943 4546 5082 4746 5308 4784 4686 4781 4826 5235 4329 4866 4822 4414 4842 4825 4932 5042 4513 4559 5087 4520 5321 5068 5187 4555 4883 4897 4868 5110 4887 5420 4740 4632 5178 4783 5007 5081 5029 4802 5001 4797 5219 5256 5138 4830 5247 4948 5011 5013 4576 5025 4756 5298 4866 4917 4750 5332 5144 5167 5101 4620 5552 4850 4655 4976 4987 5214 5376 4836 4657 5258 5022 4410 4787 5122 4787 4974 4938 4772 4625 4750 5058 5155 4805 4618 4846 4973 5088 4924 4488 5539 4630 5089 4845 4934 4516 4737 4807 5119 4694 5202 5118 4804 4965 5272 4827 4882 5188 4686 5056 5228 5044 5082 5182 5116 4989 5399 4644 4856 5044 5168 4986 4541 4691 5275 5297 4727 4928 4704 4803 4857 5327 
5221 4887 5340 5132 4848 5432 4961 5340 5288 5139 5277 4805 5175 4858 5106 5326 4800 5178 5312 5093 5201 4997 5221 4647 5425 5381 5349 5075 4941 5064 5213 4687 5342 5437 5208 4772 4772 5295 5144 4590 5153 5119 5289 4976 5033 4994 5177 5244 5152 5153 4932 5316 5389 5159 5173 5488 4759 4974 4958 5393 5195 5354 5063 5107 5106 5160 5389 4642 5339 5247 5210 5221 5232 5183 5217 4998 4997 5511 5096 5294 5127 5163 4818 5203 4985 4952 5162 4940 4919 4868 5464 5112 5453 5364 5236 5480 5223 4828 4918 5413 5007 5234 4909 4681 5234 5132 4965 5242 4992 5449 4991 5189 5173 5380 5012 5143 4976 5099 4847 5215 5132 5490 4839 5106 5127 4980 4838 4683 4989 5196 4782 5330 4919 5098 5365 4814 4980 5388 4642 5793 5276 5286 4683 5002 5098 4686 5237 4974 5702 5061 4965 5153 4983 5180 5269 5259 5051 4938 4802 5381 5344 5708 5100 5286 5024 5046 5171 4650 5221 5148 5072 4854 5151 4979 5443 5272 5059 5328 4976 5504 5042 4775 5271 5349 5369 5314 4830 5009 5283 5002 4378 4684 5195 5137 5113 5265 4667 5164 5000 5257 5106 5286 5133 5039 5176 5126 5032 4559 5493 4856 5152 4951 4979 4867 5024 5417 5230 4896 5323 5301 5005 5121 5299 5003 5193 5630 4777 5366 5297 5129 5442 5484 5550 5004 5756 4883 5478 5217 5032 4944 5004 4940 5178 5246 4977 5167 4939 4735 4910 5675 
5061 4338 5265 5129 4618 4991 4845 5195 5283 5334 4757 4743 5071 4915 5075 5200 4750 5088 5226 4678 4827 5170 5000 4423 5220 5121 4733 4652 5080 4750 5054 4725 5394 5143 4668 4685 4566 5477 5129 4275 5007 4717 5129 4753 5006 4923 5229 5527 4775 4902 4603 4900 4961 4924 4823 5366 4455 4954 4620 5241 5031 5124 5056 5392 4849 5095 5196 4707 4944 4775 4909 5038 4874 5027 4902 5017 5080 5280 4699 5099 5045 5312 4730 5342 4685 4894 5459 4951 4737 4954 5212 4669 5091 5225 4992 5026 5245 4914 4898 5189 4899 4949 4646 4552 4809 5099 4922 5167 4852 5026 4776 5263 5070 5278 4467 4767 4627 4784 4720 5398 4998 5412 4937 5007 4718 4938 4952 4793 4903 4923 4739 5066 5023 4906 5010 4581 4984 5499 4467 5161 5242 5101 4550 4902 4850 4828 5432 4761 5231 4757 4540 5275 4787 4855 4803 5267 5204 4961 4721 5172 5171 5322 4896 5349 5221 5099 5034 4502 4993 4912 5297 4617 4793 4658 5412 5351 4983 4891 4911 5487 5002 4827 5099 4876 5038 5441 4843 4969 5033 4778 4491 4902 5085 4915 4703 5101 4549 4869 4846 5006 5085 5249 4483 4446 4662 5135 4681 4899 5511 4818 4993 5092 4785 4783 4883 5016 5013 4745 5430 5121 5183 4756 5260 5037 4744 5290 4889 5064 5284 5097 4972 5329 5354 4875 5713 4528 5110 4978 5300 4799 4773 4816 5215 5206 5093 4952 4620 4749 4937 5385 
5364 4693 5518 5318 5026 5323 5016 5270 5507 5294 5358 5200 5303 5217 5615 5344 5129 5378 5577 5111 5159 5127 5239 4838 5690 5417 5275 5138 5207 4977 5243 4862 5540 5197 5220 4899 4909 5380 5317 4345 5525 4857 5388 5070 5298 5381 5215 5511 5176 5208 4610 5351 5225 5424 4886 5368 5011 5150 4854 5511 5259 5329 5371 5424 5161 5294 5213 5045 5322 5094 5279 5470 5379 5620 5179 5088 5265 5382 4979 5673 5100 5286 5096 5452 5160 5292 5393 5126 5163 5164 5261 5070 5548 5391 5308 5120 5204 5051 5140 5428 5337 5469 4909 4770 5150 5310 5506 5171 4956 5374 4831 5694 5320 5461 5018 5030 4897 5098 4680 5479 5272 5397 5173 5234 5017 5320 5041 5010 5062 5470 5135 5582 5269 5305 5178 4770 4882 5441 4980 5686 5476 5312 4941 5332 4909 4959 5356 5011 5455 4846 4969 5382 5102 5465 5251 5289 5258 5560 4988 5476 5453 5800 5407 5440 5080 5297 5649 4535 5259 5196 5208 4865 5361 4896 5541 5360 5180 5303 5158 5546 5260 5269 5397 5698 5380 5829 4857 5233 5275 5244 4739 4871 5283 5237 5329 5119 4957 5232 5019 5325 5329 5314 4849 5153 5144 5230 5156 5121 5662 5034 5271 5210 5561 4761 4995 5084 5415 4879 5682 5459 5428 5358 5637 5192 4983 5322 5039 5437 5821 5349 5480 5409 5725 5156 5824 5135 5455 5043 5294 5170 4967 5173 5384 5474 5447 5330 4814 5161 5117 5848 
5571 4817 5534 5468 4887 5167 5011 5421 5472 5322 5355 4803 5519 4979 5347 5413 5168 5061 5599 5086 4999 5309 5347 4704 5478 5505 5364 5294 5046 5562 5191 5036 5149 5533 5283 5007 4972 5475 5368 4871 5545 5137 5284 5179 5047 5332 5334 5381 5097 5297 4713 5482 5098 5315 5137 5304 4793 4984 4854 5574 5534 5390 5228 5343 5178 5270 5163 4891 5244 5164 5250 5272 5118 5266 5155 5140 5187 5506 4985 5603 5154 5218 5232 5226 4965 5090 5436 5467 5408 5092 5539 5198 5468 5442 5375 5508 5356 5091 5103 5561 5268 5264 5061 4902 5293 5356 5315 5395 5228 5516 4859 5361 5170 5517 5129 5191 4753 5217 4952 5395 5029 5901 4738 5108 5022 5135 4920 4770 4921 5117 4824 5489 5379 5223 5328 4984 4939 5474 4668 5241 5313 5406 5071 5312 5182 5395 5382 4830 5596 5140 4963 5152 5111 5257 5339 5754 5268 5135 4857 5535 5430 5715 5128 5332 5266 5359 5171 4642 5325 5095 5217 4721 5386 4936 5238 5750 5358 5284 4966 5608 5341 4871 5350 5437 5603 5481 5003 5329 5470 5157 4784 4934 5383 5198 4949 5350 5064 5234 4805 5301 5170 5414 4965 4902 5033 5186 5289 4975 5669 4868 5436 5260 5217 4938 4987 5271 5308 4855 5143 5328 5480 5132 5571 4994 5194 5581 5005 5351 5533 5239 5510 5520 5558 5196 5952 4817 5179 5390 5222 5342 4981 5278 5145 5378 5258 5377 4926 4988 4978 5895 
4882 4412 5234 4603 4812 4862 4517 4922 4914 4852 4959 4724 4831 4528 5016 4929 4733 4905 5001 4920 4746 4742 4875 4429 5000 5235 4882 4626 4894 4969 5043 4818 5069 4959 4488 4378 4631 5015 5039 4359 4854 4637 5041 4619 4510 4923 5077 5070 4849 4985 4549 4875 5067 4812 4660 5022 4696 4773 4504 5164 5076 4979 5136 5059 4641 4884 4962 4657 4848 4818 4966 5069 4995 5099 4716 4747 4754 5160 4565 5188 4887 4831 4691 4894 4799 4933 4726 4623 4704 4826 5411 4500 5411 4846 5101 4815 4576 4707 4804 5195 4990 4951 4609 4637 4812 4988 4862 4938 4669 5175 4658 4964 5353 5089 4750 4787 4656 4645 4584 5069 4770 5306 4727 4839 4735 4833 5198 4550 4971 4549 4728 4927 4759 5009 5039 4840 4834 5237 4607 5236 5028 5209 4650 4914 4651 4573 5250 4712 4885 4829 4442 4896 4757 4992 4871 5111 4791 4664 4561 5143 5414 5387 4970 5104 4729 4946 5084 4097 4956 4729 4677 4497 4679 4622 5124 4989 4952 4831 4432 5338 4792 4683 4991 4928 5096 5174 4826 4721 5013 4654 4440 4698 5016 5008 4586 4944 4593 4829 4866 4836 4904 5325 4612 4572 4884 4764 4752 4632 5359 4655 5003 4736 4644 4676 4833 4866 4965 4511 4998 5267 4742 4955 5193 4977 4963 5298 4676 4770 5220 5042 4959 5142 5299 4970 5306 4782 5060 4886 5042 4788 4759 4379 4790 5041 4634 4883 4981 4608 4675 5478 
5161 4675 5280 5209 4874 5335 4724 5099 5195 5128 5105 4855 5057 5065 5241 5044 4913 5077 5335 4941 5111 4877 5036 4665 5520 4870 4813 5163 5073 4979 5131 4548 5273 5144 4887 4431 4369 5478 4967 4511 5235 5046 4988 4802 5109 5137 5161 4948 4845 5041 4730 5337 5033 5114 4745 5372 5086 4989 4776 4780 5220 5062 5309 5264 4979 4879 5085 4662 5185 4844 5221 5195 5169 4958 5371 4875 5066 5404 4595 5347 5113 4959 4889 5147 4982 4922 4859 4916 4975 4976 4965 5027 5347 5123 5045 5116 4894 4666 4991 5154 4840 5261 4887 4877 5262 5071 4980 4955 4954 5209 4745 5395 4920 5221 4849 4741 4884 4811 4729 5366 5064 5408 4880 4911 5000 4879 5165 4506 4747 5291 4476 5267 5153 4999 4903 4940 4861 5304 4721 5444 5035 5079 4634 5124 5063 5223 5046 4690 5489 4793 4948 5171 5472 5109 5048 5345 4847 4812 4838 5112 5190 5641 5109 5032 5032 4971 5091 4527 5232 5063 5441 4728 4780 4862 5148 5191 5017 5372 4759 5641 4886 4729 5199 5191 5300 5093 4598 5184 5087 5076 4540 4753 5047 4937 4627 5155 4586 5159 4879 5047 5247 5411 4998 4991 4944 5192 5172 4716 5600 4835 4816 4845 5077 4780 4980 5031 5070 4917 5291 5165 5075 5202 5300 5114 5109 5395 4989 5520 5389 5196 5398 5260 5570 5424 5739 4732 5261 5060 4930 5017 4803 5010 5424 5255 4918 5008 4653 4835 5106 5487 
4980 4511 5414 5287 5087 4967 4781 5321 5425 5211 5065 5016 4955 4824 5287 5018 4927 5223 5379 5065 4918 5261 5215 4736 5422 5208 5028 4614 5120 5000 4875 4972 5170 5264 5002 4709 4841 5381 5427 4819 5373 4930 5117 4727 5035 4888 5220 5524 5094 5056 4750 5272 5033 5142 4889 5212 4835 4994 4704 5329 5258 5251 5136 5405 4713 5046 5209 4887 5109 5082 4848 5338 5241 5043 5056 4734 5217 5412 4844 5394 5275 5375 5109 5230 5031 4928 5150 4924 4868 5191 5401 4983 5187 5100 5006 5106 5167 4853 4893 5398 4885 5158 4585 4634 5136 5321 5218 5045 4904 5331 4915 5339 4980 5513 4818 5056 4926 4834 4669 5366 4962 5457 4880 5022 4832 5149 5151 4691 4959 5166 5004 5201 5081 5185 4960 4715 4782 5405 4877 5428 5130 5245 4646 4959 4802 4728 5274 5028 5513 4637 4984 5349 5112 5183 5262 5113 5064 4863 4867 5258 5208 5457 5341 5385 5055 5109 5245 4623 5039 5091 5191 4889 4720 4698 5391 5312 5002 5081 4670 5607 4966 4872 5152 5144 5263 5276 4803 5097 5208 5232 4681 4992 5201 4853 4754 5238 4537 5251 5057 5298 5095 5186 4929 4844 4819 5072 5016 4847 5477 4981 4970 5003 5104 4805 5074 5222 5247 4979 5619 5068 5212 5274 5210 5011 5165 5544 5055 5137 5578 5359 5202 5331 5374 5154 5604 4513 5101 4843 5191 5232 4750 4771 5185 5257 5001 5237 5018 4839 5036 5585 
4821 4329 5238 4864 4600 5017 4590 5055 5278 4971 5214 4622 5060 4650 5129 4861 4581 4660 4992 4543 4949 5059 5004 4391 5270 5015 4843 4756 4769 4916 4902 4516 4958 4982 4749 4578 4582 5134 4817 4327 5147 4784 5062 4630 4919 5033 5068 5265 4855 4882 4520 5107 4745 5178 4574 5086 4810 4727 4499 5193 5046 4971 5015 5350 4869 4963 5076 4471 4914 4830 4863 5035 5051 4898 4833 4821 4902 5343 4444 5289 4750 4811 4953 4948 4803 5059 4951 4795 4688 4657 5041 4757 5385 5140 4983 5164 5036 4736 4644 4890 4877 4799 4234 4567 4978 4987 4891 4809 4871 5204 4554 5207 4810 4994 4784 4856 4692 4824 4675 5097 4890 5136 4898 4966 4877 4901 5025 4468 4956 4759 4591 5233 4944 5128 4873 4936 4758 5166 4539 5034 5233 4901 4667 4874 4918 4844 5089 4474 5011 4835 4650 4942 4872 4893 5090 5095 4849 4757 4874 4991 5035 5100 4850 5101 4641 5003 4969 4577 4938 4777 4778 4591 4962 5041 5043 5050 4537 5009 4600 5333 4776 4493 5072 4863 5165 5283 4527 4987 4924 4940 4567 4564 4907 4777 4763 4941 4740 4978 4416 4999 5022 4956 4576 4659 5004 5148 4956 4736 5420 4632 4829 4884 4995 4557 4465 4928 4822 4515 5204 5212 5124 5079 5373 4902 4834 5243 5063 5152 5485 5151 5003 5150 5182 4858 5582 4593 4813 4871 5154 5060 4810 4741 5035 4932 4825 4902 4602 4539 4749 5317 
5276 4430 5006 4856 4653 4741 4579 4814 4949 4850 4811 4637 5022 4469 4972 5000 4792 4834 5136 4725 4721 4953 4891 4196 5081 5179 4930 4523 4751 4881 4838 4670 4776 4974 4813 4555 4731 4987 5104 4346 4918 4683 4735 4450 4689 4647 4985 5174 4762 4530 4545 5032 4829 4821 4595 4969 4392 4824 4637 5107 5026 5075 4993 4981 4796 4875 4953 4758 4839 4872 4807 4824 5138 4887 4722 4824 4701 4929 4513 5366 4709 4935 4640 4980 4664 4894 4913 4655 4720 4749 5333 4574 5200 4743 4650 5175 4573 4656 4751 5082 4792 4937 4497 4523 4734 4741 4867 4950 4667 5025 4482 5161 5000 5121 4665 4882 4635 4642 4590 5089 4694 5275 4893 4750 4500 4775 4682 4592 4934 4900 4591 4922 4766 4981 4968 4551 4624 4910 4474 5270 4999 4994 4557 4858 4866 4796 5188 4626 5045 4645 4588 4817 4620 4816 4850 5008 4834 4591 4552 4944 5174 5157 4975 5201 4849 4951 4847 4489 4943 4588 4687 4491 4623 4677 5006 5056 4874 5025 4648 5370 4701 4706 4960 4796 5145 5010 4748 4735 5021 4707 4310 4532 4901 5056 4566 4906 4635 4886 4728 4901 4911 5209 4898 4665 4610 4858 4734 4627 5387 4494 5001 4711 4750 4485 4737 4835 4817 4386 5126 4787 4977 5143 4861 4900 4835 5189 4660 5056 5108 5100 5057 4922 5280 4978 5464 4628 4802 4906 4942 4624 4520 4652 4902 4838 4813 4990 4660 4499 4661 5493 
5225 4327 5356 4934 5025 5245 4509 5092 5111 5032 5035 4846 5076 4955 5143 5004 4857 5148 5232 5066 4952 5120 4964 4533 5370 5100 5170 4633 4866 5213 5035 4336 5008 4950 4922 4492 4818 5381 5099 4600 5170 4992 5144 4885 4873 4896 5305 5146 4980 4728 4612 5107 5066 5094 4808 5186 4676 5072 4671 5198 5211 5129 5155 5230 5007 5050 4895 4762 5043 5017 5045 5288 5318 5135 4991 4823 4959 5391 4715 5372 4948 4935 4813 5008 4886 5069 5223 4729 5053 4800 5318 5288 5421 5080 4902 5290 5072 5023 4897 5317 4824 5218 4758 4411 4921 5146 5028 4891 4924 5310 4803 5371 5008 5304 5033 4830 4707 4693 4695 5262 4859 5317 4793 4965 5105 4978 5230 4679 5055 5000 4965 5187 5206 4983 5088 4742 4696 5318 4927 5464 5002 5255 4780 5061 4916 4927 4822 4706 5107 4639 4810 4914 4854 5376 5233 5157 4921 5032 4881 5234 5374 5420 4916 5118 4933 5317 5175 4535 5328 5146 5183 4683 5028 4770 5141 5043 4880 5234 4815 5638 4834 4808 5406 5174 5349 5350 4623 4795 5305 4801 4702 4803 4915 4991 4698 5138 4801 5014 4805 5191 5096 5414 4816 4831 4898 4947 5063 4769 5569 5154 5001 5119 5034 4600 4904 4828 5191 4788 5364 5187 4799 5185 5323 4762 5058 5451 5104 5166 5294 5215 5249 5199 5456 5350 5418 4731 5060 5026 4966 4947 4669 4692 5060 5186 4857 5120 4904 4916 5030 5770 
5191 5020 5576 5320 5176 5398 4796 5341 5291 5264 5275 5112 5418 4994 5461 5201 5093 5442 5516 5228 5158 5460 5223 4739 5577 5497 5181 5071 5122 5228 5321 4898 5659 5445 5107 4757 4897 5634 5214 4522 5090 5240 5460 4961 5064 5059 5335 5406 5144 5142 4724 5343 5337 5425 4912 5403 5091 4996 4916 5432 5283 5377 5477 5477 5315 5380 5331 5016 5241 5086 5344 5354 5564 5398 5495 5189 5064 5563 4752 5457 5152 5513 4922 5316 5177 5179 5297 4852 4987 5351 5310 5130 5577 5482 5330 5558 5225 4838 5278 5453 4998 5326 4898 5037 5331 5259 5158 5234 5002 5559 4704 5588 5265 5472 5046 5140 5195 5217 4886 5556 5145 5461 5008 4912 5038 5189 5301 4932 5144 4951 4892 5352 5313 5234 5215 5052 5045 5386 4873 5666 5307 5366 4831 5085 5114 5334 5432 4930 5493 5025 5135 5264 4907 5232 5518 5472 5186 5164 5055 5760 5526 5620 5380 5605 5372 5183 5145 4612 5395 5305 5281 4965 4897 5022 5506 5419 5267 5549 5060 5796 5289 5104 5235 5440 5394 5347 4900 5041 5264 5274 4604 5340 5238 5183 4923 5358 4882 5079 5322 5339 5229 5345 4952 5198 5217 5147 5145 5151 5537 4845 5317 5085 5174 4786 5295 5220 5306 5164 5430 5404 5136 5276 5276 4935 5281 5559 5066 5110 5513 5481 5435 5599 5672 5625 5592 4673 5056 5164 5400 5349 4732 5019 5512 5155 5227 5433 5099 5117 5275 5632 
4994 4227 5068 5131 4964 5162 4481 4949 4991 4815 4979 4627 5228 4728 5074 5141 4942 5120 5285 4740 4574 4671 5186 4703 5153 5198 4934 4702 5082 4904 5165 4300 5103 4806 4852 4490 4518 5042 4934 4610 4798 4741 5060 4941 4990 4729 4977 5081 4850 4771 4497 5089 4903 4862 4701 5274 4656 4911 4712 5108 5385 5067 4975 5082 5089 4746 5066 4648 5005 4782 5086 5249 5072 4811 4772 4837 4743 5110 4464 5054 4563 5016 4784 4978 4773 4775 4928 4545 4825 4857 5026 4804 5175 5106 5237 5092 4964 4565 4952 5147 4675 5119 4825 4524 4647 4768 4963 4583 4670 5244 4612 5295 4922 4947 4825 4834 4794 4559 4631 5130 4755 5177 4670 4765 4765 4658 5063 4411 4889 4894 4557 5174 5031 4827 5033 4556 4769 5175 5034 5104 5058 5008 4528 4862 4870 4633 4877 4437 4965 4623 4655 4986 4780 4860 5240 5184 4802 5013 4836 5134 4824 5311 4905 5186 4729 4925 5078 4314 5237 5055 4954 4574 5060 4501 4963 5049 4965 4908 4756 5403 4981 4547 5077 4847 5157 5106 4390 5035 5067 5082 4364 4532 4905 4638 4906 4864 4822 5072 4753 4890 5017 4954 4429 4690 4796 4896 4996 4862 5399 4685 4974 4997 4993 4482 4936 5092 5045 4837 5424 5074 5047 4817 4951 4864 4979 5301 4713 4998 4923 5249 4854 5227 5066 4847 5461 4688 4931 4674 5060 4712 4738 4654 4818 5007 4969 5193 4725 4473 4947 5213 
4683 4413 5162 5077 4787 4697 4407 5056 4810 4997 4818 5049 5114 4625 5160 4631 4652 4741 5137 4643 4498 4778 4867 4410 5294 5191 4765 4707 4749 4639 4792 4758 5022 5098 4908 4483 4667 5165 4760 4467 4967 4671 5018 4824 4758 4686 4950 5130 4962 4810 4449 4966 4827 4758 4529 5051 4565 4728 4695 4969 4862 4885 5013 5008 4866 4962 5127 4808 5016 4712 5015 5013 4874 4939 4790 4535 4856 5209 4403 5209 4695 5111 4751 4939 4622 4857 4845 4820 4798 4828 4887 4613 4996 4932 4715 4863 5008 4517 4934 4975 4693 5046 4455 4900 4956 5032 4781 4779 4505 5041 4635 5244 4746 5115 4723 4978 4443 4762 4659 5258 4775 5037 4971 4821 4531 5037 4657 4609 4914 4955 4363 5007 4802 4959 5002 4343 4822 4885 4741 5156 5173 5173 4506 4837 4639 4697 4905 4751 5259 4687 4619 4921 5005 5095 4961 5201 4668 4781 4774 5103 5057 5175 4967 5051 4769 4755 5127 4376 4707 5168 4824 4885 4721 4420 5033 5122 5153 4901 4668 5128 4956 4647 4933 4845 5068 5166 4514 4940 4819 4676 4479 4585 4814 4708 4656 4858 4681 4608 4654 4970 5176 5011 4696 4591 4722 5001 4572 4606 5144 4597 5159 4836 4855 4671 4735 4875 4683 4660 5284 5050 4971 4891 5120 4960 4639 5168 4803 5189 5159 5178 5021 5170 5086 4865 5339 4472 5197 4860 5180 4584 4737 4642 5142 4837 4805 5127 4864 4695 4869 5061 
5121 4340 5160 5050 4798 5141 4885 5074 5101 4983 5298 4991 5148 4934 5599 5045 4688 5202 5578 4772 4970 4996 5077 4588 5459 5416 5110 4969 5048 4995 5161 4928 5215 5014 4847 4753 4911 5215 5211 4512 5004 4971 5244 4948 4925 5341 5189 5231 4651 5103 4479 5239 5038 5019 4766 5409 4751 4918 4881 5265 5495 5159 5160 5367 5055 4972 5221 4732 5136 5100 5045 5307 5103 5090 4946 4994 4863 5349 4825 5422 4975 5151 4819 5128 4873 4727 5074 4902 4817 4988 5202 4832 5435 5266 4980 5341 5125 4850 4747 5290 4603 5224 4663 4754 5134 4983 5150 4912 4929 5071 4789 5426 5062 5147 5193 4712 4893 4800 4877 5343 5152 5280 5072 5164 4939 4993 4944 4904 5092 4881 4902 5276 5184 5180 5152 4872 5114 5093 4690 5363 5251 5300 4750 5146 5072 5070 5225 4765 5402 4808 4651 5218 4909 5217 5187 5113 4899 4955 4988 5408 5305 5704 5152 5467 4965 5143 5272 4496 4962 4954 5013 4917 5020 4730 5473 5184 5249 5167 4836 5349 5164 4720 5122 5128 5082 5397 4516 5095 5190 5013 4666 4966 5253 5038 4761 5237 4778 5099 4975 5296 5346 5318 4958 5008 5126 4904 4749 4956 5723 4833 5210 5191 5039 4720 4978 5039 5328 4798 5386 5282 5148 5074 5330 4983 4793 5439 4971 5274 5523 5171 5268 5514 5385 5124 5545 4855 5062 4996 5287 5149 4751 4858 5319 5347 5051 5034 4859 4773 5020 5628 
5316 4712 5164 5355 5058 5335 4987 5562 5314 5199 5121 5101 5410 5073 5547 5315 5074 5565 5682 5124 5011 5054 5320 4720 5514 5574 5223 5201 5125 5450 5420 4835 5102 5423 5025 4657 5056 5418 5208 4953 5133 4954 5356 5000 5327 5255 5379 5565 5220 5266 4871 5255 5226 5354 5173 5632 5108 5306 5188 5507 5473 5457 5201 5633 5393 5280 5248 4784 5129 5093 5206 5228 5608 5401 5254 5273 5186 5518 4866 5639 5032 5507 5332 5136 4958 5142 5470 5168 5311 5322 5647 5215 5709 5476 5004 5409 5264 5319 5232 5418 4800 5506 5038 4811 5145 5460 5445 5242 5048 5345 5063 5358 5207 5386 5245 5267 4919 4934 5105 5476 5104 5643 4919 5223 4965 5031 5179 5081 5176 5487 5022 5338 5310 5309 5387 5053 5085 5448 5049 5579 5228 5575 4897 5216 5153 5208 5300 4934 5688 5030 5025 5308 5278 5246 5458 5295 5099 5077 5128 5766 5438 5628 5259 5329 5537 5181 5548 4595 4974 5369 5363 4888 5225 4847 5604 5653 5080 5231 5177 5600 5166 5079 5364 5588 5358 5549 4903 5163 5470 5376 4664 4841 5396 5237 5112 5483 5041 5290 4722 5344 5283 5539 5163 5034 5147 5487 5272 5093 5748 4998 5588 5298 5358 4846 5342 5245 5293 4898 5691 5512 5354 5285 5576 5194 5364 5507 5307 5548 5561 5331 5522 5486 5824 5335 5938 5098 5277 5223 5223 5194 5106 5148 5262 5518 4969 5282 4945 4989 5171 5791 
4922 4421 5341 5154 4704 4963 4475 5029 4881 4847 5026 4906 4982 5006 5131 4875 4673 5038 5169 4940 4721 4914 5089 4480 5068 5157 4975 4559 4946 4892 5036 4637 5154 4734 4964 4578 4526 5352 5084 4376 4687 4874 4898 4761 4724 4960 4957 4955 4625 4891 4493 5004 5108 4977 4755 5205 4705 4658 4667 5254 5259 5142 5171 4925 4976 5076 5070 4582 4852 4874 4885 5081 4902 5115 4987 4634 4885 5288 4711 5259 4731 4770 4942 4967 4704 4735 4935 4354 4791 5006 4903 4721 5109 4901 5001 4948 4996 4829 4907 5141 4867 4754 4737 4630 4868 4994 5093 4714 4696 5116 4586 5108 4971 4990 4757 4845 4670 4776 4731 5298 4914 5284 4793 4686 4888 4860 5061 4487 4698 4916 4527 5035 4978 4815 5000 4706 4709 5068 4771 5190 4712 5035 4661 4807 4879 4723 4709 4617 5253 4662 4701 5199 4934 4991 5001 5024 4681 4907 4534 5152 4990 5191 4838 5072 4803 5100 4869 4378 4826 4907 4981 4556 4843 4541 4927 4802 4763 4802 4686 5362 4604 4668 5057 4840 5064 5339 4550 4846 4971 5150 4632 4768 5109 4731 4664 5033 4524 5083 4822 5063 4976 5204 4796 4661 4751 4992 5101 4625 5399 4835 4657 4760 4787 4591 4645 4920 4851 4664 5319 5366 4909 4935 5040 4717 4739 5142 4742 4972 5402 4864 5174 5113 5399 4704 5288 4629 4693 4783 5109 4936 4500 4564 5010 4937 4749 5051 4827 4681 5075 5260 
4862 4593 5177 5274 4696 5086 4629 5135 5403 5163 5112 4989 5215 4931 5315 5169 4828 5202 5237 4980 4830 4889 5316 4539 5447 5475 4914 5004 4939 5183 4990 4547 5039 5091 5005 4772 4745 5153 5125 4742 5064 5030 5125 4710 5079 5102 5018 5491 5041 5134 4784 5129 5095 5205 4782 5135 4896 4937 5135 5512 5126 5118 5104 5271 5019 5236 5147 4916 5147 4802 5162 5237 5135 5031 5120 4810 5048 5338 4755 5525 4856 5230 4731 5242 4986 5146 4909 4983 4915 5053 5000 4711 5474 5154 4973 5314 5173 4722 4984 5025 4860 5250 4763 4634 4971 5268 5031 4957 4827 5318 4563 5469 5018 5130 4998 5216 4717 4944 4846 5206 4727 5458 4976 4738 5183 4931 5017 4696 4835 5070 4649 5139 4999 5108 5050 4737 4871 5217 5090 5305 5479 5243 4416 5368 5082 4990 5145 4644 5445 4750 4602 5058 5047 5092 4883 5136 5147 5012 4899 5591 5359 5487 5113 5230 4919 5087 5030 4463 4761 5074 5135 4853 4856 4920 5200 5054 5009 5342 4824 5318 5336 4811 5223 5175 5231 5389 4590 5205 4813 4972 4556 4920 4973 4780 4871 5026 4811 4891 4864 5042 5232 5092 4607 4943 4986 4929 5063 4640 5496 5070 5094 4846 4970 4768 4644 5223 4927 4685 5436 5515 5167 5258 5302 4977 4884 5369 4838 5161 5581 5211 5213 5338 5428 5079 5571 4709 5046 5178 5226 5011 4862 4877 4994 5399 4806 5356 4709 4610 5102 5638 
5096 4254 5209 4841 4947 5009 4648 4801 4924 4726 4957 4662 5117 4709 5074 4903 4768 4753 5044 4533 4967 4784 4971 4648 5144 4948 4859 4388 4706 4901 5173 4789 4754 5130 4796 4348 4565 4979 5044 4412 4953 4559 5040 4681 4483 4674 4992 4816 4991 4718 4370 4810 4740 5052 4606 4976 4565 4748 4312 5072 4831 5084 5157 5203 4710 4812 4943 4810 4756 4864 4789 5074 5087 5016 4874 4443 4675 5202 4581 5169 4712 4833 4747 4929 4927 4647 4958 4658 4818 4854 5146 4866 5057 4998 4868 4707 4840 4840 4720 4904 4956 4972 4451 4656 4727 5109 4828 4736 4641 5185 4709 5049 4903 5064 4834 4710 4544 4810 4582 4996 4591 5124 4777 4777 4719 4652 5016 4466 4735 4674 4275 5169 4642 4651 4819 4602 4713 4818 4584 5368 4917 4929 4588 4842 4587 4922 4726 4566 5245 4507 4679 4789 4815 4753 4991 5203 4722 4918 4666 4994 5305 5138 4881 5225 4749 4699 5296 4427 4922 4943 4757 4704 4668 4509 5016 4923 4934 4883 4498 5334 4964 4806 5051 4701 5045 5066 4593 5010 4963 4528 4512 4727 5000 4684 4647 4867 4673 4914 4686 4695 5023 4960 4848 4594 4774 4923 4698 4661 5367 4736 5057 4977 4851 4545 4846 5111 4912 4512 5195 4958 4997 5020 5066 4956 4832 4950 4896 4792 5129 5085 5327 5155 4814 4878 5736 4486 4973 4841 4881 4889 4570 4577 4925 4852 4811 4993 4930 4904 4871 5297 
5249 4554 5442 5458 4983 5324 4973 5336 5317 5198 5402 5051 5358 5167 5547 5179 5083 5183 5508 4965 4921 5230 5123 4847 5471 5337 5209 4996 5003 5178 5183 4694 5296 5420 5105 4771 4938 5398 5145 4782 5324 5191 5574 5176 5164 5021 5272 5462 5000 5164 5007 5514 5162 5293 4973 5400 4916 5135 5042 5372 5282 5413 5365 5195 5155 5084 5344 5007 5414 4927 5253 5228 5301 5450 5256 4856 4978 5494 4754 5698 5076 5265 5095 4977 5024 4929 4996 4744 5036 5073 5466 5067 5189 5266 5268 5545 5390 4809 4811 5288 4971 5342 4931 5016 5316 5114 5121 4828 4816 5200 4825 5432 5179 5449 5268 5164 5066 5080 4777 5604 5126 5320 5335 5133 4909 4995 5263 4844 4952 5365 4704 5533 5227 5223 5106 4903 4915 5377 4779 5469 5431 5171 4838 5205 5389 4843 5531 4952 5645 4999 5028 5285 5072 5391 5331 5440 5017 5237 5283 5352 5146 5450 5165 5414 5089 5485 5354 4623 5079 5072 5305 4896 5085 5120 5409 5353 5025 5070 4964 5602 4914 5171 5299 5060 5528 5328 4795 5226 5447 5094 4652 4854 5358 5233 5045 5161 4926 5249 4916 5312 5476 5387 5143 5038 5076 5083 5352 5013 5797 4868 5230 5211 5240 4694 5032 5321 5225 4821 5729 5385 5476 5383 5352 5031 5030 5415 5117 5333 5666 5342 5575 5469 5250 5354 5659 4698 5186 5079 5169 5191 4790 4860 5282 5479 5240 5137 5039 4774 5096 5690 
5201 4549 5474 5197 4893 5215 4777 5216 5086 5142 5052 4901 5280 4968 5292 5297 4774 5270 5541 5017 4958 5214 4960 4490 5359 5235 5190 4866 5173 5145 5396 4723 5134 5593 4835 4697 5094 5026 5381 4394 5210 4873 5349 4718 5052 5140 5359 5663 5033 5029 4489 5116 5006 5174 4856 5099 4718 4885 4808 5228 5223 5159 5187 5337 5119 5272 5474 4860 5250 5085 5353 5274 5208 5159 4802 5048 4843 5414 4916 5522 5048 5126 4840 5207 5099 5156 5102 4939 4880 5223 5327 4974 5524 5048 4946 5019 5175 4973 5015 5350 4843 5095 4651 4767 5115 4999 5114 4940 5081 5188 4707 5493 5118 5456 4948 4993 4753 4960 4712 5427 4732 5291 5063 4782 5078 4943 5210 4753 5204 5233 4744 5440 5085 5040 5351 4871 4960 5471 4933 5479 5179 5168 4753 5143 5033 5060 5202 4975 5186 4931 4833 5431 5030 5086 5281 5217 4903 4837 5058 5373 5488 5380 5440 5261 5074 5359 5088 4652 5220 5198 5116 4778 5117 4917 5178 5308 5199 5232 5079 5430 5066 4784 5176 5095 5274 5395 4916 5164 5228 5219 4700 4797 4914 5118 5034 5147 4770 5177 4708 5080 5216 5148 5044 4856 5023 5251 4782 4740 5601 4912 5158 4970 5243 4711 4875 4868 5144 4651 5507 5420 5275 5132 5342 4961 4999 5424 5173 5120 5474 5093 5291 5248 5516 5148 5793 4940 5012 4868 5446 5298 4890 4864 5272 5288 5148 5159 4931 4980 5080 5616 
5007 4510 5151 5174 4585 5062 4733 5010 4923 4869 5080 4764 4989 4849 4953 5050 4782 5150 5144 4833 4658 4742 5009 4128 5161 5231 5002 4812 4962 4855 4651 4602 4947 4867 4838 4537 4793 5013 4973 4351 5128 4600 4981 4627 5137 5043 5043 5185 4883 5009 4587 4917 4915 5022 4578 5235 4582 4876 4630 5006 5080 5067 4843 5214 4818 5167 4901 4659 4913 4760 4910 4981 5042 4889 4712 4571 4702 5344 4659 5141 4874 5007 4796 4862 4551 4596 5088 4714 4806 4987 5064 4906 5031 4947 4696 5106 4980 4712 4761 5147 4878 5050 4736 4563 4908 5048 4773 4837 4609 5010 4684 5169 4466 4994 4790 4801 4637 4589 4506 5166 4727 5031 4754 4845 4637 4676 5053 4668 4898 4857 4624 5082 4737 4913 4999 4483 4688 5093 4740 5308 4900 5219 4603 4831 4789 4943 4739 4690 5154 4585 4520 4994 4735 5128 5088 5106 4658 4667 4824 5211 5087 5235 4710 4718 4923 5082 4969 4400 4911 4963 4975 4409 4735 4323 5205 5022 4961 4721 4853 5331 4820 4713 5091 4995 5192 5240 4539 4891 4953 4728 4290 4457 4735 4652 4906 4996 4431 4912 4701 5173 5087 5221 4807 4685 4557 4855 4792 4534 5267 4652 4896 5024 4968 4570 5023 5006 4970 4585 5181 4979 4820 4848 5032 4854 4781 5254 4856 5092 5120 5096 4883 4997 5235 4992 5589 4897 4887 4655 4889 4712 4540 4838 4897 5059 4904 4844 4692 4680 4870 5615 
5074 4405 5111 5143 4962 5305 4890 5286 5065 4994 5016 4754 5166 4775 5203 4701 4984 4979 5311 5014 4806 5143 5095 4337 5348 5149 4887 4829 5086 4964 4978 4491 5039 5161 4808 4611 4632 5327 4914 4436 5402 4768 5043 4989 4808 5096 5023 5257 4944 5012 4641 5173 4775 5361 4686 5291 4692 4786 4569 5264 5201 5152 5069 5314 4964 5068 5205 4849 4906 4718 5105 4930 5191 5285 4763 4782 4707 5240 4803 5355 5059 5126 4791 4909 4872 4828 5043 4632 4803 4952 5194 4903 5217 4879 5032 4872 4701 4854 4720 5370 4751 5123 4702 4530 4834 5111 5038 4467 4842 5329 4829 5358 5012 5157 5003 4900 4500 4515 4630 5490 4924 5050 4736 4891 4970 4831 5126 4410 4682 5033 4880 5210 5178 5130 4927 4677 4759 5107 4673 5213 5203 5156 4807 4809 4890 4826 4988 4539 5250 4897 4860 5326 4876 5205 5114 5077 5080 4766 4829 4871 5137 5091 4952 5058 5060 5307 5237 4483 4916 4927 5087 4693 4826 4736 5274 5086 5326 5016 4908 5282 4862 4727 5209 4890 5269 5076 4696 4636 5171 5085 4925 4683 4881 4771 4619 5150 4562 5064 4561 4874 5096 5243 4777 4775 5011 5169 4776 4590 5242 4797 4939 4971 4910 4748 4939 4944 4990 4750 5304 5175 5249 5005 5301 4805 5278 5247 4736 4980 5474 5350 5250 5264 5179 4885 5770 4821 5178 4727 5034 5037 4492 4654 4937 5107 5065 4900 4853 5060 5063 5440 
5410 4919 5537 5243 4813 5381 4852 5472 5258 5302 5311 5067 5254 4981 5609 5392 5006 5367 5731 5260 5136 5187 5160 4737 5790 5555 5240 5244 5038 5118 5356 4910 5254 5381 5304 4861 5005 5461 5343 4449 5242 4913 5304 5106 5184 5611 5472 5508 5042 5393 4556 5286 5199 5313 5225 5529 4815 5024 5286 5367 5451 5494 5406 5558 5374 5481 5430 4928 5383 5363 5352 5513 5453 5243 5184 5042 5339 5646 5006 5578 5044 5280 4942 5285 5031 5409 5300 5069 5034 5120 5296 5232 5704 5675 5271 5488 5296 5010 5069 5458 5290 5424 5019 4841 5098 5319 5241 4998 5110 5645 5070 5559 5267 5491 5345 5348 5032 4896 4982 5677 5045 5708 5036 4919 5104 5166 5369 4976 5198 5237 4877 5318 5393 5369 5473 4989 5353 5735 4916 5519 5248 5559 4953 5476 5117 5086 5453 4955 5629 5242 4926 5225 5162 5271 5392 5221 5199 5089 4991 5644 5519 5759 5151 5244 5155 5329 5237 4767 5438 5098 5602 5166 5142 4944 5451 5373 5019 5316 4976 5700 5215 5095 5394 5341 5563 5820 5023 5272 5588 5136 4695 4743 5510 5190 5247 5400 5027 5134 5103 5544 5231 5433 4914 4753 5224 5237 5231 4920 5795 5034 5291 5137 5249 5028 5088 5317 5334 4955 5741 5515 5392 5306 5609 4907 5076 5587 5135 5383 5639 5406 5498 5365 5841 5369 6021 5151 5348 4973 5319 5378 4884 4895 5365 5412 5080 4991 4932 4906 5104 5743 
5271 4523 5265 5053 4902 5306 4832 5198 5221 5279 5061 5175 5174 4889 5390 4806 4755 5174 5380 4984 5087 5055 4958 4400 5483 5161 5115 5068 5073 5047 5350 4675 5219 5268 5048 4595 4807 5318 5371 4322 5094 4896 5293 4834 5233 5199 5334 5257 5025 4960 4557 5104 5168 5153 4982 5277 4745 4767 4819 5185 5216 5258 5189 5295 4989 5152 5319 4817 4817 5285 5380 5459 5305 5021 5208 4686 5032 5624 4748 5369 5100 5213 5014 5271 5131 4938 5115 4702 4990 5079 5235 4963 5361 5317 5294 5258 5465 5038 5027 5387 4830 5174 4570 4798 5171 5119 5171 4928 4792 5538 4833 5443 5146 5403 4983 4779 4894 4897 4912 5097 5216 5417 4944 5114 5050 5063 5086 4808 4815 4972 4962 5275 5114 4886 5439 4796 5016 5333 4929 5381 4972 5434 4882 4992 4917 4905 5157 5190 5522 4813 4617 5185 4865 5237 5246 5403 5195 4979 4723 5540 5530 5592 5204 5224 5004 5350 5154 4430 5077 5176 5270 4636 5022 4738 5283 5122 5307 5235 4882 5538 5001 4745 5232 5167 5109 5432 4853 4999 5369 5011 4696 4970 5234 5019 4771 5141 4916 5247 4857 5415 5193 5328 4805 4854 4919 5221 5066 4717 5585 4777 5171 5043 5061 4866 4966 5206 5088 4813 5467 5461 5277 5260 5222 4995 4901 5420 4773 5249 5268 5305 5247 5289 5413 5245 5622 4830 5154 5067 5316 4925 4849 5038 5506 5220 5080 5152 4891 5128 5150 5427 
5248 4634 5175 5162 5039 5337 4903 5171 5396 4890 5428 4772 5260 4868 5125 5139 4958 5527 5235 4924 4906 5225 5073 4691 5272 5395 4957 4927 4786 5123 5304 4933 5383 5090 4891 4756 4884 5202 5043 4610 4990 4987 5167 4928 4937 5140 5169 5503 5065 5424 4953 5341 5199 5143 4970 5371 4811 4969 4776 5361 5173 5190 5163 5115 5011 5040 5075 4851 5175 4983 4957 5099 5346 5087 5168 5013 4821 5413 4875 5462 4867 4923 5024 5222 4811 4906 5184 4910 5033 4984 5378 5162 5417 5573 5443 5648 5235 4665 4751 5555 4928 5056 4815 4994 5018 5284 4984 4967 5242 5387 4897 5345 5268 5082 5117 5020 5000 5117 4874 5333 5009 5474 4954 5109 5088 4978 5267 4635 5035 4951 4765 5218 5296 5087 5223 5111 5058 5248 4734 5728 4975 5520 4860 5067 5098 4914 5357 4682 5520 5042 5048 5250 4840 4967 5277 5018 4923 5052 5085 5321 5290 5473 5210 5393 4980 5126 5287 4690 5053 4850 5038 4905 5284 4979 5478 5201 5298 5316 4993 5567 5181 5087 5473 5468 5170 5502 4706 5223 5292 5024 4498 4704 5199 5247 5071 5111 5060 5070 4858 5365 5383 5130 4911 4975 5036 5245 4971 4763 5618 4721 5034 4865 5002 4853 5056 5254 5169 4877 5357 5332 5091 5342 5502 5116 4901 5528 4735 5380 5257 5187 5385 5580 5501 4920 5877 4820 5321 5067 5208 5180 4912 4837 5176 5226 4896 5082 4740 4983 5192 5459 
5447 4742 5672 5486 5125 5399 5086 5537 5500 5190 5166 5254 5315 5159 5499 5557 5172 5306 5474 5300 5182 5163 5355 4945 5706 5701 5412 5093 5231 5495 5201 5125 5410 5684 5083 5104 5100 5358 5448 4429 5270 5291 5436 5131 5236 5425 5318 5624 5235 5440 4872 5466 5278 5409 5019 5570 5121 5153 5239 5652 5577 5508 5458 5630 5133 5440 5475 5123 5412 5237 5331 5491 5407 5532 5177 5421 5416 5740 4970 5682 5249 5559 5182 5296 4991 5449 5419 5212 5283 5232 5665 5016 5669 5548 5136 5449 5529 5285 5297 5538 5250 5330 5069 4886 5293 5482 5565 5385 5111 5673 4942 5575 5200 5532 5294 5202 4906 5109 5114 5611 5177 5731 5173 5239 5089 5341 5368 4894 5030 5261 5119 5474 5182 5505 5525 4948 5291 5512 5247 5775 5475 5451 5197 5379 5343 5270 5370 5221 5471 5020 4895 5350 5231 5658 5383 5637 5298 5536 5139 5979 5803 5832 5432 5378 5317 5282 5773 4732 5261 5284 5590 5146 5546 5203 5487 5654 5295 5109 5109 5766 5221 5086 5429 5743 5670 5956 5230 5577 5705 5124 4967 5178 5473 5316 5260 5556 5141 5221 5028 5371 5701 5572 5206 4986 5419 5364 5219 5001 5973 4852 5474 5307 5321 5278 5085 5375 5671 4920 5915 5545 5545 5378 5953 5170 5175 5480 5368 5287 5959 5633 5669 5654 5656 5474 6037 4925 5594 5122 5394 5263 5236 4998 5115 5661 5208 5389 5097 5209 5439 6077 
5255 4667 5189 5163 4789 5308 4823 5013 5415 4947 4881 4927 5314 4832 5150 4891 4793 5035 5249 4718 4774 4960 5071 4547 5294 5350 5064 4998 5045 4945 5149 4331 5176 4830 5091 4625 4802 5229 5132 4473 5058 4985 5133 5002 4958 5184 5149 5311 4890 5140 4598 5211 5003 5183 4724 5138 4800 4832 4825 5248 5363 5220 5003 5359 5080 4927 5187 4272 5088 5013 5141 5272 5198 4898 5010 5000 5026 5215 4684 5567 5159 5366 4936 5174 5019 5024 4970 4950 5097 5101 5133 4943 5399 5218 5038 5337 5263 4938 4899 5124 4722 5360 4724 4476 5110 5148 4973 5030 5062 5178 4582 5459 5066 5166 5029 4928 4734 4758 4946 5374 5014 5425 4972 5014 4998 4870 4939 4627 4921 5064 4711 5241 5107 5186 5102 4771 4811 5377 4769 5730 5032 5133 4803 5057 5064 4838 5084 4664 5565 4832 4789 4993 4689 5087 5378 5293 4816 5060 5027 5148 5162 5358 5031 5111 5051 5018 5147 4435 4992 5232 5135 4582 5219 4884 5373 5232 4996 5527 4696 5442 4812 4709 5170 5254 5324 5289 4566 4905 5174 5152 4625 4856 5160 5240 5218 5030 5139 4949 4969 5266 5167 5256 5086 5225 4891 5043 4993 4571 5697 4945 4943 5079 5080 4573 4839 5042 5140 4849 5300 5393 5205 5124 5511 5050 5161 5348 5019 5211 5647 5179 5333 5446 5628 5037 5612 4860 5190 5235 5273 5015 4769 4932 5062 5364 5046 4826 5098 4934 4863 5516 
5063 4584 5576 5471 5271 5432 4915 5373 5268 5320 5502 4958 5381 5094 5478 5214 5057 5543 5682 4957 5112 5495 5291 4908 5408 5400 5192 4976 5254 5241 5283 4982 5619 5225 5164 4804 4796 5430 5128 4764 5364 5191 5201 5037 5128 5134 5561 5475 5454 5359 4845 5574 5327 5466 5139 5415 5071 4859 5107 5538 5528 5294 5378 5446 5144 5106 5334 4700 5229 5017 5394 5154 5694 5315 5384 5273 4943 5436 4825 5655 4991 5232 5272 5430 5306 4948 5241 5225 4987 5009 5635 5096 5479 5611 5452 5352 5122 4831 5110 5506 5147 5419 4864 4661 5382 5411 5406 5143 5191 5445 5010 5465 5299 5435 4911 5036 5132 5133 4732 5248 5145 5433 5144 5264 5177 5154 5476 4734 5148 5075 4722 5282 5419 5432 5352 5218 5004 5415 4936 5717 5538 5602 4877 4990 5242 5351 5351 4775 5507 5150 4720 5213 5193 5239 5686 5463 5100 5192 5152 5888 5330 5674 5367 5671 5181 5249 5384 4515 5385 5187 5498 4893 4996 5096 5621 5550 5416 5466 5087 5653 5244 5099 5358 5434 5267 5656 4889 4983 5416 5319 4806 4846 5153 4969 4990 5480 5078 5233 5070 5262 5342 5421 4937 5187 5370 5142 5233 4784 5542 4814 4827 5068 5142 5065 4966 5288 5362 4936 5892 5318 5239 5364 5566 5250 5166 5543 5131 5616 5787 5362 5598 5679 5478 5236 5940 4953 5446 5101 5230 5418 5126 5001 5418 5229 5230 5220 5163 4839 5168 5667 
4784 4122 4864 4621 4278 4853 4243 4711 4786 4387 4507 4437 4913 4529 4823 4764 4214 4735 5029 4403 4630 4600 4644 4049 4956 5152 4514 4381 4763 4581 4701 4304 4681 4742 4581 4144 4152 4673 4492 3997 4560 4320 4850 4464 4475 4668 4739 4820 4403 4515 4080 4706 4635 4747 4318 4819 4670 4494 4450 4863 4906 4713 4640 4841 4525 4862 4562 4187 4491 4441 4695 4947 4811 4736 4565 4646 4631 5067 4128 4931 4393 4717 4232 4599 4252 4603 4554 4490 4709 4396 5039 4334 5142 4756 4599 4785 4697 4504 4740 4821 4514 4905 4101 4218 4677 4704 4622 4310 4418 4680 4253 4731 4630 4867 4515 4522 4315 4656 4193 4709 4502 4850 4519 4487 4420 4740 4771 4152 4541 4539 4464 4764 4728 4744 4637 4517 4694 4769 4323 5081 4538 4786 4171 4755 4636 4295 4501 4317 4792 4461 4398 4709 4644 4527 4788 5008 4546 4629 4451 4837 4841 5012 4598 4874 4601 4602 4761 4182 4686 4775 4536 4260 4498 4394 4636 4713 4651 4938 4205 5060 4456 4247 4642 4655 4730 5098 4346 4473 4723 4590 4151 4240 4617 4545 4754 4826 4259 4919 4490 4572 4643 4750 4411 4589 4615 4684 4588 4534 5149 4290 4625 4672 4504 4601 4530 4599 4709 4499 5123 4999 4695 4576 4729 4502 4586 4815 4514 4588 4967 4722 4959 4960 4673 4678 5224 4630 4588 4618 4895 4611 4263 4550 4464 4646 4453 4641 4549 4177 4760 4991 
5310 4649 5266 5107 4816 5190 4877 5335 5156 5232 5334 4924 5088 4918 5316 5167 4814 5045 5273 5046 4931 5026 5155 4519 5404 5466 5268 4764 4881 5101 5119 4725 4892 5234 4997 4705 4690 5231 5178 4450 5069 4836 5123 4761 4808 5142 5090 5051 5175 4935 4467 5256 5263 5163 4874 5464 4562 4870 4757 5181 5138 4980 5092 5120 5198 5218 5028 4534 5177 5320 5076 5197 5339 5183 5105 4943 4848 5430 4676 5387 5042 4681 4981 5196 5087 4874 5187 5021 5027 4816 5317 5060 5543 5332 4878 5190 5392 4907 4938 5339 5229 5031 4473 4697 5060 5089 5155 5006 4925 5232 4766 5345 4955 5199 5018 4898 4797 5009 4771 5182 4712 5408 4660 5063 4695 5079 5205 4635 5154 4775 4793 5381 4876 5115 5091 4710 4904 5451 5111 5416 5078 5202 4854 5282 5001 4920 5057 4858 5735 4831 4578 5352 4919 5343 5152 5186 4842 4869 5111 5406 5457 5436 5312 5203 5059 5099 5351 4597 5232 4878 5171 4930 5122 4734 5283 5227 5184 4953 4789 5381 4972 4800 5394 5180 5168 5429 5109 5104 5196 5174 4582 4771 5101 5102 4884 5115 4892 5036 4617 5016 5191 5316 4890 4942 5270 5155 5025 4747 5595 4843 5095 5138 5211 4553 4967 5170 5237 4755 5501 5499 5074 5318 5376 4797 5063 5441 4717 5431 5270 5136 5306 5149 5293 4928 5816 4900 5127 5263 5066 5004 4886 4817 5228 5028 5003 4998 4631 4920 4998 5712 
5268 4609 5554 5429 5010 5287 4720 5320 5379 5341 5367 5064 5223 5080 5286 5221 5241 5173 5705 5362 5092 5270 5071 4794 5544 5310 5406 4765 5190 5140 5323 4908 5532 5315 5148 4787 4744 5435 5190 4644 5504 5093 5545 5097 5298 5350 5571 5634 5500 5251 4924 5590 5350 5514 4796 5490 4697 4947 4753 5534 5496 5409 5617 5381 4953 5418 5487 4905 5262 5044 5236 5565 5343 5342 5123 4850 5135 5600 4857 5769 5053 5104 5066 5103 5021 5200 5330 4973 5269 5270 5447 5386 5356 5273 5385 5473 5218 4975 5278 5696 4908 5271 4861 5060 5318 5261 5140 5295 4895 5646 5121 5533 5397 5554 5205 5168 4985 5188 4922 5575 5157 5422 5134 5286 5277 5408 5335 4969 5266 5122 4862 5228 5296 5140 5078 4951 4958 5438 4920 5532 5408 5448 5196 5360 5230 5103 5184 4996 5344 5147 5104 5418 5225 5640 5375 5422 5180 5065 5317 5463 5304 5449 5252 5279 5084 5331 5593 4773 5272 5177 5240 4958 5275 4870 5206 5315 5079 5305 5182 5721 5067 5011 5369 5376 5557 5549 4830 5354 5441 5190 4922 4986 5292 5136 5209 5345 4987 5115 4879 5561 5352 5506 4796 5067 5121 5072 5378 5010 5783 4949 5184 5306 5525 4968 4990 5419 5295 4875 5436 5465 5221 5438 5764 5056 5383 5517 5012 5420 5468 5471 5279 5450 5555 4996 5811 4846 5530 5064 5380 5131 5072 4952 5460 5559 5239 5016 5301 4945 5062 5809 
5043 4701 5183 5346 4952 5251 4928 5399 5296 5063 5327 4725 5420 4955 5330 4946 4917 5146 5121 5059 4929 5200 5243 4529 5459 5169 5132 4923 5140 4882 5086 4699 5321 5326 5232 4670 4852 5355 5044 4618 5177 5021 5157 4960 4986 5265 5063 5408 5137 5157 4618 5199 4981 5129 4959 5221 5012 4815 4752 5358 5113 5229 5015 5174 5009 5190 5262 4572 5266 5196 5074 5245 5275 5276 5185 5046 5180 5242 4859 5604 5197 5315 4970 4988 4912 5086 4973 4863 5003 5014 5187 5122 5114 5136 5194 5134 5234 4766 5117 4965 5036 5365 4859 4836 5087 5361 4992 5067 4967 5400 4887 5432 5195 5611 4907 5122 4726 4810 4921 5481 4527 5621 4954 5080 4838 4909 5057 4778 4902 5209 4649 5163 5129 4975 5136 4856 4889 5539 4739 5445 5164 5356 4671 4965 4761 5031 5090 4724 5584 4961 5006 5120 5099 5029 5192 5164 4959 4945 5108 5113 5074 5325 5100 5234 5064 4898 4869 4572 5119 5218 5143 4789 5146 4763 5143 5225 5107 5400 4972 5415 5110 4582 5219 5188 5177 5145 4469 4939 5275 5141 4497 4684 5229 4905 4743 5093 4964 4862 4523 5285 5005 5074 4895 4837 4878 4993 5162 4692 5503 4553 5168 4925 4942 4911 4784 5084 4969 4840 5268 5055 5392 5099 5437 4957 5030 5469 5023 5107 5439 5263 5089 5709 5645 5046 5575 4718 5327 4967 5094 5248 5042 4669 5175 5406 4862 4890 4891 4714 4866 5217 
5228 4868 5443 5283 5037 5032 5096 5308 5242 5033 5257 5026 5136 4735 5336 5295 5081 5119 5265 4824 5086 5157 5081 4460 5661 5119 5139 4719 5108 5232 4965 4756 5227 5445 5119 4501 4790 5214 5264 4753 5334 4771 5375 4933 5133 5147 5216 5503 5273 5097 4860 5116 4863 5260 4997 5215 4580 5131 4896 5431 5162 5205 5162 5269 5033 5123 5160 5049 4990 5144 5209 5254 5050 5184 5086 5053 5026 5731 4852 5229 5041 5078 5089 5326 4776 5339 5066 5140 5093 5219 5363 4881 5409 5237 5037 5404 4841 4785 5108 5466 5191 5116 4719 4842 5165 5237 4987 5271 5124 5357 4788 5375 5009 5231 4805 5193 4821 5192 4766 5173 5027 5567 4961 4839 4942 4903 5082 4774 4923 5298 4770 5144 4800 4997 5461 4809 5028 5445 4745 5507 5225 5418 4733 4915 5019 5096 5369 4839 5178 5025 5002 5196 5161 5232 5131 5181 5123 5028 4865 5244 5418 5540 4991 5255 5103 5240 5128 4644 5163 5035 5268 4766 5002 5003 5151 5408 4964 5255 4719 5333 5216 4783 4832 5182 5310 5491 4942 5334 5654 4925 4549 4705 5187 5122 4865 5095 4898 5013 4795 5148 5065 5281 4908 4838 5000 5160 5038 4862 5413 4853 5299 5317 5116 4911 4827 5191 5308 4861 5484 5426 5316 5268 5211 5099 5153 5363 5223 5105 5709 5272 5348 5325 5517 5282 5587 4814 5053 4985 5118 5398 5103 4820 5187 5120 4951 5123 4987 4764 5002 5464 
5221 4231 4936 4985 4458 4889 4470 4900 5319 4982 4904 4626 4807 4749 4958 4930 4795 5201 5048 4679 4974 4860 5176 4539 4903 4913 4900 4623 4506 5032 4867 4381 4933 5046 4643 4429 4807 5158 4829 4145 4786 4752 4740 4442 5091 5042 4819 5072 4875 4858 4325 4923 4919 4779 4495 4957 4638 4665 4754 5192 4981 5047 4864 5095 4698 4779 5087 4523 4851 4634 4860 4900 4971 4748 4939 4737 4579 5113 4465 5067 4755 4612 4873 4823 4489 4759 4889 4714 4840 4782 5003 4965 4952 5259 4753 4762 4784 4591 4779 4975 4622 4711 4443 4680 4816 4878 5069 4920 4660 5100 4686 4694 4618 5106 4672 4710 4630 4427 4536 4948 4746 5125 4378 4535 4857 4833 4916 4564 4597 4980 4626 5164 4955 5056 4802 4401 4643 5374 4632 5026 4848 5174 4358 4752 4732 4700 4651 4678 4763 4691 4737 4837 4786 4762 4850 4916 4913 4646 4539 5113 5146 5139 4893 5113 4808 4671 4852 4377 5008 4768 4927 4493 4882 4468 4648 5205 4807 4893 4540 4987 4968 4590 4889 5060 5022 5230 4592 4920 4990 4810 4312 4240 4761 4574 4383 4848 4478 4888 4675 4778 4802 4988 4434 4568 4897 5073 4708 4777 5316 4459 4880 4729 4560 4457 4502 4870 4956 4285 5320 5165 4801 5123 5053 4586 4482 5110 4735 5178 5174 4922 5040 4955 5244 4625 5349 4572 4645 4620 5099 4818 4750 4562 4660 4992 4728 4863 4334 4520 4916 5480 
4953 4292 5219 5065 4934 4824 4776 4975 5167 4884 5014 4743 5035 4767 5070 4759 4699 5093 5342 4851 4868 4978 4754 4335 5108 5412 4778 4583 4937 4920 4766 4887 4960 5035 4844 4579 4494 5109 5017 4413 5010 4849 4905 4663 4831 4999 5239 5242 4857 4904 4644 5042 4860 5131 4514 5379 4608 4866 4602 5207 4945 5223 5022 5058 4717 4969 5097 4473 4782 4985 4851 4881 5062 5133 4604 4744 4879 5209 4558 5302 4819 4895 4995 5119 4795 4711 4867 4655 4988 4795 5282 4849 5255 5033 4995 4881 4875 4807 4699 5162 4959 4764 4511 4522 4922 5277 5078 5013 4848 5204 4725 5108 5065 5222 4721 4831 4634 4873 4445 5367 4878 5171 4888 5106 4641 5169 4936 4613 4829 4730 4832 5089 4966 4945 5112 4734 4803 4940 4476 5136 4847 5077 4550 4870 4790 4631 5064 4676 5373 4659 4928 5090 4758 4869 5207 5100 4870 4651 4749 5170 5280 5206 4969 5282 5006 5116 5031 4519 4883 4675 4839 4528 4871 4727 5021 5073 5112 4798 4891 5291 4693 4981 5092 4802 5077 5278 4585 5041 5145 4896 4669 4693 4621 4713 4423 4882 4598 5052 4669 5106 4952 5253 4783 4780 4679 5128 4855 4461 5327 4739 4828 4816 4895 4589 4903 4966 5016 4454 4919 4891 4893 4941 4916 5017 4939 5392 4759 5155 5338 5002 5161 5230 5270 4857 5504 4894 4809 4708 5002 4763 4600 4628 5015 5037 4857 4817 4830 4673 4886 5336 
5066 4535 5144 4940 4655 5279 4747 5214 5094 5100 5102 4607 4898 4593 4938 5215 4736 4970 5222 4881 5158 4894 5108 4513 5366 5405 5175 4892 4899 5283 4914 4590 5077 5020 4931 4631 4678 5199 5098 4581 5182 4947 5072 4702 4725 4985 5305 5075 4818 5156 4477 4980 4968 4800 4583 5303 4739 4457 4704 5261 5240 5127 4978 5020 4910 5241 4955 4696 5201 4866 5172 5210 5011 5249 5057 4868 4639 5405 4674 5066 4754 5135 4807 4938 4703 4992 5206 5023 5051 4907 5234 4970 5090 5167 5148 5073 5059 4641 4736 5279 4716 5019 4638 4542 5000 5162 4893 4850 4796 5347 4843 5434 5041 5164 4937 5110 4457 4923 4905 5285 4958 5627 4737 5072 5073 4971 4984 4593 4853 4954 4857 5256 5219 5088 5212 4985 4597 5194 4606 5294 5168 5207 4792 4668 4949 4676 4991 4793 5145 4968 4676 5343 4895 5149 5089 5092 5014 4768 4649 5144 5071 5515 5033 5061 5002 5045 5122 4462 5128 5012 4998 4719 4888 4595 5307 5337 5003 5105 4940 5302 5023 4823 5056 5116 5247 5190 4590 4931 5203 4988 4597 4703 5175 4996 4862 5109 4727 5022 4755 5348 5234 5219 4786 4840 4633 5002 5079 4628 5337 4755 5202 4957 4907 4673 4965 5120 5058 4718 5108 5118 4959 4868 5350 4961 4982 5386 4636 5138 5318 5074 5190 5320 5448 4958 5576 4480 5264 4979 5007 4866 4541 4794 4983 5222 4791 5129 4900 4654 4898 5326 
5226 4620 5283 4865 4780 5149 4777 5231 5128 5018 5102 4927 5115 4832 5338 5335 4816 5350 5611 5099 4815 5057 4931 4427 5426 5193 5028 4856 5067 4462 5422 4685 4988 5433 4961 4464 4990 5221 5044 4399 4924 4763 5318 5219 4961 5228 5076 5388 5080 4835 4526 5300 5000 5229 4845 5103 4713 4946 4797 5260 5157 5254 5069 5202 5039 4900 5170 5009 5028 4935 5210 5320 5482 5110 5069 4805 4849 5172 4484 5492 5081 5220 5011 5005 4855 5065 5103 4734 5111 4998 5356 5044 5303 5600 5153 5156 5057 4965 5030 5217 4775 5054 4532 4933 4704 5101 5024 4952 4809 5374 4789 5282 5022 5366 4889 5067 4793 4727 4575 5142 4590 5201 4913 4997 4892 4987 5551 4434 4966 5207 4668 5291 4917 4949 5045 4774 4747 5322 4772 5462 5101 5210 4904 5264 4726 4904 5022 4654 5267 4850 4774 5213 5145 4894 5168 5325 4925 4819 5008 5157 5357 5366 4958 5058 5013 5138 5270 4615 5107 4734 5112 4516 5019 4680 5106 5052 5211 5033 4898 5421 4924 4696 5259 5018 5397 5341 4736 4911 5245 4995 4550 4492 5304 4888 4885 5137 4731 5172 4826 5235 5189 5331 4934 4757 4783 5200 4982 4712 5720 4739 5293 5015 5160 4910 4927 4985 4994 4641 5423 5170 5306 5001 5259 5059 4964 5475 4978 4979 5259 5023 5235 5251 5286 4984 5553 5139 5275 4723 4918 5193 4560 4797 5036 4931 4986 4888 4825 4887 4914 5556 
5039 4656 5296 5109 4967 5204 5156 5343 5400 5058 5034 5005 5515 4898 5391 5057 4891 5403 5494 4989 4867 5137 5172 4889 5461 5377 5366 4841 5267 5190 5221 4350 5335 5205 5302 4660 5031 5671 5237 4508 5145 4920 5279 4831 5163 5170 5122 5390 4895 5058 4816 5337 5211 5107 4950 5586 5107 4825 4940 5590 5226 5239 5334 5240 5056 5075 5472 4706 4970 5108 5399 5329 5253 5065 5270 5093 5169 5450 4502 5493 5211 5161 5079 5001 4821 4921 5067 4863 5233 5254 5237 5068 5459 5300 4960 5231 5361 5052 5076 5242 5044 5114 4748 4969 5122 5022 5344 4989 4996 5387 4765 5628 5282 5385 4875 5007 5056 4767 4843 5374 5175 5508 4827 5185 5044 5262 5031 4751 4910 5223 4950 5410 5236 5202 5392 5015 4919 5380 4875 5705 5104 5118 4733 5109 5281 5063 5250 4756 5617 4983 5055 5278 5070 5247 5415 5213 4950 5056 4819 5423 5138 5762 5292 5417 5264 5030 5126 4712 5132 5401 5270 4710 5239 5114 5302 5463 5016 5361 4999 5548 5106 4814 5213 5141 5295 5254 4745 5172 5411 5312 4644 4893 4967 5119 5073 5072 4949 5087 4816 5225 4976 5319 5015 4928 5040 5472 5208 4651 5632 4976 5301 5028 5062 4533 4982 5068 5312 4733 5465 5494 5224 5131 5530 4996 5021 5486 4906 5275 5590 5157 5256 5191 5629 5079 5488 4977 5080 5039 5124 5116 5020 4950 5098 5217 4869 5197 5180 4995 5124 5601 
5273 4713 5185 5056 4953 5360 4990 5531 5219 5034 5301 5052 5081 5089 5564 5359 5269 5365 5651 5010 4748 5343 5229 4679 5562 5396 5336 4926 5367 5362 5173 4548 5441 5274 4943 4645 4891 5304 5154 4414 5252 4969 5323 5063 5087 5220 5373 5583 5032 5025 4579 5182 5142 5362 5352 5341 4872 5140 5126 5395 5266 5335 5291 5460 5176 5322 5500 4951 5279 4969 5365 5244 5409 5227 5078 5036 5000 5568 4797 5444 4999 5170 5057 5242 5262 5306 5112 5027 5273 5038 5590 5228 5458 5437 5108 5126 5103 4967 5108 5493 4955 5277 4850 4982 5440 5428 4930 5062 4981 5271 4802 5598 4910 5187 5395 5028 4778 4996 4633 5442 5277 5532 4877 5071 4962 4940 5334 4512 4997 5109 4770 5577 5133 5406 5411 4957 4745 5369 4861 5596 5279 5110 5095 5028 4970 5122 5217 4951 5392 5114 5224 5445 5177 5569 5430 5386 5297 5112 5177 5553 5340 5562 5380 5192 5247 5284 5494 4782 5390 4923 5541 4759 5040 5064 5352 5290 5216 5229 4940 5808 5244 5065 5285 5342 5443 5588 5023 5410 5557 5140 4650 5145 5360 5015 5129 5303 5028 5121 4860 5452 5088 5115 4976 5186 5159 5204 4924 4837 5543 4796 5229 5153 5472 5156 4799 4933 5425 4736 5617 5111 5212 5128 5659 4938 5135 5592 4959 5306 5924 5283 5311 5555 5413 5138 5641 4939 5156 5089 5293 5238 4785 5094 5342 5511 4940 5194 4866 4873 5050 5653 
4925 4579 5055 5054 4759 5130 4844 5037 5147 4784 5095 4680 4806 4812 5309 4962 4647 5132 5386 4844 4953 5156 4997 4380 5525 5116 4882 4964 4760 5016 5157 4516 5043 5069 4973 4429 4851 5225 5032 4254 5042 4723 5330 4530 5016 4876 5066 5475 4740 4983 4495 4860 4975 5186 4747 5121 4673 4907 4564 5298 5131 5146 5143 5328 4935 4906 4971 4588 4720 4649 5005 5070 5061 4938 4910 4747 4738 5201 4651 5132 4653 5061 4943 5282 5094 4728 5009 4651 4793 4873 5298 4881 5220 4940 5147 4850 4736 4764 4571 5134 4786 4851 4493 4670 4935 4978 4869 4965 4791 5105 4516 5303 4919 4997 4866 4935 4578 4769 4527 5140 5025 5094 4846 4795 4973 4879 5069 4655 4682 5037 4695 5014 4996 4849 5106 4823 4647 5118 4557 5084 4756 5125 4612 4794 4807 4705 5054 4666 4982 4555 4688 5041 4909 4860 5134 5093 4755 4905 4519 5154 5375 5306 4990 5099 4759 5190 4849 4517 4833 4646 4986 4533 5048 4797 5136 4913 4859 4965 4520 5260 4953 4889 5140 5126 5008 5414 4881 4850 5125 4992 4592 4848 4946 4653 4753 4950 4561 4836 4787 5020 5002 5208 4642 4759 4754 4951 4943 4883 5450 4946 4813 4884 4876 4711 4813 4879 4934 4761 5385 5178 5108 5130 5148 4896 5180 5073 4993 4940 5362 5102 5111 5097 5442 4770 5472 4761 4783 4732 5249 5080 4529 4788 4930 4923 4840 4912 4757 4881 5078 5392 
5093 4526 5002 4993 4749 5227 4676 5202 5133 4667 4983 4584 5060 4635 5153 5220 4684 4986 5416 4742 4881 4858 4632 4315 5274 5105 5017 4956 4879 4880 4935 4367 4893 4915 4668 4290 4614 5030 4908 4310 5046 4976 4951 4615 4829 5256 4903 5122 4835 5063 4594 4999 4943 4955 4652 5287 4868 4475 4668 5190 5122 4882 4989 5203 4922 5112 4705 4696 5063 4819 4670 5162 5139 5016 5252 4886 4810 5562 4650 5313 4841 4622 4744 4817 4685 4867 4956 4783 4782 4633 5090 5040 5423 5437 4946 4855 4981 4731 4695 5405 4675 4876 4658 4673 4650 5024 4963 4910 4740 5062 4655 5366 4985 5091 4878 4681 4579 4663 4559 4970 4827 5078 4750 4763 4911 4892 5035 4225 4962 5075 4725 5081 5165 4883 4898 4759 4870 5188 4642 5528 4770 5237 4454 4858 5078 4894 4870 4445 5392 4594 4553 4946 4858 5085 5063 4999 4780 4877 4891 5412 5219 5078 4997 5067 5015 5095 4936 4578 5011 5012 4935 4629 5050 4905 5019 5224 4918 5124 4796 5268 4593 4742 5218 5238 5221 5454 4702 4453 5139 5040 4300 4454 4893 5036 4787 4950 4888 5061 4511 4791 5064 4975 4600 4792 5027 5079 4999 4703 5349 4477 5095 4948 5160 4789 4850 4747 4899 4233 5080 5335 4837 5151 5202 4562 4893 5160 4797 5111 5350 5057 5220 5092 5238 5055 5396 4881 4907 4897 5139 5113 4558 4777 5161 5051 4619 4929 4406 4580 4921 5439 
4868 4425 5111 4779 4786 4943 4245 4910 5007 4881 4864 4721 4817 4597 4964 4792 4736 4765 5120 4571 4748 4789 4860 4190 5110 4914 4731 4440 4693 4864 4711 4545 5095 4934 4707 4484 4553 5300 4986 4309 5070 4694 5234 4650 5082 4916 4989 4933 4890 4914 4680 4931 4766 4873 4365 5194 4546 4606 4647 5116 5028 4934 4902 5148 4832 4820 4847 4668 4840 4580 5034 5107 5008 5012 4776 4653 4926 5325 4661 5211 4659 4956 4536 4909 4629 4775 5077 4436 4766 4800 5097 4674 5101 4740 4884 5101 4662 4642 4652 5103 4601 4925 4610 4459 4921 4928 4770 4786 4576 5052 4453 5019 4958 4886 4865 4907 4513 4789 4264 5202 4940 5191 4720 4762 4812 4667 4646 4524 4804 4764 4384 4918 4995 4940 4853 4396 4932 5002 4541 5103 5020 5071 4595 4865 4787 4787 4900 4676 4910 4692 4556 4860 4552 4743 4906 5115 4746 5016 4666 5075 5153 5201 4749 5034 4876 4576 5098 4423 4878 4911 4735 4598 4430 4654 4849 4857 4907 4952 4853 5383 5019 4701 4995 4922 4884 5165 4668 5002 5212 4743 4226 4763 4891 4943 4425 4853 4500 4834 4735 4828 4658 5042 4479 4722 4815 4556 4782 4530 4977 4680 4853 4983 4718 4539 4761 4809 4928 4699 5057 5332 4656 4781 5046 4849 4940 5125 4629 4731 5174 4829 5086 5023 5061 5083 5250 4611 4841 4850 5008 4766 4297 4614 4925 5071 4805 4759 4628 4498 4600 5414 
4959 4803 5295 5175 4990 5422 4736 5341 5352 5171 5013 4883 5115 4784 5360 5292 5099 4767 5296 5023 4801 4944 5047 4467 5425 5260 5287 4911 4909 5038 5201 4741 5264 5469 4839 4710 4946 5507 5209 4623 5259 4908 5216 4839 5170 5036 4982 5293 4947 5163 4828 5020 5117 5064 4752 5275 4777 5040 5017 5370 5254 5292 5116 5360 4882 4980 5061 4855 5172 4831 5204 5359 5114 5161 4844 4875 5071 5444 4984 5231 5109 5081 4808 5301 5118 5162 5262 4787 4935 4884 5326 4879 5325 5123 5122 5082 5054 4923 4893 5570 4801 5018 5083 4793 4920 5027 5004 4809 4803 5331 4671 5776 4959 5330 5116 4924 4811 4892 4739 5233 5120 5342 4913 4898 5181 5087 5197 4461 4777 5055 4790 5409 5315 5109 5153 4925 5130 5490 4613 5539 5183 5263 4593 4783 5016 5108 5107 4805 5458 4753 4854 5069 4794 5241 5125 5373 4962 5150 4851 5415 5424 5327 5073 5390 5220 5144 5192 4544 5002 4901 5133 4833 4976 5059 5120 5205 5193 5248 4861 5397 5053 4973 5278 5201 5202 5518 4957 5285 5336 5119 4518 4921 4890 5020 4688 4920 4785 5400 4762 5247 4997 5078 4888 4839 4879 5115 5128 4824 5626 5072 5075 5194 5080 4845 4906 5204 5420 4675 5551 5359 5347 4982 5405 4759 5180 5410 5021 5062 5387 5316 5232 5519 5495 5052 5542 4608 5148 4984 5274 5247 4655 5000 5162 5222 5116 5181 4882 4737 5088 5492 
5528 4988 5626 5370 5206 5485 4856 5521 5461 5480 5188 5443 5502 5166 5411 5434 5229 5502 5797 5251 5259 5602 5229 4972 5732 5512 5505 5132 5232 5171 5361 5218 5620 5523 5214 5089 5251 5700 5506 4829 5503 5017 5489 5183 5449 5412 5431 5527 5274 5590 4892 5398 5680 5661 5119 5686 5018 5172 5181 5587 5639 5535 5583 5823 5365 5514 5678 5247 5365 5391 5590 5564 5522 5702 5178 5355 5392 5558 4943 5671 5469 5383 5311 5499 5177 5297 5451 5302 5169 5390 5448 5207 5508 5490 5444 5683 5566 5213 5560 5720 5374 5353 5169 4895 5588 5470 5504 5377 5185 5570 5177 5571 5504 5649 5088 5364 5292 5181 5186 5665 5337 5801 5302 5403 5259 5266 5407 4937 5500 5324 5096 5514 5355 5221 5241 5043 5327 5535 5250 5851 5231 5608 5286 5501 5096 5329 5541 5349 5594 5087 5084 5584 5442 5653 5609 5840 5120 5497 5199 5588 5528 5757 5397 5655 5314 5505 5595 4969 5470 5279 5339 5018 5322 4983 5389 5512 5248 5559 5228 5959 5199 5062 5637 5365 5583 5657 5134 5430 5489 5343 4705 4873 5451 5423 5185 5539 4960 5331 5164 5478 5455 5696 5191 5129 5244 5317 5253 4998 5869 4941 5305 5604 5290 5107 5397 5426 5369 5303 5773 5493 5439 5264 5528 5094 5427 5665 5199 5416 5665 5585 5746 5472 5663 5329 5901 5142 5243 5231 5388 5258 5184 5070 5677 5468 5324 5373 5152 5425 5325 6039 
4546 4081 4678 4535 4312 4404 4435 4577 4506 4565 5023 4356 4515 4384 4724 4204 4412 4540 4760 4375 4345 4464 4610 3890 4765 4639 4820 4355 4506 4622 4607 4001 4726 4714 4322 3898 4264 4771 4712 3830 4610 4502 4415 4232 4400 4524 4539 4737 4374 4610 3988 4576 4506 4471 4070 4517 4188 4360 4099 4627 4745 4606 4629 4219 4515 4490 4616 4261 4532 4397 4385 4559 4712 4378 4434 4188 4243 4775 4291 4712 4563 4216 4508 4285 4260 4483 4577 4422 4348 4379 4634 4568 4636 4490 4450 4399 4583 4251 4282 4842 4521 4266 4281 4383 4604 4344 4524 4512 4383 4940 4452 4648 4356 4652 4240 4240 4010 4399 4214 4677 4444 4732 4334 4647 4364 4614 4376 3957 4497 4426 4137 4785 4489 4486 4606 4336 4490 4792 4165 4680 4805 4549 4346 4484 4260 4484 4330 4312 4783 4218 4302 4322 4604 4587 4648 4544 4243 4594 4279 4569 4627 4616 4558 4692 4353 4706 4545 3927 4524 4510 4220 4169 4601 4028 4607 4777 4749 4263 4315 4802 4471 4382 4762 4690 4895 4811 4484 4741 4685 4465 4059 4020 4626 4539 4208 4529 4340 4434 4254 4561 4657 4626 4359 4356 4273 4538 4830 4223 4938 4398 4850 4607 4601 3992 4372 4452 4439 4194 4596 4772 4665 4757 4736 4361 4363 4755 4391 4694 4978 4800 4795 4750 4880 4398 4906 4060 4671 4466 4511 4271 4480 4291 4504 4413 4335 4748 4307 3944 4308 4762 
5494 4924 5387 5277 5062 5145 4717 5334 5229 5212 5242 4913 5301 5082 5362 5214 5101 5338 5392 5022 4923 5176 5338 4760 5533 5405 5192 4961 5152 5376 5196 5085 5478 4982 5180 4671 4826 5541 5270 4632 5243 4871 5103 5065 5224 5324 5482 5339 5096 5329 4701 5302 5473 5443 4933 5581 4801 5199 5014 5633 5533 5480 5394 5369 5259 5302 5242 4942 5276 5229 5035 5421 5014 5300 5402 5041 5112 5867 4823 5459 5212 5196 5063 5100 4911 5172 5163 4882 5273 5190 5526 4964 5575 5405 5222 5470 5302 4824 4977 5357 5186 5175 4957 5145 5259 5300 5331 5334 5055 5492 4845 5566 5323 5633 5308 4918 5025 5296 4903 5584 5235 5605 5043 5474 4757 5122 5344 4803 4976 5218 4750 5231 5235 5106 5185 4750 5029 5492 4887 5684 5080 5161 4608 5289 5327 5214 5414 5047 5589 5131 4952 5416 5268 5279 5388 5374 5091 5249 5025 5439 5070 5577 5369 5280 5318 5239 5293 4340 5289 5228 5220 4998 5184 4825 5236 5408 5011 5394 5095 5598 4982 4975 5251 5354 5344 5559 4981 5309 5620 5213 4854 4773 5239 5295 5135 5299 4874 5267 4813 5526 5160 5422 5127 4878 5307 5442 5149 4879 5705 4680 5305 5183 5280 4703 5365 5420 5370 4753 5752 5386 5334 5214 5678 4895 5173 5635 5001 5330 5590 5431 5211 5508 5758 5112 5840 4989 5256 5090 5157 4971 4780 5050 5342 5485 5030 5089 5023 4878 5099 5691 
5455 4737 5485 5126 5204 5418 4985 5378 5491 4949 5581 5125 5231 5114 5664 5380 5017 5445 5597 5276 5231 5234 5202 4861 5515 5335 5280 4959 5441 5257 5391 4629 5475 5237 5133 4815 5060 5411 5530 4795 5394 5138 5366 5233 5106 5324 5539 5642 5146 5205 4767 5583 5277 5406 5023 5404 5076 5140 4899 5297 5405 5308 5402 5290 5377 5358 5238 4947 5546 5108 5301 5393 5361 5219 5195 5185 5189 5360 5151 5834 5207 5114 5410 5533 5006 5377 5200 5141 5256 5124 5193 5327 5324 5491 5204 5210 5004 4832 5096 5685 5054 5617 5109 4972 5252 5346 5159 5141 5139 5501 4935 5600 5425 5476 5192 5288 4906 5013 4895 5655 5268 5475 5020 5160 4963 5248 5144 4769 5043 5335 5083 5556 5317 5259 5418 5156 5028 5386 5080 5626 5486 5513 4870 5146 5019 5276 5283 5051 5188 5116 5098 5432 5438 5461 5668 5525 5346 5374 5229 5805 5612 5679 5276 5453 5077 5375 5219 4484 5430 5344 5101 5006 5202 4615 5381 5336 5321 5468 5107 5615 5302 5093 5315 5327 5711 5345 4756 5211 5311 5291 4647 5229 5236 5244 4836 5421 4815 5326 5295 5427 5428 5570 4954 5013 5161 5371 5128 5124 5565 4983 5386 5297 5473 4969 5052 5080 5309 4821 5532 5515 5263 5326 5615 5197 5159 5496 5177 5224 5893 5447 5474 5603 5783 5383 5769 4863 5383 4973 5214 5256 5068 4976 5401 5284 5188 5409 5091 4848 5215 5736 
5355 4545 5150 5072 4754 5087 4705 5067 4995 4951 5038 4561 4713 4759 4962 4952 4995 5094 5235 4920 4920 4812 5133 4411 5554 5223 5032 4865 4956 4998 4912 4636 5024 5026 4703 4432 4597 5072 5374 4489 5250 4933 4949 4580 4630 5079 5235 5027 5094 4964 4501 5124 4683 4981 4795 5198 4535 4615 4688 5026 5215 4984 5030 5050 4966 4927 4842 4579 4997 4686 5012 4981 5001 4805 4862 4763 4753 5272 4556 5261 4721 5094 4814 4936 4639 4768 5152 4622 4880 4909 5272 4658 4989 4942 4829 5072 4877 4539 4798 5020 4678 5019 4624 4722 5079 5035 4494 4907 4780 5292 4673 5225 5043 5161 4927 4911 4325 4847 4620 5007 4860 5333 4882 4759 4982 4784 4903 4517 4885 5016 4666 5060 5002 4937 5086 4767 4643 5223 4513 5017 4739 5085 4733 4993 4840 4713 4978 4650 5240 4664 4481 5129 4921 4838 4872 5265 4904 4961 4791 5138 5168 5376 4944 4920 4879 4928 4804 4278 5112 5074 5044 4482 4949 4547 5006 5187 4784 4941 4826 5247 4764 4566 5060 5027 5304 5237 4828 4773 5047 4818 4469 4824 5082 4773 4795 4986 4707 4640 4642 5203 5089 5346 4736 4574 4851 4773 4730 4665 5250 4790 4725 4755 4832 4734 4785 4829 5011 4670 5216 5210 4939 4944 5300 4764 4895 5307 4709 5045 5186 5118 5109 5254 5434 4882 5745 4634 4887 4736 4744 4913 4589 4630 5166 5014 4911 4995 4638 4699 5043 5571 
5060 4725 5311 5117 4925 5303 4729 5129 5406 4775 5044 4725 5239 4794 5119 5054 4689 5160 5376 4588 4762 4861 4969 4525 5334 5229 4788 4951 5028 4794 5080 4367 5192 4920 4850 4630 4556 5385 5245 4327 5171 4832 4829 4658 5028 5104 5195 5299 5012 5054 4449 5017 4999 5155 4696 5137 4878 4860 4719 5051 4984 5267 5177 5170 5138 4897 4931 4405 5061 4983 4855 5158 4864 4922 5025 4480 4635 5528 4648 5453 4819 5178 4865 5137 4715 4946 5284 4658 5056 4906 5161 5007 5354 5083 4980 5144 4839 4573 4474 4954 4834 5114 4783 4349 5154 5063 4850 4826 4878 5222 4724 5349 4960 5108 4869 4865 4494 4752 4651 5242 4892 5447 5078 4934 4762 4834 4938 4546 4985 5201 4769 4925 5059 4928 4927 4624 4595 5386 4821 5454 4872 5331 4608 5302 4898 5028 5274 4701 5371 4774 4938 5121 4744 4916 5072 5211 4644 5022 4768 5233 5166 5622 5081 5285 5193 5035 5011 4387 4854 5177 5043 4694 4715 4665 5146 5153 4725 5044 4523 5511 4930 4750 5217 5166 5160 5356 4450 5154 5107 5122 4436 4817 5156 4803 4953 5152 4599 5059 4726 5249 4905 5131 4773 5109 4719 5108 4942 4608 5348 4667 4878 4827 4759 4810 4952 4984 5087 4724 5087 5146 4780 5000 5097 4722 4853 5276 4859 4942 5448 5056 5058 5291 5465 5040 5698 4778 4898 4906 5175 4903 4483 4656 4999 5232 4644 4880 4798 4928 5043 5392 
5084 4751 5460 5257 4971 5423 4752 5194 5208 5109 5239 4827 5391 5108 5596 5053 4825 5057 5520 4884 5029 5004 5128 4420 5478 5381 5122 4901 5107 5021 5074 4662 5295 5169 4818 4572 4613 5396 5092 4446 5023 4836 5123 5054 4931 5412 4985 5179 4821 4974 4465 5140 5138 5342 4816 5188 4798 4609 4934 5330 5329 5182 5139 5400 5070 5227 5180 4732 5283 4971 5023 5343 5255 5212 5175 5057 4833 5471 5002 5460 5205 5153 4888 5107 4780 4825 5351 5049 5071 5176 5110 4974 5394 5419 5141 5205 5308 4876 4859 5254 4987 5134 5106 4686 5208 5242 5226 4799 4818 5252 4976 5591 5310 5410 4789 4836 4758 4881 4840 5224 4867 5424 4809 4970 5165 5175 5008 4874 4818 4797 4836 5494 5370 5012 5138 4827 5118 5528 4501 5360 5360 5514 4794 5258 5110 5284 5505 4607 5295 5217 4714 5158 4979 5102 5237 5347 4999 5077 4860 5554 5160 5258 5363 5413 4960 4724 5117 4476 5089 5167 4843 4791 5012 4732 5386 5396 5048 5142 5129 5592 4808 4877 5205 5232 5335 5593 4781 5162 5361 5016 4701 4858 5126 4951 4891 5137 4761 5064 4917 5250 5376 5080 4975 5116 5212 5062 4996 4926 5664 4714 5173 5020 5172 4867 5045 5244 5190 4634 5391 5302 4887 4752 5380 5102 4950 5614 4965 5359 5357 5251 5293 5596 5471 5292 5744 4815 5232 5038 5235 5123 4554 4787 5151 5333 5069 4999 5053 5006 5047 5593 
5436 4858 5574 5351 5004 5513 4906 5394 5285 5067 5183 5103 5324 5128 5642 5101 5004 5438 5214 5207 5287 5214 5472 4469 5695 5416 5184 5265 5043 5110 5512 4907 5444 5337 5231 4812 5118 5552 5317 4678 5480 4791 5433 4983 5013 5440 5475 5328 5394 5497 4678 5307 5245 5565 4892 5356 5042 5055 5247 5401 5318 5311 5569 5591 5115 5391 5303 4939 5320 4835 5297 5881 5563 5242 5214 5018 5020 5755 4833 5769 5234 5740 5130 5367 5021 5271 5332 5017 5132 5159 5488 5164 5480 5478 5313 5450 5075 4925 5044 5594 5099 5495 4639 4934 5264 5525 5190 5187 4657 5362 5133 5513 5239 5613 4938 5052 4834 4805 4905 5486 5137 5438 5178 5037 5012 4953 5169 4703 4999 5436 4819 5459 5468 5383 5189 5000 4940 5481 4875 5312 5069 5355 4973 5216 5245 5343 5324 4893 5478 4868 4984 5407 5369 5530 5492 5254 5023 5524 4883 5501 5378 5495 5239 5435 5198 5306 5459 4739 5088 5331 5358 4869 5331 4946 5343 5532 5067 5534 5058 5838 5139 4878 5265 5244 5469 5358 4950 5169 5364 5541 4859 4830 5180 4986 5000 5303 4932 5134 4809 5328 5348 5542 5013 4926 5467 5392 5120 5024 5587 4937 5415 5340 5445 4991 5276 4941 5278 4827 5483 5421 5342 5348 5787 5219 5372 5532 4832 5253 5881 5345 5336 5470 5691 5214 5698 5146 5486 5211 5441 5422 4805 4919 5311 5423 5113 5157 5370 4943 5154 5728 
4944 4267 4953 4981 4706 5014 4808 4888 5292 4805 5112 4840 4826 4860 5032 4585 4869 5048 5203 4565 4964 5152 4993 4227 4949 4871 4991 4599 4682 5011 4832 4608 5032 4607 4713 4424 4513 4782 4992 4293 4894 4825 4991 4700 4754 5116 4906 5194 4829 4826 4163 5088 4824 5097 4652 4885 4403 4514 4499 5339 5057 5060 5225 4697 4840 4877 5118 4575 4863 4668 4755 4962 4986 5152 4970 4531 4664 5046 4914 5139 4870 4983 4767 4730 4704 4926 4897 4764 4714 4874 5231 4730 5229 4943 5102 4945 4788 4461 4761 4967 4632 5033 4245 4531 4871 4834 4770 4639 4762 5321 4411 5072 4813 5101 5056 4795 4485 4804 4635 4950 4862 5348 4715 4860 4774 4951 5015 4442 4618 4423 4679 5162 4985 4828 4921 4574 4647 5104 4617 5059 5167 5089 4630 4818 4993 5019 4778 4560 5148 4596 4389 5046 4880 5162 4846 4961 4940 4976 4649 5097 5148 5029 4835 5082 4591 5080 5131 4494 4917 4681 4831 4539 4756 4502 4894 4804 4958 4836 4515 5196 4694 4454 5036 4966 5049 4992 4468 4927 4958 4734 4298 4655 4951 4671 4443 5023 4397 4904 4613 4881 5086 4916 4483 4578 4783 4934 4885 4848 5244 4448 4855 4803 4826 4653 4855 4869 4832 4586 5177 5196 4931 5057 5251 4617 4889 5141 4819 4893 5242 5189 4941 5165 4940 4694 5437 4497 4979 4856 4868 4650 4724 4452 4752 5159 4661 4923 4654 4397 4845 5377 
5501 4688 5611 5162 5292 5426 4833 5385 5493 5505 5110 4988 5460 5354 5412 5450 5299 5554 5759 5442 5200 5359 5196 4774 5544 5393 5241 5149 5257 5404 5381 4723 5432 5196 5193 4677 5077 5357 5608 4903 5279 5205 5341 5093 5197 5358 5560 5466 5421 5214 4879 5407 5356 5370 4940 5568 5128 5135 4867 5460 5558 5418 5248 5300 5237 5461 5488 4891 5484 4996 5627 5696 5438 5270 5181 5137 5231 5538 4756 5653 5282 5636 5017 5436 5123 5262 5255 5214 5214 5158 5589 5267 5724 5491 5195 5560 5224 4979 5220 5303 5253 5354 4846 4904 5389 5353 4992 5429 5252 5684 4704 5697 5363 5519 5278 5096 4685 5167 4951 5553 5047 5691 5188 5201 5266 5279 5320 4875 5162 5324 5020 5381 5598 5265 5078 5173 5042 5274 4906 5517 5384 5605 4943 5298 5458 5313 5362 5016 5652 4805 5183 5333 5210 5312 5511 5401 5150 5518 5217 5507 5432 5745 5426 5572 5351 5341 5391 4620 5506 5360 5078 5134 5219 5003 5362 5481 5336 5489 4780 5582 5435 5248 5273 5403 5517 5510 4824 5156 5293 5512 4766 5222 5103 5161 5175 5261 5134 5406 5184 5406 5419 5343 4928 5164 5162 5237 5215 5102 6120 5062 5118 5149 5046 4741 5082 5441 5180 5002 5489 5390 5563 5307 5552 5163 5264 5814 5342 5323 5822 5337 5434 5621 5684 5323 5861 5053 5270 5229 5523 5224 4968 4858 5431 5340 5348 5560 4837 4882 5407 5893 

Execution Time (Blocked GEMM): 0.070000 seconds
